Student_ID,Age,Gender,Study_Hours_per_Week,Attendance_Rate,Previous_Score,Assignment_Performance,Sleep_Hours_per_Night,Motivation_Level,Parental_Involvement,Internet_Access,Tutoring,Extracurricular_Activities,Family_Income,Distance_from_School,Learning_Difficulties,Academic_Support,Exam_Score
STU00001,21,Male,0.0,74.8,58.8,58.2,8.5,High,Medium,Yes,Yes,Yes,Medium,Moderate,No,No,65.9
STU00002,18,Male,0.0,83.0,53.5,43.7,8.4,High,Medium,Yes,No,No,High,Moderate,No,No,54.7
STU00003,19,Female,15.7,94.3,69.6,77.1,4.9,Medium,High,Yes,No,Yes,Low,Far,No,No,70.3
STU00004,21,Other,17.0,94.8,62.1,53.7,8.3,Medium,Low,No,Yes,No,High,Near,No,No,64.6
STU00005,17,Male,13.4,96.7,49.4,61.9,6.7,Medium,High,Yes,No,No,Low,Moderate,No,No,63.6
STU00006,19,Female,5.0,84.0,69.4,64.4,7.4,Medium,Medium,No,No,Yes,High,Moderate,No,Yes,59.8
STU00007,19,Male,11.8,81.7,81.4,84.4,6.4,Low,High,Yes,No,Yes,Low,Moderate,No,Yes,63.0
STU00008,21,Female,26.6,92.4,59.7,94.0,5.4,High,Medium,Yes,No,No,Medium,Far,Yes,No,72.5
STU00009,16,Female,12.1,96.7,61.4,63.7,5.0,Low,Low,Yes,Yes,No,Low,Moderate,No,No,58.5
STU00010,17,Female,11.0,85.8,58.5,74.0,6.1,High,High,No,No,No,High,Near,No,No,75.9
STU00011,21,Other,24.9,100.0,55.5,80.3,7.7,Medium,High,Yes,No,No,Medium,Near,No,No,71.2
STU00012,17,Male,13.3,92.1,59.1,77.0,7.4,High,Low,Yes,No,No,Low,Near,No,No,69.7
STU00013,17,Female,20.4,79.3,54.1,84.4,7.3,Medium,High,Yes,No,No,Medium,Moderate,No,No,66.4
STU00014,19,Female,18.7,80.5,57.5,96.0,8.2,Medium,Medium,Yes,Yes,Yes,Medium,Near,No,Yes,73.3
STU00015,18,Male,7.9,84.6,60.9,67.7,6.9,Medium,High,Yes,No,No,Medium,Near,No,No,67.5
STU00016,17,Female,7.1,69.3,65.4,53.7,,Low,Medium,Yes,No,No,High,Moderate,No,No,52.0
STU00017,20,Male,4.2,79.5,55.9,58.2,7.6,High,Low,Yes,Yes,No,Medium,Far,Yes,Yes,58.5
STU00018,19,Female,6.9,96.4,51.7,51.0,5.5,High,High,Yes,No,Yes,Low,Far,No,No,51.5
STU00019,16,Male,21.6,98.5,61.5,66.9,5.0,Medium,High,Yes,No,No,Low,Far,No,No,73.6
STU00020,18,Male,8.4,87.9,66.2,58.9,7.5,Medium,Low,No,No,No,Medium,Moderate,No,No,60.9
STU00021,20,Female,13.9,89.5,43.4,68.3,6.7,Medium,Medium,No,No,Yes,Medium,Near,No,No,57.4
STU00022,20,Female,12.7,81.9,74.2,61.7,5.3,Medium,High,Yes,No,No,Medium,Far,No,No,66.3
STU00023,16,Male,18.0,78.6,45.0,55.4,6.8,High,Medium,Yes,No,Yes,Low,Near,Yes,No,51.2
STU00024,18,Male,4.1,90.7,73.8,40.7,6.2,Medium,High,Yes,No,Yes,Medium,Moderate,No,No,57.8
STU00025,19,Female,23.8,80.6,47.1,83.3,6.3,High,Medium,Yes,Yes,No,High,Moderate,No,No,75.2
STU00026,15,Male,26.5,100.0,57.7,68.5,9.0,Medium,Medium,Yes,No,No,Low,Far,No,No,65.5
STU00027,18,Male,14.8,89.1,61.9,75.0,8.1,Medium,High,Yes,No,No,Medium,Moderate,No,No,66.4
STU00028,16,Female,0.0,89.5,41.8,65.4,8.6,Medium,Medium,Yes,No,No,Medium,Near,No,No,48.5
STU00029,20,Female,8.1,74.4,64.1,55.5,9.6,Medium,High,Yes,No,No,Medium,Moderate,No,No,46.3
STU00030,19,Male,17.5,61.8,68.1,68.4,7.2,Medium,Medium,Yes,Yes,Yes,Medium,Near,Yes,No,64.6
STU00031,18,Female,18.0,89.5,61.3,79.5,7.4,Medium,Medium,Yes,No,Yes,Medium,Far,No,No,67.3
STU00032,15,Female,12.9,80.0,61.3,62.8,7.5,Medium,Medium,Yes,No,No,High,Moderate,Yes,Yes,69.5
STU00033,15,Female,23.8,94.8,48.2,70.3,8.7,High,High,No,No,No,Low,Moderate,No,No,70.6
STU00034,17,Female,10.4,75.9,71.7,59.1,8.6,Medium,Low,Yes,No,No,Medium,Far,No,Yes,63.1
STU00035,17,Male,22.9,79.7,67.4,74.2,6.1,Medium,Medium,Yes,Yes,No,Low,Moderate,No,No,61.8
STU00036,21,Male,15.0,96.2,47.5,75.2,5.3,High,High,Yes,Yes,No,Medium,Near,No,Yes,74.0
STU00037,16,Male,10.5,89.4,58.1,55.0,5.4,High,Medium,Yes,No,No,Medium,Near,No,No,62.9
STU00038,18,Female,20.9,75.0,41.0,84.0,7.1,Medium,High,Yes,Yes,No,Medium,Moderate,No,No,60.7
STU00039,18,Male,14.6,85.3,61.2,76.1,5.2,Medium,Medium,Yes,Yes,Yes,Low,Far,No,No,70.0
STU00040,21,Female,22.1,100.0,65.9,67.2,7.5,Medium,Medium,Yes,No,No,Medium,Moderate,No,No,62.6
STU00041,20,Male,38.3,86.4,58.1,100.0,4.0,Low,Medium,No,Yes,Yes,Medium,Far,No,No,72.3
STU00042,20,Male,,83.5,69.6,37.3,9.8,Medium,Low,Yes,No,No,Medium,Near,No,No,61.9
STU00043,21,Female,22.0,94.0,67.2,68.0,4.9,Medium,Medium,No,Yes,No,Medium,Near,No,No,73.3
STU00044,20,Male,20.1,88.5,55.4,60.5,6.0,Low,High,Yes,No,Yes,Medium,Near,No,No,58.6
STU00045,17,Male,29.2,99.4,84.0,98.0,6.1,Low,High,Yes,No,Yes,High,Moderate,No,No,86.5
STU00046,18,Female,22.3,92.6,75.7,81.5,9.2,High,,Yes,No,No,Medium,Near,No,No,82.0
STU00047,21,Male,27.6,94.1,59.9,80.2,7.0,High,Medium,Yes,Yes,Yes,Medium,Near,No,No,90.8
STU00048,18,Female,7.1,99.9,62.6,66.6,5.4,Medium,Low,Yes,No,Yes,High,Moderate,No,No,55.0
STU00049,15,Female,4.8,82.0,61.4,55.4,6.9,Medium,Medium,Yes,No,No,Low,Moderate,No,No,56.6
STU00050,17,Male,7.5,79.0,49.0,82.2,7.1,Low,Medium,No,Yes,Yes,Low,Moderate,No,Yes,51.7
STU00051,19,Female,13.7,71.5,72.6,78.3,,Medium,Low,No,Yes,Yes,Medium,Moderate,No,No,70.4
STU00052,17,Female,26.1,82.9,53.2,96.4,5.4,High,High,Yes,No,Yes,Medium,Moderate,No,No,67.5
STU00053,21,Male,27.8,71.9,52.0,72.7,8.3,High,Medium,Yes,No,No,High,Moderate,No,No,74.7
STU00054,19,Male,,88.7,39.2,84.7,7.2,Medium,Medium,Yes,No,No,High,Far,No,Yes,58.3
STU00055,15,Male,14.1,78.9,58.0,60.5,9.2,Medium,Medium,Yes,No,Yes,Medium,Near,No,Yes,62.7
STU00056,21,Female,5.6,94.6,68.1,39.9,6.7,Medium,Low,Yes,No,Yes,Medium,Near,No,Yes,56.5
STU00057,16,Male,15.6,92.8,74.4,64.1,6.9,High,High,Yes,No,Yes,Medium,Near,No,No,68.3
STU00058,18,Female,13.4,81.1,54.5,76.0,6.8,High,High,Yes,No,Yes,Medium,Near,No,No,61.0
STU00059,15,Female,13.4,94.8,73.6,64.4,8.9,Medium,Medium,Yes,No,No,Medium,Far,No,No,65.8
STU00060,18,Female,24.4,86.5,65.8,81.2,8.0,Medium,High,No,No,Yes,Medium,Near,No,No,75.4
STU00061,20,Male,18.2,67.3,56.4,62.2,5.9,Low,Low,Yes,No,No,Medium,Far,No,No,51.4
STU00062,16,Male,4.5,75.1,47.4,56.8,10.0,Medium,High,No,Yes,Yes,Low,Near,No,No,48.7
STU00063,16,Female,0.0,77.8,62.9,54.6,6.0,Medium,Medium,Yes,No,No,Medium,Far,No,No,48.2
STU00064,15,Male,19.4,85.1,41.8,72.7,6.2,Low,High,Yes,No,No,Low,Moderate,Yes,No,49.6
STU00065,16,Male,16.9,80.7,62.2,69.2,8.4,Medium,Medium,Yes,No,Yes,High,Moderate,No,No,71.0
STU00066,19,Male,18.0,79.7,67.3,71.9,6.8,Medium,Medium,Yes,Yes,Yes,Low,Moderate,No,No,72.3
STU00067,16,Male,16.9,90.8,69.4,70.3,5.4,High,Low,Yes,No,Yes,High,Near,No,No,74.8
STU00068,18,Female,5.8,92.9,57.9,70.3,8.8,Medium,Medium,Yes,No,Yes,Medium,Moderate,No,No,58.3
STU00069,18,Male,13.5,78.8,70.1,77.7,10.0,High,Medium,Yes,Yes,No,Medium,Near,Yes,No,65.5
STU00070,21,Male,12.6,76.5,38.0,78.9,5.5,Medium,Medium,Yes,No,Yes,Medium,Moderate,No,Yes,54.6
STU00071,18,Male,14.3,97.6,70.0,63.4,8.8,High,Medium,No,No,Yes,Medium,Moderate,No,Yes,71.1
STU00072,21,Female,22.0,100.0,67.6,63.9,6.3,Medium,High,Yes,No,Yes,Medium,Near,No,Yes,76.3
STU00073,18,Female,10.4,75.6,67.3,56.6,4.0,Low,Low,No,No,No,Medium,Far,No,No,41.8
STU00074,19,Male,5.8,93.9,69.3,51.7,8.0,Medium,High,No,No,No,Medium,Near,No,No,59.3
STU00075,21,Female,25.7,83.6,64.9,66.9,4.2,Medium,High,Yes,Yes,Yes,Medium,Moderate,Yes,No,68.1
STU00076,17,Female,9.2,91.8,53.3,63.7,5.9,Medium,Medium,Yes,No,No,Medium,Far,No,Yes,57.6
STU00077,20,Female,24.2,75.5,62.0,84.2,6.6,Medium,Low,Yes,No,No,Low,Moderate,No,No,65.9
STU00078,15,Female,32.2,72.5,60.2,76.5,7.0,Medium,Medium,Yes,No,No,Medium,Moderate,No,Yes,72.6
STU00079,18,Male,27.1,73.8,67.4,69.5,8.6,High,Medium,Yes,Yes,Yes,High,Moderate,No,Yes,85.4
STU00080,16,Male,20.3,79.4,66.8,70.1,6.1,High,Medium,Yes,Yes,No,Low,Far,Yes,Yes,74.9
STU00081,18,Male,13.4,82.7,58.5,78.8,9.1,Medium,Medium,Yes,No,No,Medium,Near,No,No,66.3
STU00082,16,Male,22.3,94.5,66.9,58.2,6.9,High,Medium,Yes,Yes,No,Medium,Moderate,No,No,77.4
STU00083,20,Other,14.8,76.7,57.0,76.4,5.4,Low,Low,Yes,No,No,Medium,Moderate,No,Yes,55.4
STU00084,20,Male,26.3,78.6,71.9,83.7,7.9,Low,High,Yes,Yes,Yes,Low,Near,No,No,79.4
STU00085,20,Male,20.1,100.0,82.2,44.9,9.7,Medium,Medium,Yes,No,No,Medium,Near,No,Yes,64.3
STU00086,16,Female,18.0,85.5,74.8,66.4,6.3,Medium,Medium,Yes,No,Yes,Low,Near,No,No,78.1
STU00087,18,Female,15.4,87.9,64.9,61.6,,Medium,High,Yes,No,No,Low,Moderate,No,No,56.2
STU00088,20,Male,11.0,92.5,61.0,69.2,6.1,High,High,Yes,No,No,Medium,Far,Yes,No,61.2
STU00089,19,Male,15.0,79.8,57.6,62.3,4.4,Medium,Medium,Yes,No,No,Medium,Moderate,No,No,53.8
STU00090,21,Male,17.3,84.8,57.8,66.3,7.5,Medium,Medium,Yes,No,No,High,Moderate,No,No,69.2
STU00091,16,Female,12.9,81.8,26.8,56.7,4.7,Low,Low,Yes,No,No,Low,Near,No,No,37.6
STU00092,16,Male,17.4,84.2,54.1,78.4,8.0,Medium,Medium,No,No,Yes,Medium,Near,No,Yes,64.3
STU00093,18,Male,22.9,93.4,47.4,61.8,6.6,Medium,Low,Yes,No,Yes,Low,Near,No,Yes,61.8
STU00094,16,Female,17.2,91.7,61.9,65.4,8.0,Medium,,Yes,No,No,Medium,Moderate,No,No,65.0
STU00095,16,Male,10.7,62.2,65.2,56.6,6.6,Medium,High,Yes,No,No,High,Near,No,No,60.8
STU00096,20,Female,0.0,95.0,48.4,46.5,7.7,High,Medium,Yes,No,Yes,High,Moderate,No,Yes,61.6
STU00097,18,Female,24.7,81.5,53.7,66.7,5.5,Low,Medium,No,Yes,No,Low,Far,No,No,55.9
STU00098,20,Male,14.1,88.9,45.9,64.5,7.4,Medium,Medium,Yes,No,No,Medium,Moderate,No,No,58.8
STU00099,21,Female,16.6,80.9,59.9,64.7,6.0,High,Low,No,No,Yes,Medium,Moderate,No,Yes,64.1
STU00100,21,Female,19.4,84.5,46.6,64.8,7.9,Medium,Medium,Yes,No,Yes,Low,Moderate,No,No,60.2
STU00101,20,Male,19.4,98.2,44.7,72.3,6.8,High,High,Yes,No,No,Low,Near,No,Yes,66.4
STU00102,21,Female,21.1,88.4,61.1,79.5,8.7,High,Low,Yes,No,Yes,High,Near,No,No,81.6
STU00103,18,Female,23.1,97.6,46.4,71.3,,Medium,High,No,No,Yes,High,Far,No,Yes,61.6
STU00104,15,Female,21.0,84.5,62.8,64.4,5.9,Low,Low,Yes,No,No,High,Moderate,Yes,No,57.0
STU00105,20,Male,0.0,83.5,48.1,42.2,7.2,Medium,Low,Yes,Yes,No,Medium,Moderate,No,No,49.2
STU00106,19,Other,18.1,85.1,52.7,71.4,10.0,Medium,High,Yes,No,Yes,Medium,Near,No,Yes,64.5
STU00107,19,Male,17.0,72.3,55.5,62.5,8.6,Medium,High,Yes,Yes,Yes,Medium,Moderate,No,No,63.9
STU00108,16,Male,13.0,58.1,58.6,61.2,5.8,Medium,Low,Yes,Yes,No,Low,Near,No,No,56.2
STU00109,21,Male,18.8,77.2,76.2,63.5,7.0,High,Low,Yes,Yes,Yes,Low,Near,No,No,82.0
STU00110,19,Male,15.2,95.3,39.2,61.4,6.0,Low,Low,No,Yes,No,Medium,Near,No,No,55.1
STU00111,16,Female,10.5,99.2,83.8,59.5,5.7,Medium,Medium,No,No,No,Medium,Moderate,No,Yes,63.9
STU00112,15,Male,24.9,65.0,54.0,81.3,7.0,Medium,Medium,No,No,No,High,Near,No,No,62.1
STU00113,18,Male,17.8,97.9,62.0,62.7,6.6,Medium,Medium,Yes,No,Yes,High,Near,No,No,73.5
STU00114,18,Female,16.4,79.1,62.7,61.1,5.4,Medium,Low,No,No,Yes,High,Moderate,No,Yes,54.8
STU00115,18,Male,0.0,70.7,60.3,52.9,6.0,Medium,Low,Yes,Yes,Yes,High,Moderate,No,No,57.3
STU00116,19,Male,32.0,95.6,48.3,98.3,7.1,High,Low,Yes,No,Yes,Low,Moderate,Yes,No,75.1
STU00117,15,Male,0.1,79.9,69.9,32.4,6.1,Medium,Medium,Yes,No,No,Medium,Moderate,No,Yes,55.1
STU00118,19,Male,19.2,100.0,82.2,70.2,7.0,Medium,Medium,Yes,No,No,Medium,Far,No,No,73.3
STU00119,21,Male,20.7,78.3,52.4,75.5,6.0,Medium,Medium,Yes,Yes,No,Low,Near,No,No,63.9
STU00120,19,Female,28.2,82.2,60.4,71.7,7.7,Low,Medium,Yes,Yes,No,High,Near,No,No,69.4
STU00121,15,Male,7.3,75.2,55.7,62.2,6.0,Medium,Medium,Yes,No,Yes,High,Moderate,No,No,55.9
STU00122,15,Male,8.5,86.5,65.7,42.8,8.0,Low,High,Yes,No,Yes,Low,Near,No,No,53.6
STU00123,21,Female,21.4,93.0,58.3,77.1,6.6,High,Medium,Yes,No,No,Low,Moderate,No,No,69.5
STU00124,15,Female,20.2,67.7,61.5,79.2,4.0,Medium,Medium,Yes,Yes,No,Medium,Moderate,No,No,66.3
STU00125,15,Male,28.6,91.6,62.2,88.6,6.6,High,Medium,Yes,Yes,Yes,Medium,Far,No,No,85.0
STU00126,18,Female,23.7,80.9,52.6,72.3,7.8,High,High,Yes,Yes,No,High,Far,Yes,No,66.4
STU00127,21,Male,12.3,76.4,84.3,61.6,6.2,Medium,High,Yes,No,No,Low,Far,No,No,65.5
STU00128,17,Female,14.1,71.0,48.3,75.8,6.7,High,Medium,Yes,Yes,Yes,Low,Near,No,No,67.2
STU00129,17,Female,19.2,94.8,90.7,65.7,7.9,High,Low,No,Yes,No,Low,Far,No,No,87.8
STU00130,15,Male,2.8,87.9,68.6,53.6,9.3,High,High,Yes,No,No,Low,Near,No,No,68.7
STU00131,17,Female,19.5,79.2,61.1,67.3,8.7,Medium,Medium,Yes,Yes,No,Low,Moderate,No,No,66.3
STU00132,17,Male,20.1,92.8,55.8,74.7,7.2,High,High,Yes,No,Yes,High,Moderate,No,No,71.7
STU00133,15,Female,8.5,90.3,53.8,47.0,7.8,High,Medium,Yes,No,No,Medium,Near,No,No,59.0
STU00134,17,Male,13.3,93.7,58.3,57.2,7.1,Low,High,Yes,Yes,No,Medium,Moderate,No,No,58.4
STU00135,19,Female,0.0,100.0,49.6,53.4,4.7,Medium,Medium,Yes,No,No,Low,Near,No,Yes,46.7
STU00136,16,Female,22.4,87.2,52.8,73.9,8.9,Medium,High,Yes,Yes,No,Low,Near,No,No,66.5
STU00137,21,Female,18.3,100.0,79.7,88.3,,Medium,High,No,No,No,High,Far,Yes,No,79.2
STU00138,16,Male,4.5,99.3,63.4,64.9,4.5,Medium,High,Yes,No,No,Medium,Near,No,Yes,53.1
STU00139,15,Female,,92.8,71.0,74.6,6.4,Medium,Medium,Yes,No,No,Medium,Near,No,No,67.6
STU00140,18,Female,11.5,68.1,72.1,63.3,9.3,Low,Low,No,No,Yes,Medium,Moderate,No,No,49.0
STU00141,21,Female,21.8,86.1,61.3,66.9,7.3,Medium,Medium,Yes,Yes,Yes,Medium,Far,No,No,74.7
STU00142,15,Female,19.0,87.5,49.6,52.4,5.5,Medium,Medium,Yes,No,No,Medium,Near,No,Yes,60.4
STU00143,18,Female,8.4,87.2,52.6,57.6,8.8,High,High,Yes,No,No,Medium,Near,No,No,64.3
STU00144,16,Male,10.3,83.9,56.9,56.6,7.2,Medium,Medium,Yes,No,Yes,High,Far,No,No,57.6
STU00145,15,Male,15.4,91.5,69.5,68.1,8.9,Low,Low,Yes,Yes,No,Low,Near,No,No,68.6
STU00146,21,Female,8.6,92.8,67.1,50.6,7.1,Medium,Medium,Yes,No,No,Medium,Near,No,No,59.6
STU00147,21,Male,10.8,68.3,89.6,45.2,4.0,High,Medium,Yes,No,No,Low,Moderate,No,Yes,66.4
STU00148,20,Other,20.5,98.5,56.6,69.0,9.7,Medium,Low,Yes,No,Yes,Medium,Moderate,No,No,63.3
STU00149,19,Female,5.2,70.2,61.8,53.0,5.3,Medium,Low,No,Yes,No,High,Far,No,Yes,56.0
STU00150,17,Female,13.9,80.9,54.1,46.3,6.3,High,Low,Yes,No,Yes,Medium,Near,No,No,61.3
STU00151,18,Male,13.3,76.1,56.5,58.4,8.8,Low,Medium,Yes,No,Yes,Medium,Far,No,No,58.4
STU00152,20,Female,14.7,77.8,51.8,55.6,10.0,Low,Medium,Yes,No,No,High,Far,No,No,44.6
STU00153,17,Female,17.1,95.9,57.9,82.9,6.9,Medium,Low,Yes,Yes,Yes,Medium,Near,No,No,79.9
STU00154,17,Female,19.9,86.2,55.0,73.6,7.5,High,High,Yes,No,No,Low,Near,No,No,67.0
STU00155,15,Female,21.3,91.8,59.4,73.6,5.2,Medium,Low,Yes,Yes,No,Low,Far,No,Yes,66.1
STU00156,17,Male,12.2,91.3,70.0,56.3,6.6,Low,Medium,Yes,No,Yes,Medium,Moderate,No,No,56.9
STU00157,19,Female,13.8,65.8,43.8,71.6,8.6,Medium,Medium,Yes,Yes,Yes,Medium,Moderate,Yes,No,59.6
STU00158,21,Female,17.8,79.4,57.8,59.9,7.5,Medium,High,Yes,Yes,No,Medium,Moderate,No,No,67.2
STU00159,20,Male,16.4,92.5,61.7,88.2,9.6,High,Low,Yes,No,No,Medium,Moderate,No,No,72.3
STU00160,17,Male,19.6,91.6,66.4,90.4,4.9,High,High,Yes,No,No,High,Far,No,No,76.9
STU00161,15,Female,18.6,67.4,77.1,89.5,4.8,High,Medium,Yes,No,Yes,Low,Near,No,Yes,73.0
STU00162,19,Female,8.4,95.3,77.1,62.5,6.0,Medium,Low,Yes,Yes,Yes,Medium,Near,No,Yes,64.1
STU00163,16,Other,30.0,91.2,51.2,82.5,6.0,Medium,Medium,Yes,No,No,Low,Far,No,Yes,68.6
STU00164,21,Female,15.0,75.4,54.3,64.2,8.4,High,High,No,No,No,High,Far,No,No,65.4
STU00165,21,Male,20.6,89.1,68.1,67.6,6.4,Medium,Medium,Yes,No,No,Low,Moderate,No,No,67.1
STU00166,20,Male,19.9,82.7,56.7,77.9,5.2,Medium,Medium,Yes,No,No,Medium,Far,No,No,68.5
STU00167,21,Male,17.2,89.9,62.0,63.0,7.6,Medium,Medium,Yes,Yes,No,Low,Moderate,Yes,Yes,64.3
STU00168,17,Male,17.1,67.0,68.3,75.7,,Medium,,Yes,No,No,Medium,Near,No,No,63.8
STU00169,15,Male,22.4,81.5,71.4,69.8,5.4,Medium,High,Yes,No,Yes,High,Far,No,No,68.7
STU00170,21,Male,13.3,96.8,61.1,73.3,8.6,High,High,Yes,No,Yes,Medium,Moderate,Yes,Yes,73.6
STU00171,21,Male,21.2,90.4,64.7,81.5,8.9,Medium,Medium,Yes,No,No,Medium,Near,No,No,67.9
STU00172,16,Female,19.0,92.9,53.8,70.2,8.5,Medium,Low,Yes,No,No,Medium,Near,No,No,70.9
STU00173,16,Male,24.4,82.7,74.0,69.8,5.7,Low,Medium,No,No,No,Medium,Moderate,No,Yes,61.9
STU00174,18,Female,11.0,90.6,65.1,48.3,6.1,High,High,Yes,Yes,No,High,Far,No,No,75.0
STU00175,19,Female,15.7,83.4,69.1,71.0,7.8,High,Medium,No,No,No,Low,Near,No,No,66.0
STU00176,17,Male,8.2,75.8,63.6,50.8,8.1,Medium,Low,Yes,No,Yes,Medium,Near,No,No,52.3
STU00177,21,Male,23.9,82.5,47.9,69.8,6.7,Medium,Medium,Yes,Yes,No,Low,Moderate,No,No,66.0
STU00178,21,Male,9.1,99.5,63.8,58.5,8.8,Low,Medium,Yes,No,No,Low,Far,No,No,50.4
STU00179,15,Male,17.7,96.3,45.6,59.6,4.0,Low,Low,Yes,No,Yes,Medium,Moderate,No,No,60.2
STU00180,18,Female,11.4,75.1,48.0,65.1,6.1,Medium,High,Yes,Yes,No,Medium,Moderate,No,No,58.9
STU00181,19,Male,24.1,80.8,64.4,74.4,10.0,Medium,High,No,Yes,Yes,Medium,Moderate,No,Yes,69.1
STU00182,18,Male,14.5,75.8,58.7,69.2,7.0,Medium,High,No,Yes,Yes,Medium,Near,Yes,No,47.3
STU00183,20,Male,20.2,86.8,58.1,88.9,6.3,Medium,Medium,Yes,No,No,Low,Moderate,No,No,68.7
STU00184,19,Other,6.3,95.0,62.3,56.4,7.7,Medium,Medium,Yes,No,Yes,Low,Near,No,No,62.1
STU00185,21,Female,10.0,100.0,54.1,57.5,5.6,High,Medium,Yes,No,No,Medium,Far,Yes,Yes,58.8
STU00186,21,Female,19.9,70.7,71.0,81.6,4.0,Low,Low,Yes,No,Yes,High,Near,No,Yes,64.1
STU00187,19,Male,25.3,93.6,61.7,87.5,10.0,Medium,Medium,Yes,Yes,No,Low,Moderate,Yes,No,70.2
STU00188,21,Female,19.2,84.9,68.7,62.6,5.7,Low,Low,Yes,No,No,Medium,Near,Yes,Yes,66.1
STU00189,17,Female,34.1,81.3,80.8,100.0,7.3,Medium,Medium,Yes,No,No,Medium,Moderate,No,No,83.6
STU00190,19,Female,,75.6,57.7,67.6,7.3,Medium,Medium,No,No,No,Medium,Near,No,Yes,66.6
STU00191,18,Other,15.1,100.0,41.6,58.8,7.7,Low,Medium,Yes,No,No,High,Near,No,No,59.6
STU00192,19,Male,12.4,68.7,38.5,76.0,5.8,Low,High,Yes,Yes,No,High,Near,No,No,47.6
STU00193,21,Female,29.5,80.1,41.1,96.3,4.0,Medium,Medium,No,Yes,No,Medium,Moderate,No,No,57.8
STU00194,17,Female,21.5,88.7,55.9,72.1,6.0,Low,Low,Yes,Yes,No,Low,Near,No,No,59.2
STU00195,17,Male,10.9,89.5,50.6,67.5,7.0,Medium,Low,Yes,Yes,Yes,High,Moderate,No,No,64.6
STU00196,20,Male,9.7,97.5,54.4,53.2,7.2,Low,Low,Yes,No,No,Medium,Moderate,No,No,48.9
STU00197,18,Other,9.7,76.2,61.2,65.5,9.3,Medium,High,Yes,No,No,Low,Moderate,No,No,57.3
STU00198,16,Male,19.1,91.2,81.6,57.7,6.6,Medium,Low,Yes,No,Yes,Medium,Moderate,No,No,69.1
STU00199,16,Female,2.9,84.4,57.9,63.3,7.3,High,Low,Yes,Yes,Yes,High,Far,No,Yes,70.9
STU00200,19,Other,10.9,85.4,48.4,60.2,5.8,High,,Yes,Yes,No,High,Near,No,No,65.0
STU00201,20,Female,17.4,80.4,57.1,59.4,6.1,Medium,Medium,Yes,No,No,Low,Near,No,No,57.4
STU00202,15,Male,15.2,86.6,58.6,67.9,10.0,High,Medium,Yes,No,No,Medium,Far,No,No,70.7
STU00203,19,Female,11.4,83.6,58.3,49.2,5.9,Medium,Low,Yes,No,No,High,Near,No,No,63.5
STU00204,20,Male,20.6,81.4,71.2,77.7,6.4,Low,Low,Yes,No,Yes,Low,Far,No,Yes,67.8
STU00205,18,Female,20.5,79.7,51.0,75.6,8.6,High,High,Yes,Yes,No,Medium,Near,Yes,No,61.1
STU00206,18,Male,13.3,88.7,77.0,69.2,9.9,Medium,Medium,No,No,No,Medium,Moderate,No,Yes,60.9
STU00207,18,Female,10.7,71.7,65.5,58.2,8.2,Medium,Low,Yes,No,No,Medium,Near,No,Yes,57.1
STU00208,18,Female,21.9,83.1,66.3,61.6,8.2,High,Medium,Yes,Yes,No,Low,Far,No,No,82.8
STU00209,18,Female,13.7,77.3,59.9,60.6,5.1,High,Low,No,Yes,No,Medium,Moderate,No,No,58.8
STU00210,20,Female,15.1,83.8,47.3,52.2,7.8,High,High,Yes,No,Yes,High,Near,No,Yes,66.7
STU00211,20,Female,21.3,83.9,65.5,85.4,6.5,Medium,Medium,No,Yes,No,Medium,Near,No,No,67.6
STU00212,17,Female,6.2,93.7,71.7,47.3,7.7,High,Low,Yes,No,No,Medium,Near,No,No,70.1
STU00213,16,Male,10.9,91.6,51.2,45.9,,Medium,Medium,Yes,No,Yes,Medium,Moderate,No,Yes,51.8
STU00214,21,Female,12.9,87.9,65.3,66.4,6.1,High,Low,Yes,Yes,No,Low,Near,Yes,No,67.3
STU00215,18,Male,30.3,86.7,72.5,100.0,4.8,Medium,Medium,Yes,No,No,Medium,Near,No,No,76.7
STU00216,15,Female,5.0,83.1,60.8,52.6,6.9,Medium,High,Yes,No,No,Medium,Moderate,No,Yes,53.4
STU00217,21,Male,15.3,82.9,77.4,70.6,7.3,Medium,Medium,Yes,Yes,Yes,High,Moderate,No,No,78.4
STU00218,20,Male,7.9,67.5,60.9,47.4,4.0,Medium,Medium,Yes,Yes,No,Low,Near,No,No,48.1
STU00219,15,Female,33.5,92.3,56.0,90.0,6.1,Medium,Low,Yes,No,Yes,Medium,Near,No,No,72.1
STU00220,15,Male,17.1,87.7,69.3,52.3,6.6,Medium,Medium,Yes,No,No,Medium,Moderate,No,No,63.9
STU00221,15,Male,7.4,97.0,41.2,41.6,7.9,Medium,Low,Yes,No,No,High,Far,No,No,54.2
STU00222,17,Female,1.8,79.5,58.2,63.8,6.1,High,Medium,Yes,No,No,Low,Near,No,No,45.0
STU00223,20,Female,19.9,97.6,51.0,70.5,7.9,Medium,High,No,No,No,Low,Moderate,No,No,62.1
STU00224,15,Female,16.5,83.1,46.3,74.2,7.4,Medium,Low,Yes,Yes,No,Low,Near,No,No,56.2
STU00225,18,Male,20.1,79.3,72.7,93.5,8.3,Medium,High,Yes,No,No,High,Near,No,Yes,79.7
STU00226,19,Female,6.9,100.0,52.5,48.1,6.2,High,Medium,Yes,No,Yes,Low,Moderate,No,No,67.0
STU00227,15,Male,29.9,88.6,72.2,91.1,6.6,High,Low,Yes,Yes,No,Low,Near,No,No,87.6
STU00228,17,Female,15.7,100.0,69.8,57.1,7.9,Medium,Low,Yes,No,Yes,Low,Moderate,Yes,No,62.4
STU00229,21,Female,18.4,86.7,54.7,64.4,5.5,High,Medium,Yes,Yes,No,Medium,Far,No,No,65.6
STU00230,20,Female,20.0,93.1,65.9,80.1,6.9,Low,Medium,Yes,Yes,Yes,Low,Far,No,No,69.2
STU00231,17,Male,15.8,95.3,58.6,64.3,8.5,Medium,Medium,Yes,No,No,Medium,Near,No,No,58.2
STU00232,15,Male,25.4,82.2,50.1,77.0,6.0,Medium,Medium,Yes,No,No,Low,Near,No,No,67.8
STU00233,20,Male,10.8,88.5,57.2,52.5,7.5,Medium,Medium,Yes,No,Yes,Medium,Far,No,Yes,54.5
STU00234,19,Male,23.2,86.5,63.6,72.2,7.0,Medium,,Yes,No,Yes,Medium,Near,No,No,70.3
STU00235,15,Male,25.7,93.3,65.8,76.1,9.2,Medium,Medium,No,Yes,Yes,Medium,Moderate,No,No,81.3
STU00236,17,Female,23.3,74.3,59.8,81.5,7.1,Medium,Medium,Yes,No,Yes,High,Near,No,No,71.4
STU00237,16,Male,26.5,91.0,75.5,81.7,7.8,Medium,Medium,Yes,No,No,High,Near,No,No,82.9
STU00238,18,Female,9.2,94.2,62.0,60.8,6.7,Low,Low,Yes,No,No,Medium,Near,No,No,58.5
STU00239,21,Male,19.0,78.2,78.0,79.0,6.2,High,Low,Yes,Yes,Yes,Medium,Far,Yes,No,81.9
STU00240,17,Female,18.3,76.2,79.9,83.7,7.3,High,High,No,No,No,Medium,Far,No,No,76.5
STU00241,20,Female,15.6,68.4,75.7,44.4,6.1,High,High,Yes,No,Yes,High,Near,No,No,76.1
STU00242,15,Male,20.0,100.0,47.1,91.7,8.6,Medium,High,Yes,No,Yes,Medium,Far,No,No,70.2
STU00243,18,Male,24.7,77.7,77.8,78.4,8.8,Medium,Medium,No,Yes,No,Medium,Near,No,No,79.6
STU00244,15,Female,9.2,99.2,55.7,83.0,7.1,High,Low,Yes,Yes,No,Medium,Near,No,Yes,78.2
STU00245,20,Male,5.3,82.9,40.9,61.1,6.3,High,Medium,Yes,No,Yes,High,Moderate,No,No,58.0
STU00246,15,Female,13.4,96.0,75.0,69.6,7.3,High,Medium,Yes,No,No,Low,Moderate,Yes,No,68.5
STU00247,16,Female,0.0,90.8,66.4,44.8,5.1,Medium,Low,Yes,No,No,Low,Near,No,No,50.3
STU00248,18,Female,14.4,100.0,74.1,61.0,5.9,Medium,Medium,Yes,No,No,Medium,Near,No,No,66.4
STU00249,18,Male,26.4,99.5,58.1,92.9,5.4,Medium,Medium,Yes,No,No,Low,Far,No,No,68.8
STU00250,20,Female,3.6,87.1,64.2,54.8,5.9,Medium,Low,Yes,Yes,Yes,Medium,Far,No,No,58.7
STU00251,21,Female,11.7,88.1,62.5,74.3,6.1,High,Medium,Yes,No,No,Low,Far,No,No,65.9
STU00252,16,Female,5.9,91.8,55.4,49.6,5.1,Medium,Medium,Yes,No,No,Medium,Near,No,No,50.3
STU00253,17,Male,18.2,100.0,59.1,67.1,6.6,Medium,Medium,No,No,No,High,Moderate,No,Yes,63.8
STU00254,15,Female,20.1,85.7,65.0,41.1,6.7,Medium,Low,Yes,No,No,Medium,Near,No,No,65.8
STU00255,19,Female,15.2,72.1,43.1,49.3,7.9,Medium,Medium,Yes,No,No,Medium,Far,No,No,58.4
STU00256,15,Female,9.5,87.4,66.4,63.8,7.2,Medium,High,Yes,No,Yes,Low,Near,No,No,70.0
STU00257,15,Male,16.5,78.6,48.4,54.5,9.1,High,Medium,No,Yes,Yes,Low,Near,No,No,61.5
STU00258,17,Female,24.9,87.1,79.0,87.4,7.9,Medium,High,Yes,No,No,High,Moderate,No,No,78.1
STU00259,15,Male,22.1,96.5,55.7,73.6,10.0,Low,Medium,Yes,No,No,Medium,Far,No,Yes,68.9
STU00260,16,Female,11.7,90.0,60.0,59.5,5.3,Medium,Medium,Yes,Yes,No,Medium,Moderate,No,Yes,65.8
STU00261,16,Female,12.4,79.1,61.6,60.1,8.5,Medium,High,No,No,No,High,Near,No,Yes,64.0
STU00262,18,Female,12.2,83.0,51.1,71.1,4.6,Medium,Low,No,No,Yes,High,Moderate,No,No,61.5
STU00263,20,Female,18.9,74.3,49.7,84.9,8.6,Medium,Medium,Yes,Yes,No,High,Far,No,No,75.6
STU00264,21,Male,3.9,97.8,71.4,32.7,7.6,Medium,High,Yes,Yes,No,Medium,Near,No,No,63.9
STU00265,19,Other,19.3,93.2,42.7,76.6,6.7,High,Low,Yes,No,No,Low,Far,No,No,62.0
STU00266,15,Male,10.7,74.1,81.9,68.2,7.3,Medium,Medium,Yes,No,No,Medium,Far,Yes,No,68.4
STU00267,15,Female,12.9,100.0,82.0,66.6,6.3,Medium,High,Yes,No,Yes,Medium,Near,No,No,59.6
STU00268,17,Female,9.2,82.8,54.4,61.5,6.1,High,High,Yes,No,Yes,Low,Near,No,No,55.4
STU00269,20,Female,20.9,88.0,46.1,77.9,7.7,High,High,Yes,No,No,Medium,Near,No,Yes,77.1
STU00270,16,Male,10.3,81.6,56.9,74.7,4.6,High,Medium,Yes,No,Yes,Low,Near,No,Yes,58.1
STU00271,19,Female,7.3,89.2,63.9,59.4,7.5,Low,Medium,Yes,Yes,Yes,Medium,Moderate,No,No,67.6
STU00272,18,Female,10.4,85.9,69.8,46.6,6.8,High,Medium,Yes,No,Yes,Medium,Moderate,No,Yes,63.7
STU00273,16,Male,6.3,71.0,46.6,57.3,6.5,Medium,Low,Yes,No,Yes,Medium,Moderate,No,No,43.8
STU00274,20,Female,21.9,96.7,39.3,66.7,6.3,Medium,High,Yes,Yes,Yes,Medium,Near,No,No,65.5
STU00275,21,Male,6.2,76.7,60.1,46.5,7.4,High,High,Yes,Yes,Yes,High,Moderate,No,No,69.8
STU00276,18,Male,14.7,94.2,42.8,64.7,8.5,Low,Medium,Yes,No,Yes,Medium,Moderate,No,No,50.8
STU00277,21,Male,9.8,82.7,69.8,61.1,10.0,High,Medium,No,No,No,Medium,Far,No,No,64.4
STU00278,17,Male,27.5,85.6,67.4,76.2,8.7,Low,Medium,Yes,No,Yes,High,Near,No,No,73.7
STU00279,17,Female,18.4,89.8,51.6,86.5,8.2,Medium,Medium,Yes,No,No,Medium,Moderate,No,No,68.2
STU00280,15,Male,10.0,86.4,68.9,60.3,,Low,High,Yes,No,No,High,Far,No,No,72.0
STU00281,21,Male,16.4,92.4,64.4,82.4,6.1,High,Medium,Yes,Yes,Yes,Low,Moderate,No,No,74.3
STU00282,20,Male,7.7,77.9,53.5,52.8,7.0,Low,High,Yes,No,No,Medium,Near,No,Yes,50.2
STU00283,19,Female,20.4,95.4,51.3,91.4,7.7,Medium,Medium,Yes,No,No,Low,Near,No,No,66.4
STU00284,18,Female,16.3,74.7,57.0,60.2,6.3,Medium,High,Yes,No,Yes,Low,Far,No,No,52.8
STU00285,16,Male,18.4,75.9,43.8,79.5,8.8,High,Medium,No,No,Yes,High,Near,No,Yes,63.4
STU00286,20,Male,7.4,90.8,55.8,74.4,6.0,High,Medium,Yes,No,No,Low,Far,No,No,56.2
STU00287,20,Female,3.9,95.5,41.6,53.2,5.1,Low,High,Yes,Yes,No,Medium,Far,No,No,48.6
STU00288,17,Male,1.7,87.8,66.2,46.8,8.6,Medium,Low,Yes,No,Yes,Medium,Near,No,No,57.3
STU00289,21,Female,2.3,99.9,52.9,54.8,7.4,Medium,High,No,No,No,Medium,Moderate,No,No,50.9
STU00290,15,Male,15.1,76.7,45.8,68.8,6.6,High,Low,No,Yes,No,Medium,Near,No,No,61.7
STU00291,15,Female,30.4,73.3,63.6,79.7,4.9,High,Medium,Yes,No,Yes,Medium,Near,No,No,80.5
STU00292,18,Male,11.8,93.4,52.0,60.0,8.5,High,Low,Yes,No,No,Low,Moderate,No,No,60.8
STU00293,17,Female,10.4,86.2,47.5,74.5,10.0,Medium,Low,Yes,No,No,Medium,Moderate,No,No,51.5
STU00294,20,Male,14.6,93.1,72.9,55.8,7.7,High,Medium,Yes,No,Yes,Medium,Near,No,No,71.3
STU00295,19,Other,8.7,74.7,60.6,76.5,6.0,Low,Low,Yes,No,No,Medium,Far,No,No,58.9
STU00296,17,Male,4.7,80.6,68.3,44.6,7.4,Medium,High,Yes,No,No,Medium,Near,No,No,64.7
STU00297,18,Female,9.8,100.0,69.8,70.3,7.8,Medium,High,Yes,No,No,High,Moderate,No,No,73.1
STU00298,18,Male,13.2,83.0,59.0,81.1,7.7,Medium,High,Yes,No,No,Medium,Moderate,No,No,66.6
STU00299,17,Male,29.9,99.3,69.8,78.8,5.8,Medium,High,Yes,Yes,No,Medium,Near,No,No,82.1
STU00300,18,Female,11.1,92.8,56.2,70.7,6.2,Medium,Medium,Yes,No,No,Low,Far,No,Yes,58.8
STU00301,17,Male,16.6,82.1,50.8,68.5,5.9,Low,Medium,Yes,No,No,Medium,Moderate,No,No,50.3
STU00302,16,Female,4.0,99.1,71.4,38.8,7.6,Low,High,Yes,No,Yes,Medium,Moderate,No,Yes,56.1
STU00303,17,Female,20.6,88.3,63.6,76.5,6.9,Medium,Medium,Yes,No,No,Low,Moderate,No,No,67.6
STU00304,21,Female,9.1,85.1,63.1,56.1,8.7,Medium,Medium,Yes,No,No,Medium,Near,No,No,53.2
STU00305,17,Male,6.0,84.2,74.2,64.0,7.4,High,Medium,Yes,No,No,Medium,Near,No,No,71.1
STU00306,18,Female,6.8,89.4,65.6,60.1,8.1,Medium,Medium,Yes,Yes,No,Medium,Moderate,No,No,60.9
STU00307,21,Male,9.9,73.7,60.1,78.7,6.6,High,Medium,Yes,Yes,No,Low,Far,No,No,55.8
STU00308,18,Female,5.8,94.0,51.3,57.8,4.3,Low,Low,Yes,No,No,Medium,Far,No,No,46.4
STU00309,15,Female,17.3,89.4,58.5,72.7,9.0,Medium,,Yes,No,No,Low,Near,No,No,60.5
STU00310,15,Female,6.3,79.3,66.0,63.3,7.2,Low,Low,No,No,Yes,High,Moderate,No,No,53.3
STU00311,21,Female,20.2,72.3,77.1,99.6,7.6,Medium,,Yes,Yes,Yes,Low,Near,Yes,No,77.3
STU00312,16,Female,10.9,82.5,52.9,71.3,8.2,Low,Medium,Yes,No,No,Medium,Near,No,No,47.7
STU00313,15,Male,7.7,87.5,56.1,55.5,7.4,High,Medium,Yes,Yes,Yes,Medium,Moderate,No,Yes,72.5
STU00314,17,Female,9.5,86.6,59.1,60.0,4.2,Low,High,Yes,Yes,No,High,Moderate,No,No,59.5
STU00315,18,Male,,86.5,54.6,43.6,6.5,Medium,Medium,Yes,Yes,No,Low,Near,No,No,59.1
STU00316,15,Female,15.2,91.7,57.8,62.3,6.3,Medium,Medium,Yes,No,Yes,Medium,Moderate,No,No,58.6
STU00317,15,Female,10.6,73.5,44.3,42.9,6.3,Medium,Medium,Yes,No,No,Medium,Moderate,No,No,55.8
STU00318,16,Female,23.9,84.3,60.6,84.1,6.7,Medium,Low,Yes,No,Yes,Medium,Near,No,No,69.9
STU00319,21,Male,0.0,88.0,50.8,36.1,7.1,Medium,Medium,No,No,No,Medium,Moderate,No,No,43.3
STU00320,21,Female,24.3,89.6,60.3,77.0,9.9,Low,Low,Yes,No,No,Medium,Near,No,No,65.2
STU00321,20,Male,9.6,94.0,57.9,54.9,7.8,High,Low,Yes,No,No,High,Moderate,No,No,68.8
STU00322,16,Male,27.8,83.0,57.2,81.5,8.1,Medium,High,No,Yes,No,Low,Far,No,Yes,72.8
STU00323,17,Male,16.0,85.5,64.8,78.8,6.3,Low,Medium,Yes,Yes,No,Low,Moderate,No,No,65.8
STU00324,21,Male,24.6,77.6,63.4,82.8,9.2,Medium,Low,Yes,Yes,Yes,High,Far,No,No,69.9
STU00325,18,Male,14.4,88.9,79.0,59.0,7.2,Medium,Medium,Yes,Yes,No,Low,Near,No,No,76.0
STU00326,16,Female,13.9,76.3,67.2,39.6,7.0,High,High,No,No,No,High,Moderate,No,No,66.5
STU00327,15,Male,7.4,90.7,68.1,57.2,4.3,High,Medium,Yes,No,Yes,Medium,Moderate,Yes,No,53.5
STU00328,18,Male,14.3,96.8,49.6,71.1,8.1,Medium,High,Yes,No,No,Medium,Moderate,No,No,57.5
STU00329,18,Female,7.0,89.7,48.3,51.1,8.4,Low,High,Yes,No,Yes,Low,Far,No,No,47.2
STU00330,15,Male,16.5,97.8,61.0,76.7,8.4,High,Medium,Yes,Yes,No,Low,Moderate,No,No,77.7
STU00331,16,Female,16.3,80.5,72.9,69.7,4.9,Low,Medium,No,No,No,Medium,Moderate,No,No,62.9
STU00332,15,Female,14.0,73.0,63.1,78.6,8.4,Medium,Medium,Yes,Yes,No,High,Near,No,No,75.8
STU00333,20,Female,24.9,83.4,43.3,87.5,6.5,Medium,Medium,Yes,Yes,No,High,Near,Yes,No,74.0
STU00334,18,Female,19.0,78.9,69.4,72.9,5.1,Medium,High,No,No,No,Low,Moderate,No,No,59.8
STU00335,19,Female,7.6,80.1,64.6,57.9,10.0,High,High,Yes,Yes,No,Low,Moderate,No,No,59.3
STU00336,19,Female,19.5,62.8,50.6,54.5,9.3,High,Medium,No,Yes,No,Low,Far,No,No,52.0
STU00337,17,Male,22.6,86.8,49.4,60.1,8.0,Low,High,Yes,No,Yes,High,Near,Yes,No,51.8
STU00338,21,Female,0.0,85.2,56.4,38.3,7.8,Medium,High,Yes,No,No,Low,Near,No,No,51.8
STU00339,15,Male,6.3,93.4,71.5,60.8,9.3,Low,Low,Yes,Yes,No,Low,Moderate,No,No,53.6
STU00340,15,Female,11.2,90.5,64.3,69.0,6.3,High,Medium,Yes,No,No,Low,Far,No,Yes,61.7
STU00341,17,Male,8.5,83.2,63.1,55.1,10.0,High,High,Yes,No,No,Medium,Far,No,No,58.3
STU00342,17,Female,20.1,94.1,48.9,83.9,7.1,Medium,Medium,Yes,No,No,High,Near,No,Yes,71.4
STU00343,17,Male,7.9,93.9,74.3,75.9,8.5,High,Medium,Yes,No,No,Medium,Near,No,No,77.0
STU00344,18,Female,,80.1,65.5,65.8,7.8,Medium,Medium,Yes,Yes,No,Low,Moderate,No,Yes,63.3
STU00345,20,Male,16.9,87.0,27.5,74.5,5.5,Medium,Low,No,No,Yes,Medium,Near,Yes,Yes,43.5
STU00346,15,Female,13.2,100.0,67.0,59.7,7.0,Medium,Medium,Yes,Yes,No,Medium,Far,No,No,75.0
STU00347,18,Female,24.0,88.3,61.5,66.1,9.2,Low,Low,No,No,No,Low,Moderate,No,No,56.3
STU00348,17,Male,18.0,76.8,63.0,62.5,5.8,Medium,Medium,Yes,No,Yes,Low,Near,No,Yes,49.3
STU00349,15,Female,40.0,73.8,72.2,100.0,9.0,Low,,Yes,No,No,Medium,Near,No,No,82.3
STU00350,18,Female,6.3,70.3,58.8,56.0,8.0,Medium,High,No,Yes,Yes,Low,Near,No,No,56.0
STU00351,20,Female,2.8,64.5,76.8,64.6,5.0,Medium,Low,Yes,No,No,Low,Far,Yes,No,53.4
STU00352,18,Male,26.0,80.2,53.7,58.6,7.0,Medium,High,Yes,No,No,Medium,Near,No,No,60.7
STU00353,20,Male,39.5,83.3,60.6,89.8,6.9,Medium,Medium,No,Yes,No,Medium,Near,No,No,83.2
STU00354,17,Male,13.2,75.2,45.8,54.8,,Medium,High,No,No,No,Medium,Far,No,No,52.9
STU00355,20,Male,12.5,78.2,51.2,62.4,7.5,Medium,Medium,Yes,Yes,No,Medium,Near,Yes,No,60.8
STU00356,15,Female,16.0,75.5,59.8,78.1,5.0,High,Medium,Yes,No,No,Medium,Moderate,No,No,64.7
STU00357,17,Male,8.2,69.2,77.8,72.5,8.3,Medium,Medium,Yes,No,No,Medium,Near,No,No,60.6
STU00358,15,Female,0.0,83.3,49.9,45.8,5.7,Medium,Medium,Yes,No,No,Low,Moderate,No,No,39.1
STU00359,19,Male,16.9,91.7,86.6,80.1,6.5,Medium,Medium,Yes,No,Yes,High,Near,No,Yes,69.4
STU00360,16,Female,15.1,79.9,44.3,68.5,7.0,Medium,High,Yes,No,No,Low,Near,No,Yes,55.3
STU00361,20,Female,3.9,96.4,41.7,50.7,9.3,Medium,Medium,Yes,Yes,No,Medium,Moderate,No,No,46.6
STU00362,16,Female,10.1,86.5,73.3,69.2,5.1,Medium,High,Yes,Yes,Yes,Medium,Near,Yes,No,67.5
STU00363,16,Male,3.7,93.9,55.7,49.1,6.2,Medium,Medium,Yes,No,No,Medium,Moderate,No,No,48.1
STU00364,20,Male,18.0,85.3,69.0,73.1,7.2,Medium,Low,No,No,Yes,High,Near,No,No,71.3
STU00365,17,Male,14.8,91.7,52.8,57.7,6.9,Medium,Low,Yes,No,No,Medium,Moderate,No,No,53.0
STU00366,19,Male,16.3,70.9,48.8,54.8,7.2,Medium,Medium,Yes,No,Yes,High,Far,No,No,61.3
STU00367,15,Male,19.2,93.4,57.9,71.5,6.7,Medium,High,Yes,No,Yes,High,Near,No,No,76.9
STU00368,18,Male,23.8,85.1,56.8,69.8,7.4,Low,High,Yes,No,Yes,High,Near,No,No,70.4
STU00369,15,Male,16.4,96.0,58.8,82.9,4.1,Medium,High,Yes,No,No,High,Far,No,No,72.1
STU00370,18,Female,19.9,82.5,62.1,87.0,9.1,High,Medium,No,No,No,High,Moderate,No,No,77.8
STU00371,15,Male,29.6,100.0,66.2,74.9,6.9,Medium,Low,Yes,No,Yes,Medium,Near,No,No,82.9
STU00372,20,Female,22.7,90.3,52.9,76.4,10.0,High,Low,Yes,No,No,Medium,Moderate,No,Yes,68.4
STU00373,19,Male,16.7,75.9,50.9,86.0,6.5,Medium,High,Yes,Yes,Yes,Low,Near,No,No,55.2
STU00374,18,Female,16.3,96.3,69.6,73.3,8.6,Medium,Low,Yes,No,Yes,Medium,Near,No,Yes,72.2
STU00375,21,Female,8.4,74.4,65.3,59.4,5.9,Low,Low,Yes,No,Yes,High,Far,No,No,55.0
STU00376,17,Female,9.8,73.9,66.4,56.9,7.1,Medium,Medium,Yes,No,Yes,Medium,Moderate,No,No,63.0
STU00377,15,Female,14.2,97.9,60.6,69.9,5.5,High,Low,Yes,No,Yes,High,Moderate,No,Yes,77.2
STU00378,15,Male,12.2,88.4,67.8,70.1,6.5,Medium,Medium,Yes,Yes,No,High,Near,No,No,75.3
STU00379,18,Female,30.1,85.7,62.7,84.4,5.9,Medium,Low,Yes,No,No,Low,Near,No,No,63.5
STU00380,17,Male,18.0,80.0,61.9,87.3,7.7,Medium,Medium,Yes,No,Yes,Low,Far,No,No,61.6
STU00381,17,Male,,93.3,51.5,79.0,9.5,Medium,Low,Yes,No,No,Medium,Near,Yes,No,57.6
STU00382,20,Female,24.4,82.3,73.5,91.0,,High,High,No,No,No,Low,Near,No,Yes,81.7
STU00383,21,Female,16.5,87.0,55.2,74.5,10.0,High,Medium,Yes,No,Yes,Medium,Near,No,No,63.6
STU00384,20,Male,12.8,73.7,71.0,66.1,8.1,Medium,Low,Yes,No,Yes,High,Moderate,No,No,66.4
STU00385,20,Female,17.1,84.4,41.7,77.9,5.6,Low,,Yes,No,No,Medium,Near,No,No,56.7
STU00386,20,Female,18.3,86.8,53.8,80.2,10.0,Low,High,Yes,No,Yes,Medium,Near,Yes,No,52.1
STU00387,20,Male,26.2,90.3,53.9,75.9,8.4,High,Medium,Yes,No,No,Low,Far,No,No,78.0
STU00388,20,Male,4.1,88.4,60.9,52.3,4.9,Low,Medium,Yes,Yes,Yes,Medium,Moderate,No,Yes,52.4
STU00389,19,Male,9.1,81.7,71.2,56.4,7.0,High,Medium,Yes,No,No,Medium,Near,No,No,66.3
STU00390,17,Male,14.4,87.8,60.6,82.7,8.2,Medium,Medium,Yes,No,No,Medium,Moderate,No,No,62.2
STU00391,20,Male,22.5,94.8,67.1,90.6,7.8,Low,High,No,Yes,No,Low,Near,Yes,Yes,65.1
STU00392,17,Male,21.3,70.2,59.1,81.3,8.2,High,High,Yes,No,Yes,Medium,Moderate,No,Yes,68.8
STU00393,17,Male,15.9,83.3,64.8,90.5,8.5,High,Low,Yes,No,Yes,Low,Moderate,No,No,80.5
STU00394,16,Female,23.2,87.1,43.5,71.8,6.1,Medium,High,No,Yes,No,High,Near,No,No,75.3
STU00395,19,Female,9.6,75.8,85.6,67.8,7.8,Medium,High,Yes,Yes,Yes,Low,Near,No,No,71.0
STU00396,20,Other,30.1,94.3,52.3,76.1,7.3,Medium,,Yes,No,Yes,Low,Moderate,No,No,75.7
STU00397,15,Male,8.3,91.0,66.5,49.2,6.6,Medium,Medium,No,No,Yes,Low,Far,No,No,58.2
STU00398,18,Female,1.3,95.0,61.5,39.4,8.3,Medium,High,Yes,No,Yes,Medium,Moderate,Yes,No,45.9
STU00399,21,Female,19.8,100.0,60.6,56.0,7.3,High,High,Yes,No,Yes,Medium,Near,Yes,No,63.1
STU00400,15,Female,,88.3,56.3,52.6,8.7,Low,Low,Yes,No,No,Medium,Near,No,No,50.4
STU00401,19,Male,10.9,82.2,65.9,62.0,7.5,Low,Medium,Yes,No,Yes,Medium,Near,No,Yes,53.3
STU00402,18,Female,13.9,94.4,53.1,79.4,6.5,Medium,High,Yes,No,Yes,Medium,Near,No,Yes,73.8
STU00403,19,Male,18.3,79.1,48.1,71.9,7.2,Medium,Medium,Yes,No,Yes,Medium,Moderate,No,No,62.5
STU00404,17,Male,23.1,89.6,56.5,77.3,8.0,Medium,High,Yes,No,Yes,Medium,Moderate,No,No,74.2
STU00405,18,Female,4.2,95.4,59.3,72.3,7.1,Low,High,Yes,No,No,Low,Near,No,No,54.0
STU00406,17,Female,6.0,93.3,47.1,67.3,6.3,Medium,Medium,Yes,No,Yes,Medium,Near,No,No,61.0
STU00407,15,Male,40.0,99.1,44.5,97.9,7.2,Low,Medium,Yes,No,Yes,Medium,Moderate,No,No,79.8
STU00408,15,Female,13.3,82.3,61.1,56.7,9.1,Medium,Medium,Yes,No,No,High,Near,No,Yes,64.0
STU00409,18,Female,1.9,92.1,39.6,39.7,8.0,High,Medium,Yes,Yes,Yes,Medium,Far,No,No,47.1
STU00410,18,Female,,85.9,54.7,55.6,7.5,High,Medium,Yes,No,No,Low,Moderate,No,No,54.8
STU00411,20,Female,10.8,87.5,61.7,80.9,6.7,High,High,Yes,Yes,No,Low,Far,No,Yes,74.8
STU00412,19,Male,15.0,87.5,85.8,57.0,7.3,Medium,Medium,Yes,No,Yes,High,Far,No,Yes,81.4
STU00413,20,Other,24.5,90.4,56.8,59.6,5.6,Medium,High,No,Yes,No,Low,Far,No,No,67.0
STU00414,19,Female,28.1,84.7,52.5,68.7,6.7,High,Medium,Yes,Yes,No,Low,Near,No,No,77.4
STU00415,20,Male,8.4,70.8,58.2,58.2,7.8,Low,High,Yes,No,No,Low,Far,No,Yes,52.9
STU00416,17,Female,10.5,86.5,38.9,66.0,7.2,High,Medium,Yes,No,Yes,Medium,Near,No,No,60.4
STU00417,18,Female,16.2,88.6,54.6,82.0,6.4,Medium,High,Yes,No,No,Low,Near,No,Yes,65.7
STU00418,15,Female,9.2,84.6,69.2,72.9,5.2,Medium,Medium,Yes,No,No,Medium,Moderate,No,No,69.8
STU00419,19,Female,24.5,89.4,66.6,72.0,6.8,High,Low,Yes,No,No,Medium,Near,No,No,78.1
STU00420,19,Female,34.7,83.8,51.2,89.1,5.9,Medium,Medium,Yes,No,Yes,High,Near,Yes,No,76.5
STU00421,15,Female,15.2,82.3,62.6,75.9,7.0,High,High,Yes,No,No,Low,Near,No,No,61.0
STU00422,20,Female,17.6,98.9,39.9,68.0,7.4,Medium,Medium,Yes,Yes,Yes,Medium,Near,No,Yes,64.3
STU00423,19,Female,10.3,100.0,71.4,53.3,,Medium,Medium,Yes,Yes,Yes,Medium,Moderate,No,No,67.0
STU00424,21,Male,17.7,93.8,57.1,64.7,8.4,Medium,Low,Yes,No,Yes,Medium,Near,Yes,No,62.3
STU00425,17,Female,6.5,79.3,85.8,72.9,7.4,High,High,Yes,No,No,Medium,Moderate,Yes,No,66.6
STU00426,18,Male,7.4,87.3,64.8,51.7,10.0,Medium,Medium,Yes,No,No,High,Far,No,No,56.8
STU00427,15,Female,0.5,86.5,54.0,40.2,7.6,High,Medium,Yes,No,No,Low,Moderate,Yes,No,42.6
STU00428,18,Female,21.5,91.7,48.3,79.4,5.9,Medium,Medium,Yes,No,Yes,High,Moderate,No,No,70.3
STU00429,21,Female,26.1,86.9,71.5,83.6,6.7,Medium,High,Yes,Yes,No,Medium,Far,No,No,83.1
STU00430,19,Female,23.2,91.2,86.4,60.4,10.0,Medium,Medium,No,No,Yes,Low,Near,No,No,73.8
STU00431,19,Female,15.8,100.0,77.6,76.2,5.9,Medium,Medium,Yes,Yes,No,High,Moderate,No,No,80.0
STU00432,21,Male,12.5,66.6,47.0,62.2,6.5,Medium,Low,Yes,No,Yes,Medium,Far,Yes,No,47.8
STU00433,15,Female,14.3,79.9,66.9,84.0,8.5,High,Medium,Yes,No,No,Low,Far,No,Yes,68.4
STU00434,17,Male,6.8,94.6,68.9,52.7,5.7,Low,Medium,Yes,No,Yes,Low,Moderate,No,No,54.9
STU00435,16,Male,22.5,84.6,53.7,79.4,8.5,Low,Low,Yes,Yes,No,Low,Near,No,Yes,69.6
STU00436,15,Male,23.4,90.9,67.8,85.9,8.7,Medium,Medium,No,No,No,Medium,Far,No,Yes,71.8
STU00437,16,Female,6.5,83.1,52.6,64.8,7.4,High,Low,Yes,Yes,Yes,Low,Near,No,No,62.0
STU00438,21,Female,7.5,100.0,62.2,52.7,9.5,Medium,High,Yes,No,No,Low,Near,No,Yes,56.7
STU00439,20,Female,4.4,96.6,52.5,44.9,6.8,High,High,Yes,No,No,Low,Near,No,No,57.8
STU00440,16,Male,13.0,88.0,72.3,70.4,8.4,Low,Medium,Yes,Yes,Yes,Medium,Moderate,Yes,No,64.3
STU00441,17,Female,14.8,100.0,76.1,66.8,4.0,Medium,Medium,Yes,Yes,No,High,Moderate,No,No,75.7
STU00442,20,Male,15.5,88.1,54.4,80.8,8.0,High,Low,Yes,Yes,No,Medium,Far,No,No,74.0
STU00443,16,Male,4.3,85.7,53.6,59.1,9.0,High,Medium,Yes,Yes,Yes,Low,Moderate,No,No,64.0
STU00444,21,Female,,99.7,50.3,66.3,8.2,Medium,High,Yes,Yes,No,High,Near,Yes,No,59.5
STU00445,20,Male,9.2,71.0,63.0,51.4,6.4,Medium,High,Yes,No,No,Medium,Moderate,No,No,56.1
STU00446,21,Male,20.8,86.7,67.9,84.3,4.8,High,Medium,No,Yes,No,High,Moderate,No,No,79.0
STU00447,16,Male,7.0,88.5,64.0,69.7,8.7,High,Low,No,No,Yes,Medium,Moderate,Yes,No,57.6
STU00448,21,Male,15.4,82.8,65.2,70.4,5.8,Medium,Low,No,Yes,No,Medium,Far,No,No,67.1
STU00449,17,Male,9.3,77.5,60.1,58.7,6.0,Medium,Low,Yes,Yes,No,Medium,Far,No,No,61.8
STU00450,16,Male,13.5,84.3,61.7,68.8,6.6,Medium,Low,Yes,Yes,No,Low,Moderate,Yes,No,58.2
STU00451,16,Female,22.6,69.9,53.9,67.7,8.0,Medium,Low,Yes,No,No,Medium,Near,No,No,65.6
STU00452,16,Female,5.1,100.0,62.1,33.1,8.8,Medium,Low,No,No,No,High,Moderate,No,No,53.9
STU00453,15,Female,0.0,100.0,61.5,21.9,10.0,Low,Medium,Yes,Yes,No,High,Far,No,No,49.3
STU00454,15,Other,4.3,85.7,49.5,42.4,7.3,High,Low,Yes,Yes,Yes,High,Near,No,No,65.1
STU00455,15,Male,18.3,81.9,70.3,68.5,7.5,Medium,Medium,No,No,No,Medium,Far,No,No,69.7
STU00456,17,Female,5.4,70.2,50.0,70.9,7.7,Medium,Medium,Yes,No,No,Low,Near,No,No,52.1
STU00457,20,Other,9.3,78.5,55.2,61.7,6.3,Medium,High,Yes,No,No,Low,Moderate,No,No,54.4
STU00458,21,Male,18.6,99.8,41.4,78.6,8.1,Low,Low,Yes,No,Yes,Medium,Moderate,No,Yes,58.0
STU00459,19,Female,21.4,85.1,56.4,74.9,6.2,Medium,Low,Yes,No,No,Medium,Moderate,No,No,66.0
STU00460,16,Male,23.3,79.9,63.7,71.2,8.7,Medium,Low,Yes,No,No,Low,Far,No,Yes,64.0
STU00461,21,Male,19.4,85.5,46.5,69.6,5.6,Low,High,No,No,No,Low,Near,No,No,61.2
STU00462,16,Male,6.0,79.6,53.7,49.9,8.4,Medium,Medium,No,Yes,No,Medium,Near,No,No,56.0
STU00463,17,Female,27.9,69.2,79.6,72.5,8.4,High,Medium,Yes,No,Yes,Medium,Moderate,No,No,79.2
STU00464,16,Female,7.5,81.9,58.6,66.0,4.8,Medium,High,Yes,Yes,Yes,High,Near,No,No,64.5
STU00465,15,Female,9.9,74.5,67.3,59.3,7.6,High,High,Yes,Yes,Yes,Medium,Moderate,No,No,63.7
STU00466,19,Male,15.0,89.3,52.7,59.1,9.4,Low,Low,Yes,No,Yes,Medium,Near,No,No,51.6
STU00467,18,Male,17.2,94.3,66.8,72.5,7.4,High,Medium,Yes,No,No,Medium,Near,No,No,82.0
STU00468,16,Male,26.5,77.9,49.9,90.9,7.2,Medium,High,No,No,No,High,Moderate,No,Yes,77.9
STU00469,21,Male,9.9,86.9,53.5,53.3,6.4,Low,Medium,Yes,Yes,Yes,Medium,Moderate,No,No,52.4
STU00470,15,Female,18.0,84.8,56.0,81.5,7.9,High,Low,No,No,No,High,Near,No,No,74.1
STU00471,18,Male,10.0,77.6,60.0,63.4,6.6,Low,High,Yes,Yes,No,High,Near,No,Yes,58.8
STU00472,19,Female,27.9,62.2,60.2,92.9,7.8,Medium,Medium,Yes,No,Yes,High,Near,No,Yes,78.8
STU00473,18,Female,18.4,74.8,64.2,85.5,8.2,Medium,High,No,No,No,Medium,Moderate,No,No,59.9
STU00474,15,Male,25.3,77.2,53.6,67.7,7.5,Medium,Medium,Yes,Yes,No,Low,Near,No,Yes,69.5
STU00475,20,Female,5.8,86.4,69.3,41.2,8.8,Medium,Medium,Yes,No,Yes,Low,Moderate,Yes,No,44.1
STU00476,20,Male,10.5,87.4,66.5,56.0,,Low,Medium,Yes,Yes,No,Low,Moderate,No,No,59.9
STU00477,18,Male,17.0,97.4,56.5,66.6,6.6,High,High,No,Yes,Yes,Low,Moderate,No,No,68.5
STU00478,17,Male,25.4,74.7,63.8,83.1,4.4,Medium,Medium,Yes,Yes,No,Low,Near,No,No,70.6
STU00479,21,Female,22.9,76.8,51.9,80.7,6.4,Low,Low,Yes,No,Yes,Medium,Moderate,Yes,No,59.9
STU00480,21,Male,27.0,78.6,65.8,100.0,6.9,Low,Medium,Yes,No,Yes,Medium,Far,No,No,74.9
STU00481,18,Female,25.7,83.1,63.2,59.5,8.0,Medium,Low,Yes,No,No,Medium,Near,Yes,No,63.4
STU00482,16,Female,,87.2,63.5,77.3,4.3,Medium,Medium,Yes,No,No,Low,Near,No,No,65.6
STU00483,16,Male,16.2,89.3,77.6,78.9,4.4,Medium,Medium,No,No,No,Medium,Moderate,No,No,69.2
STU00484,21,Female,6.1,66.2,67.6,46.2,4.3,High,Medium,Yes,No,No,Medium,Near,No,No,59.1
STU00485,21,Female,0.0,96.9,63.7,45.6,7.0,Low,Medium,Yes,No,Yes,Medium,Moderate,No,No,53.1
STU00486,20,Male,16.0,89.7,66.2,81.3,5.1,Medium,Low,No,Yes,Yes,High,Far,No,No,77.6
STU00487,17,Male,21.4,93.8,51.6,60.4,7.8,Medium,Medium,Yes,No,No,Low,Moderate,No,No,59.1
STU00488,15,Female,0.0,61.1,44.1,54.9,6.5,Low,Medium,Yes,No,No,Low,Moderate,No,No,35.0
STU00489,16,Male,5.6,93.3,57.0,70.5,4.8,Low,Medium,Yes,No,No,Medium,Moderate,Yes,No,46.1
STU00490,21,Female,6.9,75.0,63.4,37.3,8.7,Low,Medium,Yes,No,Yes,Low,Near,No,No,44.6
STU00491,20,Male,13.5,80.5,69.0,60.6,7.1,High,Medium,Yes,No,Yes,Medium,Near,No,No,70.1
STU00492,19,Male,15.8,99.3,70.2,85.4,8.7,High,High,Yes,Yes,Yes,Medium,Far,No,No,84.9
STU00493,20,Male,23.7,91.6,51.5,83.5,7.2,Medium,Low,Yes,No,No,Low,Far,No,No,64.3
STU00494,16,Male,4.5,78.2,58.1,57.9,9.4,High,Medium,Yes,No,Yes,Low,Moderate,No,No,46.9
STU00495,16,Female,17.8,93.0,57.9,80.9,8.1,High,Medium,Yes,No,No,Medium,Far,No,No,75.6
STU00496,20,Male,3.9,88.6,58.4,43.9,5.1,Medium,Medium,Yes,No,Yes,Medium,Near,No,No,48.1
STU00497,15,Female,21.7,80.9,56.6,71.8,6.3,Medium,Medium,Yes,Yes,No,Medium,Near,No,No,64.6
STU00498,18,Female,11.1,89.8,84.9,61.5,6.1,Medium,Medium,Yes,No,Yes,Low,Near,No,Yes,68.1
STU00499,16,Female,5.3,81.2,79.3,58.8,4.0,Medium,Medium,No,No,No,Low,Near,No,No,62.0
STU00500,20,Female,9.6,88.9,58.1,56.6,8.5,High,Medium,Yes,No,No,Low,Far,No,Yes,68.0
STU00501,21,Male,6.1,88.7,61.6,38.3,7.8,Medium,Medium,Yes,No,No,Low,Far,No,No,53.0
STU00502,20,Male,15.7,90.0,79.3,73.3,9.3,Medium,High,Yes,Yes,No,High,Far,No,No,74.3
STU00503,17,Female,20.0,100.0,50.9,66.1,4.7,Low,High,No,Yes,No,Low,Moderate,No,Yes,60.5
STU00504,18,Male,23.2,94.5,65.9,79.9,5.4,High,Medium,Yes,No,No,Medium,Near,No,No,85.9
STU00505,19,Female,10.8,95.0,62.7,63.6,5.7,Medium,Medium,Yes,No,Yes,High,Near,No,No,72.5
STU00506,15,Male,26.1,79.7,45.8,74.8,9.4,Low,Low,Yes,No,No,Low,Near,No,No,55.5
STU00507,19,Female,14.8,69.8,61.9,59.3,9.3,Low,Medium,Yes,No,No,Medium,Moderate,No,No,55.5
STU00508,18,Female,25.1,83.1,49.0,100.0,5.2,Medium,Medium,Yes,No,Yes,High,Moderate,No,No,73.3
STU00509,18,Female,13.7,80.1,65.3,82.5,7.7,Medium,Low,Yes,No,Yes,High,Far,No,No,72.2
STU00510,18,Female,13.2,91.0,61.0,65.6,8.1,Medium,Low,Yes,No,Yes,Medium,Far,No,No,62.0
STU00511,19,Female,19.6,83.0,46.1,83.4,6.9,Low,Low,Yes,No,No,Medium,Near,No,No,54.8
STU00512,21,Female,17.5,98.3,56.4,77.0,10.0,High,Medium,Yes,No,No,High,Near,No,Yes,77.4
STU00513,18,Female,10.6,67.6,72.5,70.3,4.0,Low,High,Yes,Yes,Yes,Medium,Moderate,No,No,59.6
STU00514,20,Male,24.2,82.2,81.1,80.5,4.2,Low,Medium,Yes,No,No,High,Near,No,No,75.2
STU00515,19,Male,7.3,88.7,57.0,67.3,7.3,Medium,Medium,Yes,No,Yes,Medium,Moderate,No,No,58.8
STU00516,18,Male,19.6,75.2,60.9,84.0,5.3,Medium,Medium,Yes,No,Yes,Medium,Moderate,No,Yes,63.4
STU00517,20,Female,19.3,94.1,62.6,82.2,8.5,Medium,Low,No,No,No,High,Near,No,No,64.7
STU00518,21,Male,23.5,93.7,61.0,59.0,4.7,Medium,Low,Yes,No,Yes,High,Moderate,No,No,61.2
STU00519,17,Female,23.7,80.7,65.4,78.9,8.1,Medium,High,Yes,No,No,Medium,Moderate,Yes,No,70.1
STU00520,21,Female,13.5,100.0,51.6,85.6,7.1,Low,Medium,Yes,Yes,No,Low,Far,No,No,71.3
STU00521,18,Female,15.3,73.8,59.1,75.6,9.8,Low,Medium,Yes,Yes,No,Medium,Near,No,No,60.0
STU00522,19,Female,14.7,71.5,50.7,56.7,5.9,Medium,High,No,Yes,Yes,Medium,Far,No,No,55.2
STU00523,16,Male,29.0,80.3,58.1,68.2,9.5,High,Low,No,No,No,Medium,Moderate,No,No,66.6
STU00524,18,Female,20.2,86.9,78.3,75.3,8.3,Medium,High,Yes,No,Yes,High,Moderate,Yes,No,68.4
STU00525,16,Female,23.4,68.9,49.3,57.0,5.6,Medium,Medium,Yes,No,No,High,Near,No,Yes,57.3
STU00526,20,Male,13.0,91.2,70.4,69.3,5.7,Medium,Low,Yes,Yes,Yes,Medium,Moderate,No,No,77.2
STU00527,17,Male,6.0,100.0,58.4,56.7,8.7,High,Low,Yes,No,Yes,Low,Moderate,No,No,70.5
STU00528,15,Female,7.5,71.1,49.0,51.5,7.3,Medium,Low,No,Yes,Yes,Medium,Moderate,No,No,46.9
STU00529,21,Female,23.1,87.0,72.7,90.5,6.9,Medium,Medium,Yes,No,No,Medium,Moderate,No,No,81.3
STU00530,17,Male,9.1,94.6,66.0,58.6,9.7,Medium,Medium,Yes,No,No,Medium,Moderate,No,No,66.7
STU00531,18,Female,40.0,92.7,89.8,89.9,8.3,Medium,Low,Yes,No,No,Medium,Far,No,Yes,92.6
STU00532,16,Female,11.8,100.0,52.6,75.5,5.8,High,Medium,No,No,Yes,Medium,Near,No,No,65.4
STU00533,21,Male,17.8,80.3,59.5,74.2,6.2,Medium,Medium,Yes,No,Yes,Low,Far,No,No,59.5
STU00534,16,Other,17.8,100.0,63.0,67.1,7.7,Medium,Low,Yes,Yes,No,Low,Near,No,No,76.8
STU00535,19,Female,16.4,84.4,69.9,55.2,7.4,Low,Low,Yes,Yes,No,Medium,Far,No,No,68.7
STU00536,16,Female,5.2,79.9,71.7,54.9,8.1,Medium,Medium,Yes,No,Yes,Low,Far,No,No,52.8
STU00537,19,Female,17.0,100.0,55.9,61.1,8.3,High,Medium,Yes,No,Yes,Medium,Near,No,No,68.9
STU00538,20,Male,16.9,81.3,48.6,77.5,9.4,High,High,Yes,No,Yes,Medium,Moderate,No,No,63.4
STU00539,21,Male,12.6,95.7,61.5,50.4,6.4,High,Medium,Yes,Yes,Yes,Medium,Moderate,No,No,76.4
STU00540,21,Male,29.8,80.1,64.4,97.2,10.0,Medium,Low,Yes,No,Yes,Low,Near,No,Yes,74.5
STU00541,15,Male,1.7,72.3,69.6,63.9,8.4,High,Medium,Yes,Yes,Yes,High,Moderate,No,No,68.7
STU00542,18,Male,,72.3,60.6,51.8,7.4,High,High,Yes,No,No,Medium,Near,Yes,No,56.6
STU00543,19,Female,21.0,92.1,61.2,83.1,6.8,High,High,Yes,No,Yes,Medium,Far,No,No,70.4
STU00544,15,Female,14.3,74.4,34.6,77.8,7.6,High,High,Yes,No,No,Medium,Far,No,No,53.3
STU00545,16,Female,8.0,82.9,51.1,52.2,4.3,Medium,Medium,Yes,No,No,Low,Moderate,Yes,Yes,52.1
STU00546,16,Female,16.6,78.5,69.9,75.1,6.9,Medium,High,Yes,No,No,Medium,Moderate,No,No,67.4
STU00547,15,Female,22.7,76.2,62.6,85.1,9.0,Medium,,Yes,No,No,High,Moderate,No,Yes,69.7
STU00548,21,Male,2.0,77.4,64.8,45.2,6.4,High,Medium,Yes,No,Yes,Medium,Near,No,Yes,56.6
STU00549,16,Male,20.8,87.1,55.5,85.3,4.2,Medium,Medium,Yes,No,Yes,High,Moderate,No,No,76.2
STU00550,20,Female,17.6,55.2,42.7,76.8,5.0,Low,Low,Yes,No,No,Medium,Moderate,No,No,50.9
STU00551,20,Female,13.2,93.4,56.5,76.2,6.5,Low,High,No,No,No,Low,Far,No,No,48.7
STU00552,15,Male,17.0,72.1,57.4,77.1,7.5,Low,Low,Yes,No,No,Low,Moderate,No,Yes,58.0
STU00553,19,Female,17.1,73.3,72.8,83.1,5.7,Medium,Low,Yes,No,Yes,Medium,Moderate,No,No,66.4
STU00554,19,Male,19.4,70.6,58.1,76.6,5.0,Low,Low,No,Yes,Yes,Medium,Moderate,No,No,62.6
STU00555,15,Female,7.1,87.7,39.8,53.7,5.9,Medium,Medium,Yes,Yes,Yes,Low,Near,No,No,46.1
STU00556,19,Female,23.7,99.6,58.1,76.5,9.9,High,Medium,Yes,Yes,Yes,High,Moderate,No,No,83.5
STU00557,21,Female,22.9,83.6,58.4,73.1,10.0,High,Low,Yes,No,No,Medium,Moderate,No,No,69.4
STU00558,21,Other,23.2,89.4,61.6,74.0,7.8,Medium,High,No,No,Yes,Medium,Near,No,No,68.6
STU00559,19,Female,1.2,90.4,68.8,60.6,7.4,Medium,Low,Yes,No,Yes,High,Moderate,No,No,65.4
STU00560,20,Female,24.2,92.4,61.8,78.4,8.7,High,Medium,Yes,Yes,Yes,High,Moderate,No,No,88.7
STU00561,19,Female,12.0,75.0,74.8,66.2,5.0,High,Medium,Yes,No,No,Medium,Moderate,No,No,65.7
STU00562,21,Female,19.2,100.0,65.3,53.5,6.2,Medium,High,Yes,No,No,High,Moderate,No,No,65.9
STU00563,17,Female,0.0,81.7,61.2,52.5,4.0,Medium,High,Yes,No,No,High,Moderate,No,No,53.8
STU00564,18,Male,9.5,87.8,68.5,63.6,7.7,Medium,Low,Yes,Yes,No,Medium,Moderate,No,No,65.6
STU00565,16,Male,21.7,83.5,68.9,77.9,6.9,Medium,Medium,Yes,No,No,Low,Far,No,Yes,72.8
STU00566,17,Female,19.2,80.5,54.4,55.2,5.8,High,High,Yes,No,No,Low,Near,No,Yes,61.5
STU00567,19,Male,6.4,94.4,65.0,52.5,9.9,Medium,Medium,Yes,No,Yes,Medium,Far,No,No,54.3
STU00568,20,Male,20.4,91.4,58.1,59.0,8.9,Medium,Low,Yes,No,Yes,Medium,Moderate,No,No,60.4
STU00569,15,Other,8.5,63.1,63.7,53.8,7.0,Medium,Medium,Yes,No,No,High,Moderate,No,No,61.4
STU00570,19,Female,12.9,89.2,67.4,63.9,5.8,Low,Medium,Yes,No,Yes,Medium,Moderate,No,No,58.8
STU00571,20,Female,,100.0,87.9,57.5,7.5,Medium,High,Yes,No,No,Medium,Near,No,No,68.8
STU00572,18,Male,17.7,86.9,61.9,68.2,7.2,Medium,Medium,Yes,No,Yes,High,Near,No,No,69.9
STU00573,19,Male,23.7,79.9,80.3,75.6,6.2,Medium,Medium,No,No,Yes,High,Moderate,No,No,72.8
STU00574,21,Male,22.1,81.2,75.7,73.8,5.5,Low,High,Yes,No,No,Medium,Moderate,No,No,68.3
STU00575,15,Male,7.7,79.4,70.4,46.8,7.4,High,Medium,Yes,No,Yes,Low,Moderate,No,No,64.7
STU00576,20,Male,14.6,73.5,59.5,61.0,7.3,Medium,Medium,No,No,No,Medium,Moderate,No,No,58.1
STU00577,20,Male,2.4,83.2,64.8,60.6,5.4,Medium,High,Yes,No,No,Medium,Near,No,No,54.0
STU00578,20,Female,25.9,83.1,41.1,93.8,,Low,Medium,Yes,No,No,Medium,Near,No,No,53.1
STU00579,18,Female,15.2,91.0,61.0,67.2,6.5,Medium,Medium,Yes,No,No,Medium,Moderate,No,No,65.7
STU00580,19,Male,20.2,79.8,49.7,78.9,4.9,Medium,Medium,Yes,No,No,High,Near,No,Yes,60.2
STU00581,18,Male,16.6,100.0,45.6,66.3,5.8,Medium,Medium,Yes,Yes,No,Medium,Moderate,No,No,61.9
STU00582,16,Female,10.0,75.6,47.7,56.0,6.2,High,High,Yes,No,No,Medium,Near,No,Yes,56.3
STU00583,16,Male,10.6,86.5,59.0,56.2,7.7,Medium,,Yes,No,No,Low,Moderate,No,No,59.7
STU00584,19,Female,18.6,77.5,54.5,94.3,6.2,High,,Yes,Yes,Yes,Medium,Near,No,No,81.7
STU00585,21,Male,28.1,79.6,61.7,74.1,7.4,Medium,Low,Yes,No,Yes,Low,Near,No,No,67.5
STU00586,18,Male,12.3,82.2,67.2,70.8,5.6,Medium,Medium,Yes,Yes,Yes,High,Moderate,Yes,No,62.6
STU00587,15,Male,24.4,87.0,75.2,67.1,7.5,Medium,Medium,Yes,Yes,No,Low,Moderate,No,No,70.7
STU00588,20,Male,22.4,93.0,46.4,99.4,6.5,High,High,Yes,No,No,Medium,Near,No,No,75.3
STU00589,20,Female,12.4,80.3,48.3,74.6,7.4,Medium,Medium,No,No,No,Low,Far,No,No,49.7
STU00590,19,Female,23.8,70.0,68.9,80.8,8.9,High,High,Yes,Yes,No,Low,Near,Yes,No,74.9
STU00591,21,Female,23.2,98.7,67.7,94.6,6.7,Low,Medium,No,No,Yes,Medium,Moderate,No,No,72.3
STU00592,16,Male,0.0,75.2,58.4,52.3,6.8,High,Medium,Yes,Yes,No,Medium,Near,No,No,55.0
STU00593,16,Female,20.6,82.5,48.6,82.8,7.7,Medium,Medium,No,No,No,Low,Near,No,Yes,60.4
STU00594,20,Female,25.2,85.6,68.9,92.5,7.8,High,Low,Yes,Yes,Yes,Medium,Moderate,No,No,87.5
STU00595,19,Female,5.7,84.0,48.8,55.2,4.0,Medium,Low,Yes,Yes,No,Medium,Near,No,No,56.6
STU00596,18,Male,4.5,70.9,55.3,55.3,5.3,Low,Low,Yes,No,No,Medium,Moderate,Yes,No,40.1
STU00597,16,Male,16.7,93.6,74.0,71.2,7.4,Low,Low,No,No,Yes,Low,Near,No,No,60.5
STU00598,18,Female,27.6,56.8,68.9,72.8,9.5,Low,Medium,Yes,Yes,No,Medium,Moderate,No,No,73.4
STU00599,21,Female,6.3,94.8,70.4,54.2,4.8,Medium,High,Yes,No,Yes,Low,Near,No,No,53.6
STU00600,16,Male,2.4,96.6,33.1,48.1,6.1,High,Medium,Yes,Yes,Yes,Medium,Near,No,No,60.2
STU00601,16,Male,11.4,94.0,57.6,72.8,,Low,Low,Yes,No,No,Low,Near,No,No,58.2
STU00602,17,Female,10.3,82.0,57.4,50.9,5.5,Medium,Medium,Yes,Yes,Yes,Medium,Moderate,No,No,53.5
STU00603,16,Female,1.6,86.3,73.9,59.8,7.8,Medium,Medium,Yes,No,No,Low,Moderate,No,No,57.2
STU00604,15,Male,10.3,78.3,41.3,66.1,8.1,Medium,Medium,Yes,No,No,High,Far,No,No,57.6
STU00605,19,Female,17.8,85.7,80.6,56.7,7.7,Medium,Medium,Yes,No,No,Medium,Moderate,Yes,No,71.6
STU00606,19,Female,29.9,91.3,68.8,92.8,7.3,Medium,Low,Yes,No,Yes,Low,Moderate,Yes,No,70.7
STU00607,18,Female,19.5,74.0,46.8,79.9,5.5,High,High,Yes,Yes,No,Low,Moderate,No,No,64.3
STU00608,21,Female,21.4,83.7,69.8,70.6,6.6,Low,Medium,Yes,Yes,Yes,High,Near,No,No,69.0
STU00609,16,Male,,80.2,55.9,57.1,8.9,High,Medium,Yes,No,Yes,Medium,Near,No,No,56.4
STU00610,15,Female,14.2,96.7,50.5,57.8,7.5,Medium,Medium,No,No,No,Medium,Moderate,No,No,55.2
STU00611,18,Male,13.2,75.6,42.8,83.0,4.0,Medium,Low,Yes,Yes,No,High,Moderate,No,Yes,57.5
STU00612,17,Female,17.6,91.3,58.6,69.9,8.2,High,,Yes,No,Yes,High,Near,No,No,75.3
STU00613,18,Female,19.8,84.5,62.7,73.7,7.6,Medium,High,Yes,No,No,Medium,Moderate,No,No,66.1
STU00614,18,Male,22.6,83.8,70.7,79.0,6.5,High,Medium,Yes,No,Yes,Low,Moderate,Yes,No,70.8
STU00615,16,Female,15.3,91.6,77.3,73.6,6.7,Medium,,Yes,No,No,High,Moderate,No,No,82.8
STU00616,17,Other,10.8,81.2,49.0,67.1,6.1,Medium,Medium,Yes,Yes,No,Low,Near,No,No,52.5
STU00617,18,Male,24.8,86.0,56.8,80.7,7.1,High,Medium,Yes,No,Yes,Medium,Moderate,No,No,79.0
STU00618,15,Female,20.8,96.1,53.8,71.6,7.0,Medium,Medium,Yes,No,Yes,Medium,Near,No,No,62.8
STU00619,15,Female,19.9,77.2,52.4,77.4,6.6,High,High,No,No,No,Medium,Near,No,No,64.8
STU00620,19,Female,14.7,87.7,56.4,73.7,7.4,Medium,Medium,Yes,Yes,No,Medium,Moderate,Yes,No,64.4
STU00621,17,Male,24.7,93.8,64.0,86.2,6.8,High,Medium,Yes,Yes,No,Medium,Near,No,No,85.2
STU00622,17,Male,4.9,89.7,63.4,61.7,8.5,Medium,Medium,Yes,No,No,High,Near,No,No,64.9
STU00623,19,Male,22.1,97.8,62.3,78.6,8.3,Medium,Low,Yes,No,No,Low,Near,No,No,67.3
STU00624,18,Female,22.1,83.8,44.1,84.7,5.0,Low,Medium,Yes,Yes,No,Medium,Moderate,No,No,60.6
STU00625,17,Male,7.8,91.7,40.9,46.8,7.6,Low,Medium,Yes,No,No,Medium,Near,No,No,42.2
STU00626,15,Female,9.6,96.0,40.6,47.0,6.6,Medium,Low,No,No,No,High,Near,No,No,51.7
STU00627,15,Male,4.7,68.1,51.2,37.4,5.5,Medium,Medium,No,Yes,No,Low,Moderate,No,No,47.1
STU00628,16,Female,19.1,80.9,46.4,76.0,7.5,High,Medium,Yes,No,No,Low,Moderate,No,Yes,70.5
STU00629,17,Male,,88.8,59.3,70.0,7.6,High,Medium,Yes,No,Yes,Low,Far,No,No,64.4
STU00630,18,Male,16.8,94.2,71.7,81.3,10.0,Medium,Medium,No,No,Yes,Low,Near,No,No,67.9
STU00631,19,Male,8.9,87.4,79.1,58.2,4.0,Medium,Low,Yes,No,No,High,Near,Yes,No,61.1
STU00632,19,Male,7.1,99.0,63.5,59.8,6.3,Medium,Medium,Yes,No,No,Medium,Moderate,No,Yes,62.6
STU00633,18,Female,0.0,79.7,53.7,42.0,10.0,Medium,Medium,Yes,No,No,Medium,Near,No,No,49.4
STU00634,21,Female,7.9,72.7,49.1,71.8,5.9,High,Medium,Yes,Yes,No,Medium,Far,No,No,53.9
STU00635,20,Female,26.4,92.9,59.9,82.4,7.5,High,Medium,Yes,No,Yes,Medium,Moderate,No,No,80.4
STU00636,16,Female,9.2,83.9,56.5,58.0,7.3,Low,Low,Yes,No,Yes,Low,Near,No,Yes,52.2
STU00637,19,Female,18.4,76.6,62.2,67.2,7.1,Medium,High,Yes,No,No,Medium,Moderate,No,No,61.1
STU00638,17,Female,6.3,100.0,56.3,60.6,6.2,Medium,Medium,Yes,No,Yes,Medium,Near,No,No,48.9
STU00639,16,Female,23.2,92.5,68.4,64.5,6.3,High,High,Yes,No,Yes,Low,Far,No,No,71.5
STU00640,17,Female,19.8,91.5,59.0,66.8,7.5,Medium,Low,Yes,No,Yes,Medium,Far,No,Yes,73.6
STU00641,21,Male,13.2,100.0,59.5,75.2,6.7,Medium,Medium,Yes,Yes,No,Medium,Moderate,No,No,81.2
STU00642,15,Female,16.9,81.1,66.0,49.6,7.5,Medium,Medium,Yes,Yes,Yes,Low,Near,No,No,56.4
STU00643,16,Male,17.5,99.1,52.9,56.8,7.7,Low,Low,Yes,Yes,Yes,Low,Near,Yes,No,57.5
STU00644,19,Female,7.0,89.2,71.4,68.4,8.5,Medium,High,Yes,No,No,Medium,Near,No,No,64.2
STU00645,16,Female,8.5,79.1,73.4,72.2,8.6,Medium,High,No,Yes,No,Low,Near,No,No,62.5
STU00646,16,Male,22.3,84.9,71.0,88.1,7.3,High,Low,Yes,No,No,High,Moderate,No,Yes,80.0
STU00647,16,Male,27.4,86.9,64.4,82.8,5.3,Medium,Medium,Yes,No,No,Low,Far,No,No,71.3
STU00648,20,Female,16.2,96.1,38.2,71.7,8.9,High,Low,Yes,No,Yes,Medium,Moderate,No,No,53.3
STU00649,16,Female,20.5,71.5,60.0,83.3,7.5,Low,High,Yes,No,Yes,High,Moderate,Yes,No,63.7
STU00650,17,Male,24.6,67.5,59.0,75.4,8.3,High,Low,Yes,No,Yes,High,Moderate,No,No,82.5
STU00651,15,Female,12.4,77.1,60.9,62.9,7.7,High,High,Yes,No,No,High,Far,No,Yes,67.0
STU00652,21,Female,,84.3,47.3,54.8,6.7,Medium,High,Yes,No,No,Low,Near,No,Yes,47.5
STU00653,18,Female,20.7,92.1,73.6,64.9,6.5,Medium,Medium,Yes,No,No,Medium,Moderate,No,Yes,66.9
STU00654,16,Other,32.5,80.4,63.4,92.5,9.4,Medium,Medium,No,No,Yes,Medium,Moderate,No,No,71.6
STU00655,19,Female,21.0,89.2,51.6,73.8,7.2,Medium,Low,Yes,No,No,Low,Far,Yes,No,52.8
STU00656,16,Male,17.4,100.0,59.0,65.1,7.0,High,Medium,Yes,No,No,Low,Far,No,No,70.3
STU00657,19,Female,10.3,68.0,58.5,75.1,5.8,High,Low,Yes,Yes,Yes,High,Moderate,No,No,71.6
STU00658,17,Female,14.5,83.6,51.4,59.7,6.6,Medium,Medium,Yes,No,No,Medium,Near,No,Yes,56.6
STU00659,19,Male,20.5,100.0,63.1,70.4,8.5,High,Medium,Yes,No,Yes,Medium,Moderate,No,Yes,75.4
STU00660,18,Male,19.6,77.9,40.9,73.9,7.2,Medium,Medium,No,Yes,Yes,High,Near,Yes,No,59.6
STU00661,15,Male,10.2,76.8,68.1,60.9,9.0,Low,Medium,Yes,No,No,Medium,Moderate,No,No,54.0
STU00662,19,Female,25.5,90.2,51.0,78.2,7.6,Low,High,Yes,Yes,No,Medium,Moderate,Yes,No,68.1
STU00663,19,Female,25.5,79.7,58.8,69.1,7.2,Medium,Medium,Yes,No,Yes,Medium,Moderate,No,No,71.6
STU00664,15,Female,14.1,95.8,46.8,71.4,6.4,Medium,High,Yes,No,No,Low,Far,No,No,59.4
STU00665,18,Female,17.2,100.0,70.8,70.0,7.2,High,High,Yes,Yes,No,Medium,Moderate,No,No,82.4
STU00666,16,Female,9.9,85.7,50.9,65.8,5.8,Low,Low,Yes,Yes,No,High,Near,No,No,59.2
STU00667,19,Male,8.5,100.0,63.4,61.3,8.0,Medium,High,Yes,No,No,High,Near,No,Yes,71.4
STU00668,15,Male,17.8,80.5,60.0,90.2,7.0,Medium,Medium,No,No,Yes,High,Far,Yes,No,62.9
STU00669,17,Male,8.8,83.3,70.9,71.6,6.7,Medium,Medium,Yes,No,Yes,Medium,Near,No,No,68.7
STU00670,15,Male,20.2,75.4,62.2,63.4,6.7,Low,Low,No,No,No,High,Near,No,No,62.1
STU00671,17,Female,11.8,80.5,54.3,86.5,8.1,Medium,Medium,No,No,Yes,Low,Near,No,No,52.1
STU00672,18,Female,23.4,82.6,69.3,74.0,6.1,Medium,Low,Yes,No,No,Low,Moderate,No,Yes,75.0
STU00673,16,Male,14.3,89.1,62.8,61.6,8.6,Medium,High,Yes,No,No,Medium,Near,No,No,63.1
STU00674,15,Female,0.0,72.5,58.5,44.8,6.4,Medium,High,Yes,No,No,Medium,Far,No,No,43.6
STU00675,21,Female,12.0,79.8,58.9,59.7,8.0,Medium,Medium,Yes,No,No,Low,Far,No,No,61.7
STU00676,21,Male,15.9,80.1,51.7,62.6,6.4,Low,Medium,Yes,Yes,Yes,Medium,Far,No,No,57.2
STU00677,20,Male,1.1,93.9,67.2,55.8,6.2,Medium,Medium,Yes,No,No,Low,Near,No,No,52.5
STU00678,19,Male,1.9,86.2,68.2,58.5,9.3,Medium,Low,No,No,Yes,Medium,Far,No,No,57.7
STU00679,18,Male,13.5,86.2,38.5,64.5,8.1,Medium,Low,No,No,No,Medium,Far,Yes,No,45.0
STU00680,15,Female,23.0,85.8,64.0,71.4,7.2,High,High,Yes,No,Yes,Medium,Far,No,No,75.8
STU00681,21,Male,20.1,67.6,48.2,75.6,4.8,Medium,Medium,No,Yes,Yes,Low,Moderate,No,No,57.6
STU00682,19,Male,14.9,100.0,77.9,67.1,7.7,Medium,Medium,Yes,Yes,Yes,Medium,Moderate,No,No,71.8
STU00683,21,Female,8.2,75.8,69.1,43.1,8.6,High,Medium,Yes,No,Yes,Medium,Near,No,No,63.6
STU00684,15,Other,7.8,93.9,67.1,66.6,7.3,Medium,High,Yes,No,Yes,Medium,Far,No,No,68.9
STU00685,17,Male,20.2,82.7,43.5,71.9,7.1,Medium,Low,Yes,No,Yes,Medium,Near,No,No,61.4
STU00686,15,Male,16.6,78.9,67.1,80.3,7.3,High,High,Yes,No,No,Medium,Near,No,No,75.1
STU00687,20,Male,21.8,95.4,45.7,64.7,7.7,High,Medium,Yes,No,Yes,High,Far,No,No,78.0
STU00688,15,Male,24.6,73.1,66.2,80.6,6.1,High,High,Yes,No,No,Low,Moderate,No,No,67.4
STU00689,15,Male,11.4,73.9,52.7,72.0,7.0,Medium,Medium,Yes,Yes,No,Medium,Near,No,No,64.7
STU00690,20,Female,18.5,86.6,42.1,81.5,7.2,Medium,Low,Yes,No,No,Medium,Far,No,No,63.7
STU00691,18,Male,19.6,86.9,59.4,70.9,8.4,High,Low,Yes,No,No,Medium,Far,No,No,66.1
STU00692,15,Male,9.4,93.2,59.5,47.5,4.0,Low,High,Yes,No,No,Low,Near,No,No,47.3
STU00693,20,Female,,92.2,41.9,63.7,8.5,High,Low,Yes,No,No,Low,Far,No,No,60.7
STU00694,19,Male,20.8,84.3,43.9,66.7,4.7,Medium,Medium,No,No,No,Low,Near,No,No,54.4
STU00695,17,Male,15.0,86.0,56.5,61.2,6.0,Low,Medium,Yes,Yes,No,High,Near,Yes,No,55.8
STU00696,17,Male,8.0,83.5,72.8,49.9,7.0,Low,Medium,Yes,Yes,No,Medium,Near,No,Yes,58.5
STU00697,15,Other,8.4,99.2,72.6,72.6,8.1,Medium,Medium,Yes,No,No,Medium,Near,No,No,70.3
STU00698,18,Male,4.7,75.2,66.1,50.6,8.7,Low,Medium,Yes,No,No,High,Near,No,No,52.6
STU00699,18,Female,12.1,85.3,67.8,65.4,6.0,Medium,Low,Yes,No,Yes,Low,Near,No,No,63.7
STU00700,19,Female,6.8,92.7,65.0,47.1,7.9,Medium,High,Yes,Yes,Yes,High,Far,No,No,64.0
STU00701,15,Male,15.8,96.1,50.9,78.8,5.7,Low,Medium,Yes,No,No,Medium,Moderate,Yes,No,52.0
STU00702,17,Other,33.2,78.3,59.4,91.2,5.3,Medium,Low,Yes,No,Yes,Medium,Far,Yes,No,71.9
STU00703,18,Male,18.7,75.3,51.4,85.1,9.4,Medium,Medium,Yes,No,No,High,Moderate,No,Yes,70.0
STU00704,15,Male,23.5,72.6,72.7,70.5,9.3,Medium,Medium,Yes,No,No,High,Near,No,No,68.9
STU00705,21,Female,18.2,81.6,55.6,71.8,6.5,High,High,Yes,No,No,High,Far,No,No,66.6
STU00706,18,Female,1.8,87.5,74.4,46.0,4.9,Medium,Low,Yes,No,Yes,Low,Far,No,No,45.9
STU00707,20,Female,16.0,80.3,51.3,63.7,5.3,High,Medium,Yes,No,No,High,Near,No,Yes,63.6
STU00708,21,Male,9.5,92.0,72.0,69.1,8.7,Medium,Medium,Yes,No,Yes,High,Near,Yes,No,71.0
STU00709,18,Male,8.4,84.3,71.7,61.2,7.6,Low,High,Yes,No,No,Medium,Moderate,No,No,62.0
STU00710,17,Female,13.2,91.1,72.0,57.5,5.4,High,High,Yes,Yes,No,Low,Moderate,No,No,75.5
STU00711,16,Male,20.0,86.5,76.1,57.6,7.3,Medium,Medium,Yes,Yes,No,Low,Far,No,No,74.2
STU00712,21,Male,12.6,68.1,51.1,65.1,5.8,Medium,Medium,Yes,No,Yes,High,Near,No,No,59.5
STU00713,19,Male,21.9,73.5,59.0,73.3,4.7,Medium,High,Yes,No,No,Medium,Near,No,Yes,60.7
STU00714,19,Male,16.5,96.6,58.7,81.1,5.4,Medium,Medium,No,No,Yes,Medium,Moderate,No,No,64.8
STU00715,17,Female,17.5,75.6,63.8,83.4,8.6,High,Low,Yes,Yes,No,Low,Moderate,Yes,No,70.8
STU00716,18,Male,14.5,93.5,41.7,72.6,4.5,High,Medium,Yes,No,No,Low,Near,Yes,No,57.9
STU00717,15,Other,25.3,86.3,55.4,85.8,6.8,High,Medium,Yes,No,No,Medium,Near,No,No,78.1
STU00718,18,Male,9.4,75.2,71.6,55.5,5.3,Medium,Low,Yes,Yes,Yes,Medium,Moderate,No,No,63.2
STU00719,17,Female,9.8,92.5,63.9,65.2,8.8,High,Low,Yes,No,No,High,Moderate,No,No,67.0
STU00720,19,Male,12.5,80.2,80.5,72.6,6.7,Medium,Low,No,No,Yes,Medium,Near,Yes,Yes,64.7
STU00721,18,Male,19.0,86.5,65.2,70.5,8.5,Low,,No,No,Yes,Medium,Moderate,No,No,62.3
STU00722,19,Male,20.1,82.9,60.2,82.7,5.9,Low,Medium,No,Yes,No,Low,Far,No,No,60.9
STU00723,21,Male,10.5,58.0,79.8,60.1,7.3,Medium,Low,Yes,No,No,Low,Far,No,Yes,57.4
STU00724,15,Female,22.2,91.7,68.1,76.1,6.0,High,High,Yes,No,No,Medium,Near,No,No,80.2
STU00725,21,Other,7.2,92.7,81.5,65.8,,Low,Medium,Yes,Yes,No,Medium,Near,No,No,65.9
STU00726,19,Female,20.7,80.1,62.9,60.6,5.7,Medium,Medium,No,No,No,Low,Far,No,No,56.0
STU00727,19,Male,17.9,91.4,72.0,67.0,6.4,High,High,Yes,No,Yes,High,Near,No,No,70.0
STU00728,16,Male,15.1,76.3,59.9,92.4,5.0,High,Medium,Yes,No,Yes,Medium,Moderate,Yes,No,63.8
STU00729,16,Male,18.8,76.5,68.3,57.1,8.2,Medium,Medium,Yes,No,No,Low,Moderate,No,No,61.8
STU00730,21,Female,14.0,87.4,57.4,77.1,5.7,Low,High,Yes,No,No,Low,Near,No,Yes,66.3
STU00731,20,Female,17.0,78.0,55.3,63.9,8.6,Low,Medium,Yes,No,Yes,Low,Moderate,No,No,58.9
STU00732,21,Female,34.2,83.7,65.8,81.8,5.9,Low,Medium,No,No,Yes,High,Moderate,No,No,67.6
STU00733,16,Male,22.2,75.6,55.3,72.2,6.5,Medium,High,No,Yes,No,Low,Moderate,No,Yes,68.0
STU00734,19,Female,10.7,72.2,60.7,47.3,5.8,Medium,Low,Yes,No,Yes,Medium,Near,No,Yes,54.3
STU00735,17,Male,12.6,87.1,58.8,57.4,7.0,Low,Medium,Yes,Yes,No,Medium,Far,No,No,64.1
STU00736,21,Female,24.7,87.2,46.9,91.0,5.8,Low,High,No,No,Yes,Low,Moderate,No,No,68.0
STU00737,19,Female,11.8,85.2,60.4,77.9,5.7,Low,Low,Yes,No,Yes,Low,Moderate,Yes,No,47.9
STU00738,17,Female,28.6,82.1,48.5,74.3,9.2,Medium,Medium,Yes,No,No,Low,Far,No,No,61.6
STU00739,17,Female,21.1,78.0,69.2,73.2,8.8,High,High,Yes,No,No,Medium,Moderate,No,No,70.8
STU00740,16,Male,4.2,74.2,64.0,58.7,9.9,High,Low,Yes,No,Yes,Low,Moderate,No,No,60.1
STU00741,21,Female,21.9,73.8,62.8,83.7,6.8,Medium,Medium,Yes,No,No,Low,Far,No,No,70.9
STU00742,18,Male,0.0,79.0,53.4,64.1,4.2,Medium,Medium,Yes,No,Yes,High,Near,No,No,58.0
STU00743,15,Female,12.2,95.2,69.7,60.8,6.9,Medium,High,Yes,No,No,Low,Moderate,No,No,67.8
STU00744,16,Male,21.8,87.3,52.5,76.4,5.9,High,Medium,Yes,Yes,No,Medium,Far,Yes,No,62.5
STU00745,16,Female,0.1,88.6,61.4,37.6,6.3,Medium,Medium,Yes,No,No,Medium,Near,Yes,No,51.0
STU00746,18,Female,31.2,72.4,52.5,82.4,6.9,Medium,Medium,Yes,No,No,Medium,Near,No,No,71.0
STU00747,15,Female,,86.9,56.5,73.0,9.6,Medium,Medium,No,Yes,Yes,Medium,Far,Yes,No,59.8
STU00748,19,Female,7.2,88.4,55.0,51.7,7.2,Low,Medium,Yes,Yes,Yes,Low,Far,No,No,49.5
STU00749,20,Female,27.2,100.0,51.1,87.8,10.0,Medium,Medium,Yes,No,No,Medium,Far,No,Yes,74.6
STU00750,21,Female,0.0,84.8,58.0,70.8,6.0,High,High,Yes,No,No,Medium,Near,No,Yes,54.5
STU00751,20,Female,6.9,81.1,61.8,47.1,9.2,Medium,Medium,No,Yes,Yes,Medium,Near,No,No,62.5
STU00752,19,Female,3.7,77.3,46.4,52.4,7.3,High,High,Yes,No,No,Low,Near,No,No,51.9
STU00753,16,Male,0.0,85.6,75.8,49.0,4.0,Medium,Low,Yes,No,No,High,Moderate,No,No,49.2
STU00754,15,Other,12.3,83.1,45.8,80.0,7.3,Low,Medium,Yes,Yes,Yes,Low,Moderate,No,Yes,58.2
STU00755,16,Female,16.5,96.2,78.7,66.6,8.1,High,Medium,Yes,No,No,Medium,Near,No,No,80.5
STU00756,17,Female,16.3,94.0,69.4,70.6,4.6,Low,Low,Yes,No,Yes,Medium,Near,No,No,61.7
STU00757,16,Male,16.0,75.0,46.1,69.7,6.6,Low,Medium,Yes,No,No,Low,Moderate,No,No,57.3
STU00758,16,Male,15.4,84.8,59.9,78.3,6.2,Medium,Low,Yes,Yes,No,Medium,Moderate,No,No,73.7
STU00759,19,Female,5.5,100.0,62.0,67.1,8.5,High,High,Yes,Yes,No,Medium,Near,No,No,66.1
STU00760,19,Male,11.0,70.3,52.9,58.4,6.3,Medium,Medium,Yes,No,No,High,Far,No,No,59.1
STU00761,19,Female,0.0,83.1,65.4,44.4,6.4,High,Low,Yes,Yes,Yes,High,Near,Yes,No,62.6
STU00762,20,Female,23.6,92.5,59.6,84.6,5.7,Medium,Medium,Yes,Yes,Yes,Medium,Moderate,No,No,73.5
STU00763,17,Male,15.8,82.6,56.8,82.2,5.6,High,High,Yes,No,Yes,Medium,Far,No,No,67.4
STU00764,19,Female,15.5,81.8,68.9,52.4,5.5,High,Medium,Yes,Yes,No,Low,Moderate,No,No,69.1
STU00765,15,Female,21.2,80.3,44.3,71.6,5.2,Medium,Low,Yes,No,No,Medium,Near,Yes,No,46.2
STU00766,20,Female,21.8,74.4,58.1,76.1,5.1,High,Medium,Yes,No,No,Low,Near,No,Yes,65.2
STU00767,18,Female,12.1,83.3,59.2,45.0,9.2,Medium,Medium,Yes,Yes,No,Medium,Far,No,No,59.9
STU00768,15,Male,14.1,95.3,59.3,61.5,9.1,Medium,High,Yes,Yes,No,Medium,Near,No,No,71.3
STU00769,21,Female,27.5,72.3,38.5,83.8,8.7,High,Low,Yes,No,No,Medium,Moderate,No,No,64.0
STU00770,21,Male,10.3,87.7,67.7,52.8,7.1,High,Medium,Yes,No,No,Medium,Far,No,No,68.0
STU00771,15,Female,27.5,95.8,64.8,68.9,,Medium,High,Yes,No,Yes,High,Far,No,No,73.1
STU00772,19,Female,12.2,84.8,44.0,67.5,7.8,Medium,Medium,Yes,No,Yes,Medium,Moderate,No,No,53.7
STU00773,18,Male,0.0,80.8,38.9,53.4,9.2,High,Medium,No,No,No,High,Far,No,No,44.7
STU00774,18,Female,15.7,91.7,62.2,61.7,7.3,Medium,Medium,Yes,Yes,No,Medium,Far,No,No,68.1
STU00775,20,Female,12.1,76.0,52.9,69.4,6.4,High,High,No,No,No,Medium,Near,No,No,60.2
STU00776,18,Male,4.2,89.2,47.9,31.0,7.9,High,Medium,Yes,No,No,Medium,Near,No,No,54.7
STU00777,21,Other,14.4,83.3,41.9,72.2,10.0,Low,Medium,Yes,Yes,No,Low,Near,No,Yes,55.1
STU00778,17,Male,11.1,85.6,69.7,76.9,5.8,High,Medium,Yes,No,No,High,Near,No,No,69.3
STU00779,19,Male,30.0,100.0,76.4,98.5,5.4,High,Low,Yes,No,No,Medium,Far,No,Yes,91.7
STU00780,18,Female,22.7,96.6,77.8,77.6,8.8,Low,Medium,Yes,No,Yes,High,Moderate,No,No,70.3
STU00781,20,Female,7.3,99.8,65.8,69.8,8.6,Medium,Medium,Yes,Yes,Yes,Medium,Far,No,No,58.6
STU00782,21,Female,9.1,76.8,45.9,59.1,5.4,High,Low,No,No,No,High,Moderate,No,No,56.5
STU00783,17,Female,23.0,74.8,70.6,87.1,7.5,Low,Low,Yes,No,No,Medium,Moderate,No,No,70.9
STU00784,16,Female,24.7,89.7,39.1,69.4,6.5,Medium,Low,No,No,Yes,Medium,Moderate,No,No,62.4
STU00785,16,Female,12.3,88.2,67.8,64.8,5.1,Medium,Medium,Yes,No,No,Low,Near,No,No,57.3
STU00786,17,Male,11.2,65.2,50.0,78.9,5.2,Low,High,Yes,No,Yes,Medium,Far,No,Yes,47.2
STU00787,21,Male,14.0,88.4,62.3,70.8,6.1,Medium,High,Yes,No,No,Medium,Moderate,No,No,66.3
STU00788,20,Male,17.3,100.0,76.7,78.8,7.2,Medium,Medium,Yes,No,No,Low,Moderate,No,No,74.4
STU00789,17,Male,20.8,100.0,67.6,79.7,,Medium,High,Yes,No,Yes,High,Near,No,No,77.5
STU00790,19,Female,21.2,78.0,45.3,73.4,6.4,Medium,High,Yes,No,Yes,Medium,Far,No,No,61.7
STU00791,19,Male,6.6,92.1,52.1,70.3,6.6,Low,High,Yes,Yes,No,High,Far,No,No,64.3
STU00792,16,Male,12.1,76.1,62.3,55.9,7.9,High,Medium,Yes,No,Yes,High,Moderate,Yes,No,67.2
STU00793,18,Male,0.0,84.0,72.6,42.4,6.5,High,Medium,Yes,No,Yes,Medium,Moderate,No,Yes,63.9
STU00794,20,Female,14.8,76.8,60.1,71.8,6.6,Medium,Low,Yes,No,No,High,Moderate,No,No,62.4
STU00795,16,Female,3.9,73.3,58.3,72.7,8.8,Low,,No,No,Yes,Medium,Near,No,No,43.2
STU00796,18,Female,9.1,93.8,52.5,43.5,6.4,Low,Medium,Yes,Yes,No,High,Near,No,Yes,67.7
STU00797,18,Female,23.8,87.9,63.8,66.8,,Low,Medium,Yes,Yes,Yes,Medium,Moderate,No,No,66.4
STU00798,19,Female,18.1,89.4,60.6,73.3,6.1,Medium,Medium,No,No,No,Medium,Near,No,No,62.4
STU00799,21,Female,17.8,91.3,52.2,76.0,6.7,High,Low,Yes,No,No,Medium,Moderate,No,Yes,70.2
STU00800,15,Male,15.0,87.0,76.0,71.8,8.9,Low,High,Yes,Yes,No,Medium,Moderate,No,No,63.3
STU00801,21,Female,26.2,74.6,82.9,84.2,7.7,Low,Low,Yes,No,No,Medium,Near,No,No,72.0
STU00802,15,Female,10.0,87.1,76.5,56.4,6.8,Medium,Low,Yes,No,No,Medium,Near,No,No,68.4
STU00803,17,Female,16.3,82.8,28.3,67.3,6.8,Medium,Medium,No,No,No,Medium,Near,No,No,42.2
STU00804,19,Female,15.9,83.1,74.4,70.3,8.2,Medium,Low,Yes,No,No,High,Near,No,No,70.8
STU00805,18,Female,12.2,75.6,71.8,81.6,6.8,High,High,Yes,Yes,Yes,Medium,Moderate,No,No,72.6
STU00806,20,Female,32.1,69.9,49.5,100.0,6.8,Medium,Medium,Yes,Yes,Yes,Medium,Moderate,No,No,73.2
STU00807,15,Female,5.2,79.3,46.2,75.9,7.5,Medium,Low,Yes,No,No,Medium,Far,No,No,53.7
STU00808,21,Male,0.2,90.5,63.4,51.5,5.9,Low,Medium,Yes,No,No,Medium,Near,Yes,No,46.8
STU00809,18,Female,15.9,84.3,60.1,60.8,9.9,Medium,Medium,Yes,No,Yes,High,Far,No,No,66.8
STU00810,15,Male,10.2,100.0,46.3,53.4,9.8,Low,,Yes,No,No,Medium,Near,No,Yes,48.9
STU00811,15,Female,0.0,84.3,67.5,52.2,,High,Medium,Yes,No,No,Low,Moderate,No,Yes,58.9
STU00812,15,Female,18.0,86.9,77.4,76.9,6.8,Medium,Low,Yes,Yes,Yes,Medium,Moderate,No,Yes,72.8
STU00813,20,Male,16.9,85.2,61.3,86.7,5.7,Low,Medium,No,Yes,Yes,Medium,Moderate,No,No,57.3
STU00814,19,Female,24.0,74.4,42.9,68.9,7.1,Low,High,Yes,Yes,No,High,Moderate,No,No,63.2
STU00815,20,Male,10.6,84.8,56.2,54.3,5.5,Low,Medium,Yes,No,No,Medium,Near,No,No,55.5
STU00816,16,Female,0.1,74.3,61.6,60.7,6.8,High,High,Yes,No,No,High,Near,No,No,62.3
STU00817,18,Male,7.5,84.3,69.0,48.8,8.1,Low,High,Yes,No,Yes,Medium,Far,No,No,55.5
STU00818,19,Female,0.0,67.4,51.5,50.5,8.6,Medium,Low,Yes,Yes,No,High,Near,No,No,60.7
STU00819,19,Male,27.0,84.3,60.0,98.6,9.2,Medium,High,Yes,No,No,Low,Near,No,No,75.3
STU00820,19,Female,23.0,86.5,57.0,86.4,7.7,Medium,High,Yes,Yes,No,High,Near,No,No,73.4
STU00821,21,Male,25.3,87.2,65.3,82.0,5.7,High,Medium,Yes,No,No,High,Near,No,No,75.9
STU00822,19,Female,20.3,70.7,47.3,79.4,9.2,Medium,Medium,Yes,No,No,High,Moderate,No,No,60.5
STU00823,20,Female,3.8,89.8,46.9,34.9,8.4,Low,Medium,Yes,Yes,No,Low,Moderate,No,No,39.7
STU00824,19,Other,11.8,91.6,58.6,80.3,6.4,Low,High,Yes,No,Yes,Low,Near,No,No,55.5
STU00825,17,Female,21.3,75.4,61.0,57.8,5.5,Medium,Medium,Yes,No,No,Medium,Near,No,No,61.6
STU00826,18,Female,1.4,94.9,69.4,46.5,7.3,Medium,Low,Yes,No,No,Low,Moderate,No,No,52.3
STU00827,19,Male,18.5,86.9,50.4,65.4,9.0,Medium,Medium,Yes,Yes,No,Low,Moderate,No,No,62.5
STU00828,18,Male,21.2,84.4,70.2,76.2,6.4,High,Medium,Yes,Yes,No,Low,Far,No,Yes,79.8
STU00829,17,Male,33.1,90.7,54.9,83.8,7.2,Low,Medium,No,No,Yes,Medium,Far,No,No,77.1
STU00830,17,Female,22.6,100.0,80.3,69.0,7.9,Medium,Low,No,Yes,Yes,Medium,Far,No,No,79.9
STU00831,18,Female,18.8,83.6,63.7,64.5,4.8,Low,Low,Yes,No,Yes,Low,Moderate,Yes,No,48.6
STU00832,15,Male,15.2,80.1,67.8,99.0,6.1,High,Low,Yes,No,Yes,Low,Moderate,No,No,81.9
STU00833,16,Female,19.3,100.0,58.9,71.0,9.4,High,Medium,Yes,No,Yes,Medium,Near,No,No,66.5
STU00834,21,Female,19.9,83.3,86.8,75.7,4.1,Low,Medium,Yes,No,No,Medium,Moderate,No,No,79.3
STU00835,15,Female,0.0,88.7,65.5,58.0,8.8,Medium,Low,Yes,No,No,Low,Near,No,No,55.9
STU00836,15,Male,16.7,83.3,62.5,71.1,8.8,High,Medium,Yes,No,Yes,Medium,Far,No,No,74.8
STU00837,20,Male,0.0,68.9,46.6,37.9,7.6,Low,Medium,Yes,Yes,No,High,Moderate,No,No,43.3
STU00838,21,Female,0.0,81.9,66.4,58.8,7.2,Low,Medium,Yes,Yes,Yes,High,Moderate,No,No,53.7
STU00839,21,Female,15.3,96.1,83.3,67.2,4.5,Medium,Medium,No,No,No,High,Near,No,No,67.3
STU00840,15,Male,18.8,76.9,52.1,65.9,7.7,Low,High,Yes,No,Yes,High,Moderate,No,No,61.3
STU00841,19,Female,4.4,98.2,67.0,44.3,6.4,High,,Yes,No,Yes,Medium,Near,No,No,71.5
STU00842,20,Female,23.8,92.6,66.9,77.5,8.8,High,Low,Yes,No,Yes,Medium,Near,No,No,74.1
STU00843,20,Female,27.2,75.0,61.2,100.0,7.5,High,Low,Yes,No,Yes,Medium,Near,No,No,81.8
STU00844,17,Female,21.4,73.0,81.2,73.5,4.7,Medium,High,Yes,No,No,Medium,Near,No,No,65.2
STU00845,21,Male,,72.7,51.5,52.3,5.8,Low,Medium,Yes,No,No,Medium,Moderate,No,No,53.4
STU00846,15,Male,17.5,80.9,65.9,69.6,4.7,Medium,,Yes,No,No,Medium,Moderate,No,No,65.2
STU00847,17,Female,15.9,74.1,56.4,84.0,5.0,High,Low,Yes,Yes,No,Medium,Far,No,No,63.7
STU00848,18,Male,16.7,97.2,61.5,77.1,8.3,Medium,Medium,Yes,No,No,Low,Moderate,No,No,68.6
STU00849,16,Male,6.8,73.2,73.2,50.7,6.6,High,Low,Yes,Yes,No,Medium,Near,No,No,70.0
STU00850,20,Male,12.0,76.1,63.7,50.1,5.9,High,Low,Yes,No,No,Low,Far,No,No,64.9
STU00851,18,Male,15.5,100.0,77.8,88.1,7.0,Medium,,No,Yes,No,Low,Moderate,No,Yes,79.4
STU00852,18,Male,17.7,82.4,64.3,62.7,6.4,Low,Medium,Yes,No,No,Low,Moderate,No,No,45.7
STU00853,19,Male,19.7,89.2,48.2,59.8,7.2,Low,Low,Yes,No,No,Medium,Moderate,No,Yes,47.8
STU00854,16,Male,7.0,89.6,54.9,59.0,10.0,Medium,Medium,Yes,Yes,No,Low,Far,Yes,No,52.3
STU00855,18,Male,13.6,70.5,72.0,63.5,7.0,High,Low,Yes,Yes,No,High,Near,No,Yes,69.0
STU00856,18,Female,12.9,93.0,60.6,73.6,8.7,Medium,Low,No,No,Yes,Medium,Near,No,No,75.5
STU00857,16,Female,30.7,91.1,67.1,99.2,4.1,High,Low,Yes,No,No,Medium,Moderate,No,No,84.0
STU00858,16,Female,17.0,91.5,63.8,65.6,6.4,Medium,Medium,Yes,No,Yes,Medium,Near,Yes,No,63.1
STU00859,18,Male,20.4,78.2,62.3,58.9,5.1,Low,Medium,Yes,No,No,Medium,Far,No,No,54.8
STU00860,16,Male,23.0,87.9,59.5,79.6,7.4,High,High,Yes,Yes,Yes,Medium,Moderate,No,Yes,81.3
STU00861,18,Female,21.8,83.3,31.8,79.2,8.2,Medium,Low,Yes,No,No,Medium,Moderate,No,No,68.2
STU00862,18,Female,0.0,85.9,69.0,75.1,8.3,Low,High,Yes,Yes,No,Medium,Moderate,No,Yes,59.6
STU00863,19,Female,13.6,77.2,75.2,55.1,6.8,High,Medium,Yes,No,No,High,Near,No,No,75.6
STU00864,15,Male,20.4,83.1,52.0,88.6,8.8,High,Low,Yes,Yes,No,High,Far,Yes,No,75.5
STU00865,18,Female,16.0,94.8,62.6,85.7,7.5,Medium,Medium,Yes,No,No,Medium,Far,No,No,68.2
STU00866,17,Male,1.7,65.7,61.8,37.9,7.9,Low,Low,No,No,Yes,Low,Moderate,No,No,39.2
STU00867,20,Male,6.7,81.3,70.2,51.4,6.3,Medium,Low,No,No,Yes,Medium,Far,No,No,57.5
STU00868,21,Female,7.9,91.4,58.2,61.3,6.2,Medium,High,Yes,No,No,Medium,Near,Yes,No,58.1
STU00869,15,Female,17.6,74.1,65.0,66.7,6.5,Low,Low,Yes,No,Yes,Medium,Far,No,No,57.8
STU00870,15,Male,16.9,89.0,42.5,72.6,8.9,Low,Low,Yes,No,No,High,Near,No,Yes,49.9
STU00871,15,Male,27.2,89.7,51.2,86.4,6.3,Low,Medium,Yes,Yes,Yes,Medium,Near,No,No,75.1
STU00872,19,Female,15.1,83.5,73.1,70.3,4.7,Medium,Medium,Yes,No,Yes,High,Near,No,No,69.9
STU00873,18,Male,16.6,88.0,59.4,70.7,6.7,High,Medium,Yes,No,Yes,Low,Near,No,No,71.7
STU00874,19,Male,4.3,100.0,49.4,58.4,6.1,High,Low,Yes,No,No,Low,Near,No,No,60.1
STU00875,18,Male,13.8,78.3,67.3,56.9,8.6,Low,,No,Yes,No,Low,Far,No,Yes,63.8
STU00876,19,Female,33.2,71.1,46.6,97.6,7.2,Low,High,Yes,No,No,High,Far,No,No,71.0
STU00877,19,Male,17.7,80.8,87.0,77.6,7.7,Low,Medium,Yes,No,Yes,High,Near,No,No,80.5
STU00878,20,Other,10.5,75.1,35.5,72.6,8.6,Medium,Low,Yes,No,Yes,Medium,Near,No,No,52.3
STU00879,17,Female,18.3,88.9,65.4,71.3,7.5,High,Low,No,No,Yes,Medium,Far,No,No,72.4
STU00880,19,Other,23.3,80.4,51.2,61.0,5.5,Low,Low,Yes,Yes,No,Medium,Near,No,No,67.0
STU00881,20,Female,19.0,91.1,74.2,81.7,7.6,Medium,Medium,Yes,No,Yes,High,Near,No,No,84.6
STU00882,16,Male,21.7,87.9,56.5,88.2,8.8,Low,High,Yes,No,No,High,Moderate,No,No,64.8
STU00883,17,Male,22.7,78.1,61.2,66.6,7.0,Low,Medium,Yes,No,No,Medium,Moderate,No,No,63.1
STU00884,19,Male,16.3,75.8,64.1,54.9,7.1,Low,Medium,Yes,Yes,No,Medium,Near,No,No,61.6
STU00885,21,Male,17.6,71.1,54.3,65.8,6.2,High,Medium,Yes,No,Yes,Low,Moderate,Yes,No,55.7
STU00886,15,Female,10.2,95.5,51.7,37.2,7.3,Low,Medium,Yes,Yes,Yes,Medium,Moderate,No,No,56.1
STU00887,16,Male,10.1,90.2,61.9,62.2,7.7,Medium,Medium,Yes,No,Yes,Medium,Near,No,Yes,64.4
STU00888,16,Male,14.4,80.9,66.4,73.7,8.8,Medium,Medium,Yes,No,Yes,Low,Far,No,No,58.2
STU00889,20,Male,4.4,91.1,62.7,50.7,9.6,Medium,Medium,No,No,Yes,High,Moderate,No,No,54.1
STU00890,16,Female,18.0,74.0,71.7,67.3,7.8,Low,Medium,Yes,No,No,Medium,Near,No,Yes,62.5
STU00891,17,Male,8.6,76.3,48.9,66.7,9.3,Medium,Medium,Yes,No,No,High,Near,No,No,53.4
STU00892,19,Male,16.4,75.3,52.7,67.4,7.5,Medium,Medium,No,Yes,No,Low,Near,No,No,55.5
STU00893,19,Male,19.1,87.8,50.8,72.7,7.9,Medium,Medium,No,No,No,Medium,Moderate,No,No,59.6
STU00894,21,Female,4.5,79.0,56.3,69.9,10.0,Medium,Medium,Yes,No,No,Medium,Near,No,No,52.6
STU00895,15,Female,,70.5,63.9,72.0,6.9,Medium,Medium,Yes,No,Yes,Low,Moderate,No,No,63.0
STU00896,20,Male,0.0,85.9,50.6,55.9,5.3,Low,Medium,No,No,Yes,Medium,Near,No,No,38.0
STU00897,15,Male,19.7,90.7,73.4,73.8,10.0,Medium,High,Yes,No,Yes,Low,Moderate,No,No,69.4
STU00898,16,Male,19.8,83.6,57.6,75.6,8.0,Medium,Low,Yes,No,No,Low,Moderate,No,No,56.8
STU00899,21,Male,20.4,96.4,75.3,58.5,5.3,High,High,No,Yes,Yes,Low,Moderate,No,Yes,73.2
STU00900,15,Female,17.8,93.0,43.4,45.8,6.8,Medium,Medium,Yes,No,Yes,Low,Moderate,No,No,59.5
STU00901,17,Female,10.9,96.2,49.2,58.7,7.7,Medium,Medium,Yes,Yes,Yes,Medium,Far,No,No,62.6
STU00902,19,Male,11.1,92.8,41.4,73.8,5.9,Medium,Low,Yes,No,No,Low,Moderate,No,Yes,52.8
STU00903,16,Female,10.1,87.4,60.2,66.0,5.2,High,Low,Yes,No,Yes,Medium,Near,No,No,64.2
STU00904,21,Male,23.2,72.6,43.6,75.9,8.2,High,High,Yes,Yes,No,Medium,Moderate,No,No,77.8
STU00905,15,Female,28.5,81.5,56.0,89.0,4.2,Low,High,Yes,No,No,Medium,Far,No,Yes,69.0
STU00906,20,Female,15.7,79.9,60.4,64.3,6.2,High,Medium,Yes,No,Yes,High,Near,No,No,70.4
STU00907,17,Male,7.1,76.1,50.9,63.8,6.2,Low,Low,No,No,No,Medium,Near,No,No,42.9
STU00908,17,Female,12.8,79.3,57.0,57.3,5.5,High,High,No,No,Yes,Medium,Moderate,Yes,Yes,53.7
STU00909,15,Male,22.8,70.4,69.1,71.9,,Medium,Medium,No,Yes,Yes,Low,Moderate,No,No,70.7
STU00910,19,Male,19.4,93.8,74.4,62.0,6.7,Medium,High,Yes,No,Yes,Medium,Moderate,No,No,74.4
STU00911,15,Male,15.3,74.4,59.8,57.3,4.0,Medium,Medium,Yes,Yes,No,High,Near,No,No,61.9
STU00912,16,Male,12.9,93.1,67.6,60.6,7.4,Medium,Medium,Yes,Yes,No,Medium,Near,No,No,76.3
STU00913,15,Female,1.5,98.3,76.9,66.5,8.2,High,Medium,Yes,No,No,Low,Far,No,No,68.2
STU00914,17,Female,13.3,77.3,69.0,65.8,9.2,Medium,Low,Yes,No,No,Medium,Near,No,No,60.0
STU00915,21,Female,11.9,79.5,67.5,62.7,6.9,Medium,Low,No,No,Yes,Medium,Near,No,No,60.9
STU00916,15,Female,11.6,90.0,36.4,78.0,4.0,Medium,High,Yes,No,Yes,Medium,Moderate,Yes,No,38.5
STU00917,19,Female,17.3,80.6,58.1,59.8,8.3,Low,Medium,Yes,No,Yes,Medium,Far,No,No,58.6
STU00918,21,Male,29.0,77.0,65.3,76.9,7.1,High,Low,Yes,Yes,Yes,Low,Moderate,No,No,76.6
STU00919,20,Female,15.2,89.4,61.0,63.6,8.1,High,Medium,Yes,Yes,No,High,Far,No,No,77.5
STU00920,18,Male,19.8,77.6,54.9,76.1,7.2,Low,High,Yes,Yes,Yes,Low,Near,No,No,68.8
STU00921,15,Female,14.5,100.0,55.8,87.0,7.8,High,Medium,Yes,No,No,Low,Near,No,No,71.9
STU00922,19,Female,14.5,90.6,76.1,88.8,5.6,Low,Medium,Yes,Yes,No,Medium,Near,No,No,74.7
STU00923,21,Male,24.1,91.7,59.6,78.2,5.3,High,Low,Yes,No,Yes,Low,Far,No,Yes,70.1
STU00924,19,Female,18.0,84.1,54.8,61.6,6.8,Medium,High,Yes,No,No,Low,Moderate,No,No,63.6
STU00925,20,Female,21.2,100.0,66.8,68.7,6.9,High,Low,Yes,Yes,No,Low,Near,No,Yes,81.1
STU00926,17,Female,24.9,77.6,70.5,74.8,5.8,Low,Medium,Yes,Yes,Yes,Medium,Moderate,No,Yes,68.9
STU00927,19,Male,17.9,92.6,61.6,84.7,,High,Medium,Yes,No,Yes,High,Near,No,Yes,70.2
STU00928,21,Male,17.0,71.6,51.6,78.7,5.8,Medium,Medium,No,Yes,Yes,High,Moderate,No,No,64.3
STU00929,19,Male,20.9,100.0,38.7,79.1,8.7,Medium,Low,Yes,No,No,Medium,Far,No,No,61.1
STU00930,19,Male,9.8,93.2,61.6,47.1,5.6,High,Medium,Yes,No,No,Low,Near,No,No,66.8
STU00931,19,Male,9.9,75.6,53.1,69.0,7.8,Medium,Medium,Yes,Yes,No,Medium,Near,Yes,No,47.6
STU00932,16,Female,8.9,90.3,58.4,38.9,5.8,High,High,Yes,Yes,No,Medium,Near,No,No,66.9
STU00933,16,Male,11.1,95.6,63.8,54.0,7.7,Medium,Medium,Yes,Yes,Yes,Medium,Near,No,No,68.4
STU00934,17,Female,5.5,76.1,58.7,51.9,9.0,High,Low,Yes,No,No,Low,Near,No,Yes,54.0
STU00935,15,Female,1.7,80.4,45.8,61.2,8.7,Medium,Low,No,No,No,Low,Moderate,No,No,50.3
STU00936,19,Female,8.4,75.1,59.8,69.4,6.6,Medium,High,Yes,No,No,Medium,Near,No,No,62.4
STU00937,20,Male,0.0,89.8,64.2,48.3,7.4,Low,High,Yes,Yes,Yes,Medium,Far,Yes,No,45.9
STU00938,15,Female,17.3,86.8,68.9,63.7,6.3,High,Low,Yes,No,No,High,Near,No,No,71.5
STU00939,20,Female,15.8,85.3,75.4,71.6,8.4,High,High,Yes,No,No,Medium,Near,No,No,79.7
STU00940,15,Male,20.9,76.9,58.7,70.0,6.9,High,Medium,Yes,Yes,No,Low,Near,No,No,76.6
STU00941,17,Male,,82.9,58.6,58.6,9.0,High,High,Yes,No,No,Medium,Moderate,No,No,58.9
STU00942,19,Female,19.0,77.8,82.2,69.4,5.6,High,Low,Yes,No,No,Medium,Moderate,Yes,No,75.1
STU00943,19,Male,8.5,89.8,46.4,64.6,5.8,High,Medium,Yes,Yes,No,Low,Far,No,No,67.7
STU00944,18,Male,21.2,74.5,45.1,66.2,8.0,High,Medium,Yes,No,No,Low,Moderate,No,No,64.4
STU00945,20,Male,0.4,77.0,67.7,46.1,7.7,High,High,Yes,Yes,No,Low,Far,No,No,64.4
STU00946,15,Male,13.1,93.2,76.6,52.2,9.7,High,High,Yes,Yes,Yes,Low,Moderate,Yes,No,73.5
STU00947,15,Female,11.8,80.6,69.7,57.6,6.6,Medium,Low,No,No,No,Medium,Near,No,No,60.2
STU00948,16,Male,21.4,100.0,55.8,80.7,6.2,Medium,High,No,No,No,High,Far,No,Yes,72.5
STU00949,18,Female,21.3,87.0,78.2,74.6,6.1,Medium,Medium,Yes,No,Yes,Medium,Far,No,Yes,74.1
STU00950,21,Female,24.8,66.9,54.8,50.2,6.6,Low,Medium,Yes,No,No,Medium,Far,Yes,No,47.6
STU00951,21,Female,0.0,71.8,46.5,48.8,7.5,Medium,High,No,No,No,Medium,Near,No,No,43.9
STU00952,16,Female,27.0,79.1,50.2,81.6,4.5,High,Medium,Yes,Yes,Yes,Medium,Moderate,No,No,68.7
STU00953,16,Female,7.6,92.4,57.7,71.2,5.2,Low,Medium,Yes,No,Yes,Low,Near,No,No,56.5
STU00954,16,Male,28.7,91.4,81.9,86.9,7.3,Low,High,Yes,No,No,Medium,Near,No,No,83.3
STU00955,20,Female,32.8,80.2,57.5,100.0,7.6,Low,Low,Yes,No,Yes,Medium,Moderate,No,No,69.6
STU00956,20,Female,24.5,97.3,89.9,90.0,6.5,Medium,High,No,No,No,Low,Far,No,No,76.4
STU00957,17,Female,8.1,88.3,58.0,48.8,7.7,Low,High,Yes,No,No,Medium,Moderate,No,No,50.7
STU00958,17,Female,5.0,81.8,47.0,78.9,4.7,Low,Medium,Yes,No,Yes,Medium,Far,No,No,48.7
STU00959,16,Male,9.4,96.7,70.3,57.6,5.9,Medium,High,Yes,No,No,Medium,Near,No,No,62.5
STU00960,18,Male,19.6,76.9,44.0,69.1,5.9,Medium,Medium,Yes,Yes,No,Low,Near,No,No,62.0
STU00961,15,Female,6.5,90.6,56.8,45.7,5.7,Medium,Medium,Yes,Yes,No,Medium,Moderate,Yes,No,45.4
STU00962,20,Male,0.1,91.6,57.7,40.0,8.2,Low,Medium,Yes,No,Yes,Medium,Near,No,No,45.5
STU00963,18,Female,23.6,91.2,59.9,52.4,8.4,Medium,Low,Yes,No,Yes,Low,Far,No,No,65.8
STU00964,19,Male,10.2,83.4,64.2,69.3,4.0,Medium,High,Yes,No,No,Low,Near,No,No,54.7
STU00965,20,Male,22.3,93.7,55.5,87.1,4.0,Low,Medium,Yes,Yes,Yes,Medium,Moderate,No,No,63.8
STU00966,20,Male,21.2,100.0,57.7,79.6,7.2,Medium,Medium,Yes,No,No,Low,Moderate,No,No,74.4
STU00967,17,Male,16.6,83.4,78.5,69.4,6.1,Medium,High,Yes,No,No,Medium,Near,No,No,72.3
STU00968,15,Female,21.7,85.7,52.3,69.8,6.8,High,Medium,Yes,Yes,No,Medium,Far,No,No,76.4
STU00969,15,Male,26.8,94.3,56.6,82.9,7.5,High,Medium,No,Yes,No,Low,Moderate,No,No,83.2
STU00970,21,Other,21.1,82.3,66.1,74.9,9.7,High,High,Yes,Yes,Yes,Low,Moderate,No,No,75.5
STU00971,21,Female,21.3,82.1,63.4,85.7,6.9,High,,Yes,No,No,Medium,Far,No,No,77.7
STU00972,21,Male,18.1,73.4,59.2,72.9,8.3,Medium,High,No,No,Yes,Low,Near,No,No,62.6
STU00973,21,Female,11.5,67.8,64.2,55.4,6.3,Medium,Medium,Yes,No,Yes,Low,Far,No,Yes,62.3
STU00974,19,Female,17.5,73.7,56.5,74.9,7.7,Low,Low,Yes,No,Yes,Medium,Near,No,No,61.9
STU00975,19,Female,16.7,93.6,76.8,65.4,8.1,High,Low,Yes,No,No,Medium,Near,No,No,85.6
STU00976,20,Male,18.9,74.7,60.3,81.4,6.2,Medium,Medium,Yes,No,No,Medium,Far,No,No,72.5
STU00977,16,Female,17.7,89.9,49.9,71.8,6.0,Medium,Medium,Yes,No,No,Low,Far,No,No,53.2
STU00978,17,Female,11.3,99.9,69.8,80.6,6.3,Medium,High,Yes,No,No,Medium,Near,No,Yes,74.5
STU00979,17,Male,24.1,86.6,51.8,81.0,8.3,Medium,Low,Yes,No,No,Medium,Moderate,No,No,65.2
STU00980,21,Male,10.8,76.2,64.3,80.3,8.1,Medium,Medium,No,No,No,High,Far,No,No,69.7
STU00981,20,Female,18.2,83.7,53.1,72.0,4.0,High,Low,Yes,Yes,No,Medium,Near,No,No,73.4
STU00982,18,Male,19.1,88.8,48.6,80.8,6.4,High,Medium,Yes,Yes,Yes,Low,Near,No,No,74.7
STU00983,16,Female,6.6,88.8,83.3,57.2,7.6,Medium,High,Yes,No,Yes,Medium,Moderate,No,No,62.5
STU00984,20,Male,27.5,86.2,47.7,76.0,9.3,Medium,High,No,Yes,Yes,Medium,Near,No,No,67.8
STU00985,16,Female,14.7,91.3,57.3,57.5,6.9,Medium,Medium,Yes,No,Yes,Medium,Near,No,No,67.1
STU00986,16,Female,7.1,95.0,62.0,62.3,7.6,Medium,Low,Yes,No,No,High,Far,No,No,67.0
STU00987,16,Male,15.0,80.2,79.6,73.8,7.2,High,High,Yes,Yes,No,Medium,Near,No,No,82.5
STU00988,20,Male,7.2,99.0,53.9,50.4,6.2,Medium,,Yes,No,Yes,Low,Far,No,No,51.6
STU00989,21,Female,10.4,88.3,70.8,54.7,5.0,Medium,High,Yes,No,Yes,Medium,Moderate,No,Yes,62.5
STU00990,17,Female,10.2,62.7,52.0,76.3,5.1,Low,High,Yes,Yes,Yes,Low,Moderate,No,No,47.0
STU00991,17,Female,13.9,83.1,38.9,80.4,8.2,Medium,Low,Yes,Yes,No,Medium,Moderate,No,No,63.5
STU00992,21,Male,25.9,83.3,65.4,87.9,7.2,High,Low,Yes,No,Yes,Medium,Moderate,No,No,79.6
STU00993,16,Male,15.9,95.8,59.1,75.2,5.9,High,High,Yes,No,No,Medium,Near,No,No,64.9
STU00994,18,Male,16.3,79.2,60.5,80.2,4.9,Low,High,Yes,No,No,Low,Near,No,No,50.5
STU00995,15,Female,11.2,86.5,52.1,77.9,8.2,High,Medium,Yes,Yes,No,Medium,Moderate,Yes,No,64.3
STU00996,20,Male,17.3,70.8,47.5,77.0,5.5,Low,High,Yes,Yes,No,Medium,Near,Yes,Yes,52.3
STU00997,15,Male,14.7,76.7,76.6,79.2,8.0,High,High,No,Yes,No,Medium,Near,No,No,80.4
STU00998,21,Female,14.3,93.0,62.7,59.7,6.8,High,Medium,No,No,No,Low,Far,No,No,65.2
STU00999,18,Female,20.7,72.8,40.2,67.5,6.9,High,Medium,No,No,No,Medium,Far,No,No,64.7
STU01000,20,Male,7.5,94.7,72.5,68.0,9.6,High,Medium,Yes,Yes,No,Low,Near,Yes,No,73.4
STU01001,21,Male,25.1,96.4,72.3,70.5,4.0,High,Low,Yes,Yes,No,Low,Near,No,No,82.9
STU01002,16,Female,0.0,97.4,68.6,62.1,5.7,Medium,Medium,No,Yes,No,Low,Moderate,No,No,61.3
STU01003,17,Female,14.3,100.0,60.6,58.7,9.4,Medium,,Yes,No,No,Low,Far,No,No,56.3
STU01004,15,Male,25.9,92.8,63.6,87.1,8.4,Medium,Medium,Yes,No,No,Medium,Near,No,No,75.5
STU01005,19,Female,24.7,89.3,71.3,81.2,6.6,Medium,Low,Yes,No,No,High,Near,No,No,78.8
STU01006,19,Female,16.3,91.2,76.6,62.0,9.8,Medium,High,No,No,Yes,Medium,Far,No,No,66.8
STU01007,18,Male,8.5,85.7,63.8,60.4,8.5,High,High,Yes,Yes,No,Low,Far,No,No,67.4
STU01008,16,Male,13.9,81.3,71.2,66.6,6.2,Medium,Low,Yes,No,No,Medium,Moderate,No,No,66.4
STU01009,15,Female,35.7,92.7,43.0,96.3,5.4,Medium,Medium,Yes,No,Yes,Medium,Near,No,Yes,73.1
STU01010,16,Female,20.7,89.5,31.3,63.8,9.1,Low,High,Yes,No,Yes,Low,Moderate,Yes,No,41.9
STU01011,15,Male,1.4,93.8,73.1,55.6,5.8,Medium,Medium,Yes,No,No,High,Moderate,No,No,67.7
STU01012,18,Female,15.7,82.9,52.4,75.2,7.4,Medium,Medium,Yes,Yes,No,Medium,Near,No,Yes,69.9
STU01013,18,Female,10.2,83.8,53.5,75.3,9.2,Low,Low,Yes,No,Yes,High,Near,No,Yes,54.8
STU01014,19,Male,4.8,87.1,66.2,42.2,7.3,Medium,Medium,Yes,No,No,Medium,Near,No,No,52.4
STU01015,16,Female,18.9,83.7,62.0,78.7,7.0,High,High,Yes,No,Yes,Medium,Moderate,No,No,69.3
STU01016,20,Female,7.2,100.0,67.0,53.7,4.5,High,Medium,Yes,No,No,Low,Moderate,No,No,61.2
STU01017,19,Male,27.4,100.0,83.4,95.9,8.5,High,High,Yes,No,No,Medium,Far,Yes,No,93.1
STU01018,16,Male,25.7,85.0,58.5,76.9,4.3,Medium,Low,Yes,No,Yes,Low,Moderate,Yes,Yes,64.4
STU01019,19,Male,9.2,83.7,54.5,60.3,9.0,Low,Medium,Yes,Yes,No,High,Far,No,Yes,61.3
STU01020,20,Female,8.7,89.5,44.6,71.0,4.5,High,Medium,No,No,No,Medium,Far,No,No,51.0
STU01021,17,Other,20.4,80.7,77.6,68.7,5.8,Low,High,Yes,No,No,High,Near,No,Yes,67.7
STU01022,17,Male,23.1,80.5,67.8,64.6,8.8,High,High,Yes,No,No,Medium,Near,No,No,76.0
STU01023,17,Female,13.0,85.4,46.9,34.5,9.2,High,Medium,Yes,Yes,Yes,High,Moderate,No,Yes,61.9
STU01024,17,Female,22.8,81.3,62.1,77.0,,High,Low,Yes,No,No,Low,Near,No,No,77.0
STU01025,21,Female,28.3,86.8,79.4,61.5,6.5,High,Medium,Yes,No,Yes,Medium,Far,No,No,80.2
STU01026,15,Male,17.6,88.7,64.0,55.6,7.2,Low,Medium,Yes,No,No,Medium,Near,No,No,64.0
STU01027,21,Male,6.8,53.2,79.1,54.9,4.1,Low,High,Yes,Yes,No,Medium,Near,No,No,46.7
STU01028,21,Male,21.3,65.7,74.7,81.2,8.6,Medium,Medium,Yes,No,Yes,Medium,Moderate,No,No,73.8
STU01029,21,Female,16.1,76.5,54.1,65.8,6.1,High,Medium,Yes,No,Yes,Low,Moderate,No,Yes,72.0
STU01030,17,Male,12.4,87.8,68.4,51.7,6.6,Low,Medium,Yes,No,No,Low,Moderate,No,No,57.9
STU01031,20,Female,21.0,77.3,57.9,70.7,7.1,High,Medium,No,No,Yes,High,Moderate,No,Yes,75.3
STU01032,18,Male,24.7,100.0,82.6,57.2,7.4,Low,High,Yes,Yes,No,Medium,Near,No,No,75.8
STU01033,18,Male,16.5,93.9,74.8,71.6,7.7,High,High,Yes,No,No,Low,Near,No,No,81.5
STU01034,15,Female,0.0,100.0,66.4,69.4,8.8,Medium,High,Yes,No,Yes,Medium,Far,No,No,57.7
STU01035,17,Female,16.0,94.0,65.6,82.2,8.9,Medium,Medium,Yes,No,No,High,Near,No,No,75.4
STU01036,17,Male,16.8,69.2,54.9,58.7,7.0,High,Medium,Yes,No,No,Low,Near,No,No,66.0
STU01037,17,Male,35.7,73.3,54.1,80.8,8.1,Medium,High,Yes,No,No,High,Moderate,No,No,70.6
STU01038,19,Other,16.0,79.9,47.6,55.8,8.3,Low,Medium,Yes,No,Yes,High,Near,No,Yes,50.6
STU01039,16,Male,13.6,73.0,49.0,53.4,4.4,High,,Yes,No,No,High,Moderate,No,No,53.2
STU01040,19,Male,20.5,95.8,70.4,64.3,6.3,Medium,Medium,No,No,Yes,High,Moderate,No,Yes,63.5
STU01041,16,Female,12.6,83.4,54.9,56.3,5.6,Medium,Low,Yes,No,Yes,Medium,Moderate,No,No,63.2
STU01042,17,Male,9.5,87.1,49.7,66.9,7.0,High,High,No,Yes,No,Medium,Moderate,No,No,67.3
STU01043,17,Male,2.2,98.8,63.9,62.2,8.9,High,Medium,Yes,No,Yes,Low,Near,No,No,59.2
STU01044,19,Male,10.2,100.0,53.7,51.8,8.2,Medium,Low,No,No,Yes,Low,Moderate,No,No,52.8
STU01045,19,Male,0.0,82.3,58.1,34.2,8.2,High,Medium,Yes,No,No,Medium,Near,No,No,45.4
STU01046,16,Male,17.3,71.4,58.6,78.9,6.4,Low,Medium,Yes,No,No,Medium,Near,No,No,55.0
STU01047,18,Male,16.7,73.1,56.4,80.1,6.4,Medium,Medium,Yes,No,No,Low,Moderate,No,Yes,66.3
STU01048,16,Male,20.6,96.5,63.8,88.3,6.1,Low,Medium,No,No,No,Medium,Near,No,No,57.1
STU01049,19,Male,6.8,87.7,67.8,51.0,5.7,Medium,Low,Yes,No,Yes,Low,Moderate,No,No,50.7
STU01050,20,Female,3.5,76.1,73.5,42.9,7.9,Medium,Low,Yes,No,Yes,High,Moderate,No,No,61.3
STU01051,19,Male,31.5,92.1,71.0,96.2,6.2,High,High,Yes,No,No,Low,Far,Yes,No,82.9
STU01052,20,Male,14.4,74.2,62.7,83.1,5.0,Medium,High,Yes,Yes,No,Medium,Moderate,No,No,63.2
STU01053,15,Female,20.6,67.3,37.4,75.4,7.4,High,High,Yes,Yes,No,Medium,Near,No,No,61.4
STU01054,19,Female,16.1,64.9,48.2,83.2,7.1,Medium,Medium,Yes,Yes,Yes,Low,Near,No,No,59.1
STU01055,15,Male,21.0,70.5,76.5,71.1,,Medium,Medium,Yes,Yes,No,High,Near,No,No,77.6
STU01056,18,Female,16.8,96.6,63.5,66.5,9.2,Medium,High,Yes,Yes,No,Medium,Near,No,No,58.8
STU01057,16,Male,8.6,83.0,40.8,74.3,7.0,Medium,Medium,Yes,Yes,No,Medium,Near,No,No,57.8
STU01058,20,Male,19.3,84.7,41.3,74.2,6.0,High,Medium,Yes,No,No,Low,Near,No,No,56.1
STU01059,16,Female,17.4,86.9,75.6,78.1,6.0,High,Medium,Yes,Yes,No,Medium,Moderate,No,No,78.9
STU01060,15,Female,1.5,74.9,64.5,42.1,5.6,Medium,Medium,Yes,No,No,Low,Moderate,No,No,50.1
STU01061,20,Male,17.4,80.2,61.5,66.6,5.9,Medium,High,Yes,No,Yes,Medium,Moderate,Yes,No,54.1
STU01062,16,Male,11.9,81.2,83.1,48.6,5.1,Medium,High,Yes,No,No,Medium,Moderate,No,No,63.5
STU01063,19,Female,9.7,75.7,71.5,61.7,7.2,Medium,High,Yes,No,No,High,Moderate,No,No,65.1
STU01064,17,Male,22.8,80.1,66.2,70.1,6.0,Low,Low,Yes,No,No,Medium,Moderate,No,No,58.0
STU01065,15,Female,14.4,83.8,64.9,70.4,7.2,High,Medium,Yes,No,No,Low,Moderate,No,No,69.6
STU01066,16,Male,14.7,82.5,62.9,64.6,6.5,Low,High,Yes,No,No,Low,Near,No,No,59.2
STU01067,15,Female,15.7,89.3,70.8,87.4,6.8,Low,Medium,Yes,No,No,Medium,Moderate,No,Yes,71.6
STU01068,21,Female,14.7,80.1,85.3,70.8,9.6,Medium,Medium,Yes,No,No,Low,Moderate,No,No,67.5
STU01069,15,Female,14.2,100.0,47.1,68.0,8.7,Low,High,Yes,No,No,Low,Near,No,No,50.5
STU01070,20,Female,26.6,74.7,51.0,74.8,4.7,High,Medium,No,No,No,High,Near,No,No,68.2
STU01071,21,Female,9.5,79.7,57.9,61.9,6.1,High,Medium,Yes,Yes,No,Low,Near,No,Yes,72.7
STU01072,20,Male,1.1,88.9,54.9,58.6,4.2,Medium,Low,No,No,No,High,Moderate,No,Yes,52.2
STU01073,17,Male,15.4,91.2,79.1,53.2,,High,High,Yes,No,Yes,Low,Moderate,No,No,72.7
STU01074,21,Male,7.5,72.9,63.5,69.7,7.5,Medium,High,Yes,No,No,High,Near,No,No,62.3
STU01075,19,Female,6.2,84.0,64.2,66.3,8.6,Medium,Medium,Yes,Yes,No,Medium,Near,No,No,61.5
STU01076,15,Female,,93.0,67.9,70.5,8.5,High,Medium,Yes,No,No,Medium,Far,No,No,65.2
STU01077,16,Male,17.2,69.0,55.6,81.9,7.5,Medium,Medium,No,No,Yes,Low,Near,No,No,59.0
STU01078,18,Male,13.6,84.1,54.1,59.3,5.6,Medium,Low,No,Yes,Yes,High,Near,No,No,57.3
STU01079,15,Male,11.3,70.1,57.4,47.8,8.3,Medium,Medium,No,No,No,High,Near,No,Yes,53.3
STU01080,15,Female,13.4,76.9,44.0,70.7,7.1,Medium,Medium,Yes,Yes,Yes,Medium,Moderate,No,No,61.5
STU01081,17,Male,14.6,85.9,53.6,51.4,7.3,Medium,Low,Yes,No,Yes,Medium,Moderate,No,No,65.0
STU01082,19,Female,15.0,82.8,76.3,55.7,9.9,High,Low,Yes,Yes,No,Medium,Moderate,No,No,69.2
STU01083,18,Other,0.7,73.6,55.4,40.8,5.6,High,High,Yes,No,No,Low,Far,No,Yes,45.0
STU01084,21,Male,22.0,97.2,74.6,75.6,10.0,High,High,Yes,No,Yes,Medium,Moderate,Yes,No,77.9
STU01085,21,Male,3.3,81.7,61.7,50.4,9.7,Medium,Medium,No,No,No,High,Near,No,No,49.0
STU01086,21,Male,9.6,90.5,68.1,51.2,7.1,Medium,Low,Yes,No,No,Medium,Moderate,No,No,61.3
STU01087,20,Male,2.6,100.0,44.6,73.4,7.3,Medium,High,Yes,No,Yes,Low,Near,No,No,50.0
STU01088,20,Male,16.3,78.2,45.7,80.3,5.9,High,High,Yes,Yes,No,Medium,Moderate,No,No,73.1
STU01089,16,Male,9.3,91.2,56.1,62.6,7.3,High,Medium,Yes,No,No,Medium,Near,No,No,67.0
STU01090,18,Female,13.5,89.2,67.9,74.7,7.1,Low,Medium,Yes,No,No,Low,Moderate,No,No,58.3
STU01091,21,Male,9.1,71.1,58.6,59.5,6.0,High,Low,Yes,No,No,Low,Near,No,No,62.7
STU01092,20,Female,6.6,97.1,57.0,75.4,5.9,Medium,High,Yes,No,No,Low,Far,No,No,65.7
STU01093,16,Female,0.0,86.0,68.5,75.1,6.6,Low,High,Yes,No,No,Medium,Near,No,No,50.9
STU01094,19,Female,10.3,79.7,46.5,68.8,7.0,Medium,Medium,Yes,No,Yes,Low,Moderate,No,No,58.0
STU01095,16,Male,5.3,68.8,45.8,36.9,4.4,High,High,Yes,No,No,Medium,Near,No,No,46.4
STU01096,20,Female,19.2,72.3,67.5,75.2,8.7,Medium,Low,No,Yes,No,Medium,Far,Yes,No,56.1
STU01097,17,Male,31.6,83.9,52.7,88.6,6.3,High,Low,No,No,No,Medium,Moderate,No,No,74.2
STU01098,17,Female,29.6,71.6,55.3,88.1,6.5,Low,Low,Yes,No,No,High,Near,No,No,69.2
STU01099,21,Female,14.4,91.3,60.8,78.4,7.3,Medium,Low,Yes,Yes,No,Low,Far,No,Yes,62.7
STU01100,17,Female,8.7,81.2,58.2,54.6,6.6,Low,High,Yes,Yes,Yes,Medium,Near,No,No,64.2
STU01101,21,Male,0.0,69.4,64.1,48.4,8.7,Low,High,No,No,Yes,High,Moderate,No,No,43.0
STU01102,21,Female,11.6,78.4,71.0,65.1,6.6,Medium,Low,Yes,Yes,No,Low,Moderate,No,No,68.2
STU01103,20,Male,7.7,74.4,63.0,54.6,6.1,Medium,Medium,Yes,No,No,Low,Near,No,No,53.4
STU01104,17,Male,9.1,72.8,70.6,67.6,7.9,Medium,Medium,Yes,Yes,No,High,Far,No,Yes,69.1
STU01105,21,Male,1.9,62.8,64.4,41.8,8.1,Low,Low,Yes,No,No,High,Near,No,No,45.4
STU01106,18,Male,20.6,86.0,68.5,79.1,10.0,Medium,High,Yes,No,No,Medium,Near,No,Yes,70.4
STU01107,19,Male,19.1,75.5,48.6,82.8,4.2,Low,Medium,Yes,No,No,Low,Far,No,Yes,47.2
STU01108,16,Female,7.7,100.0,62.0,67.3,7.1,Medium,Medium,Yes,No,No,Medium,Moderate,No,No,64.5
STU01109,16,Female,21.8,94.9,57.3,75.8,8.0,High,Medium,Yes,No,No,Low,Near,No,Yes,66.9
STU01110,20,Male,15.5,100.0,54.7,80.4,5.6,High,Medium,No,No,No,Medium,Near,No,No,71.5
STU01111,17,Male,19.2,92.2,65.2,58.6,9.1,Medium,High,Yes,No,No,Medium,Moderate,No,Yes,64.1
STU01112,17,Male,21.2,79.2,85.8,78.2,6.0,High,Medium,Yes,No,No,High,Near,Yes,No,78.4
STU01113,21,Male,17.9,88.2,49.5,100.0,7.2,High,Low,Yes,No,No,Low,Far,No,Yes,73.9
STU01114,15,Male,8.4,82.0,75.7,74.5,8.6,Low,Medium,Yes,No,Yes,Medium,Moderate,No,No,67.5
STU01115,21,Female,23.4,88.4,81.7,84.1,5.4,Medium,Medium,Yes,No,No,Low,Near,No,No,83.9
STU01116,19,Male,21.2,93.9,70.3,84.3,6.8,High,Low,Yes,No,No,Medium,Near,No,No,85.0
STU01117,18,Male,21.3,91.0,59.1,77.6,8.2,Low,Low,Yes,No,Yes,Medium,Moderate,No,No,60.2
STU01118,16,Male,4.4,85.1,76.6,55.4,7.2,Medium,Low,Yes,No,No,Low,Near,No,No,66.9
STU01119,21,Female,3.3,85.7,61.2,60.6,8.0,Medium,High,Yes,Yes,Yes,Medium,Moderate,No,No,57.8
STU01120,15,Female,27.1,87.2,66.2,87.6,8.2,Low,Low,Yes,No,Yes,Medium,Far,No,Yes,67.7
STU01121,15,Female,9.9,96.1,57.7,74.7,,Medium,Low,Yes,No,Yes,High,Moderate,No,Yes,64.4
STU01122,21,Female,17.0,80.1,59.8,70.2,9.4,Medium,,Yes,No,No,Medium,Moderate,Yes,No,58.3
STU01123,20,Male,24.7,82.4,66.6,80.8,5.7,Medium,High,Yes,No,No,High,Near,No,No,84.3
STU01124,16,Male,28.1,79.9,82.7,97.1,9.0,Medium,Medium,Yes,No,Yes,Medium,Moderate,No,No,82.2
STU01125,20,Female,19.6,86.4,58.9,67.3,7.5,Medium,High,Yes,Yes,No,Low,Moderate,Yes,No,74.4
STU01126,18,Male,10.8,91.4,81.4,63.9,6.1,High,Medium,Yes,No,Yes,Medium,Moderate,No,No,78.3
STU01127,15,Female,12.7,88.0,62.9,75.8,5.7,High,Low,Yes,No,No,Medium,Near,No,No,67.7
STU01128,15,Male,18.0,84.4,58.5,63.0,7.4,Medium,Medium,Yes,No,No,Medium,Far,No,No,68.5
STU01129,19,Male,16.4,95.7,51.7,70.2,6.7,High,Medium,Yes,Yes,No,Medium,Near,No,No,68.8
STU01130,18,Female,9.3,77.1,62.3,41.9,7.7,Medium,Low,Yes,Yes,No,Medium,Moderate,No,No,58.1
STU01131,15,Female,0.0,70.0,54.9,45.2,6.7,High,Low,Yes,No,Yes,Low,Moderate,No,No,46.6
STU01132,18,Female,9.1,88.2,58.0,53.0,7.1,Medium,High,Yes,No,No,Low,Moderate,Yes,No,53.1
STU01133,16,Male,13.3,84.6,59.2,60.4,7.8,High,Medium,Yes,Yes,Yes,Medium,Near,No,No,75.6
STU01134,17,Female,14.9,83.3,45.2,83.7,6.9,High,Medium,Yes,No,No,Medium,Moderate,No,Yes,66.3
STU01135,15,Male,28.7,71.8,59.2,64.7,6.6,High,High,Yes,No,Yes,Medium,Near,No,Yes,70.8
STU01136,19,Male,23.5,87.0,75.3,87.0,7.5,Medium,Low,Yes,Yes,Yes,Medium,Moderate,No,No,82.7
STU01137,16,Male,11.3,100.0,45.1,59.3,6.5,High,Low,Yes,No,Yes,Low,Near,No,No,52.7
STU01138,21,Male,19.0,71.7,50.4,76.7,8.0,Low,High,Yes,No,Yes,Medium,Near,Yes,No,48.9
STU01139,18,Male,0.0,83.4,44.8,41.9,7.7,Medium,Medium,Yes,No,No,Medium,Near,No,No,46.0
STU01140,21,Male,24.8,85.8,58.3,89.1,8.0,High,Medium,Yes,No,No,Medium,Far,No,No,86.6
STU01141,20,Male,11.0,80.6,70.5,58.6,8.0,High,Medium,Yes,No,Yes,Medium,Moderate,Yes,No,58.1
STU01142,16,Male,16.5,86.6,63.9,56.5,6.6,Medium,Low,Yes,No,No,Medium,Moderate,No,Yes,65.4
STU01143,21,Male,15.2,80.5,57.2,67.3,4.0,Medium,Medium,Yes,No,Yes,Medium,Moderate,No,No,52.5
STU01144,15,Male,23.2,86.5,49.6,75.5,6.8,High,Medium,Yes,No,Yes,High,Far,No,Yes,75.3
STU01145,18,Male,12.2,82.5,44.0,57.3,7.4,High,High,Yes,Yes,No,Medium,Near,No,Yes,64.7
STU01146,17,Female,21.6,79.6,60.2,75.8,6.8,Low,Medium,Yes,Yes,Yes,Medium,Moderate,No,Yes,71.7
STU01147,16,Male,17.9,84.2,71.4,62.3,5.9,High,Low,Yes,No,Yes,Medium,Moderate,No,No,72.8
STU01148,15,Male,16.0,89.8,54.3,64.9,8.9,High,Medium,Yes,No,No,Medium,Near,No,No,67.2
STU01149,19,Male,14.1,69.4,58.9,74.4,5.8,Medium,Medium,No,No,Yes,Medium,Near,No,Yes,58.5
STU01150,20,Female,10.9,91.9,67.5,70.3,6.0,Low,High,No,No,No,Medium,Near,No,Yes,56.7
STU01151,18,Female,13.7,77.7,49.2,66.8,6.3,High,Medium,Yes,Yes,No,Medium,Near,No,No,66.3
STU01152,16,Female,11.9,91.2,65.9,62.6,6.6,Low,High,Yes,No,Yes,Low,Near,No,No,57.5
STU01153,16,Female,18.4,78.3,77.5,86.4,6.1,Medium,Medium,Yes,No,No,High,Near,No,No,73.1
STU01154,17,Female,5.9,92.1,49.3,69.7,7.0,Medium,Low,Yes,No,Yes,Medium,Moderate,No,No,59.9
STU01155,17,Female,15.6,84.5,59.3,68.8,7.2,High,Medium,Yes,Yes,Yes,Medium,Near,No,No,80.2
STU01156,19,Female,27.1,75.7,57.3,58.6,5.6,High,Medium,Yes,Yes,No,Medium,Near,No,No,68.3
STU01157,20,Male,,80.6,49.0,71.6,5.3,High,Medium,Yes,No,Yes,Low,Far,No,No,60.0
STU01158,19,Male,18.5,96.9,64.7,70.2,,Low,High,Yes,Yes,Yes,Low,Moderate,No,No,73.2
STU01159,15,Male,0.0,85.5,55.7,45.5,6.9,Medium,High,Yes,No,No,Low,Near,No,No,48.1
STU01160,15,Female,2.4,80.4,74.6,49.0,8.5,Medium,Low,Yes,No,Yes,Medium,Moderate,No,No,65.2
STU01161,19,Female,13.9,96.4,41.1,80.8,8.0,Low,Low,Yes,Yes,No,High,Near,No,No,67.1
STU01162,20,Female,14.4,93.6,59.9,72.1,6.6,High,High,Yes,Yes,No,Medium,Near,No,No,70.7
STU01163,19,Male,15.3,76.6,44.1,71.1,7.7,Low,High,Yes,No,Yes,Medium,Near,No,Yes,50.5
STU01164,20,Male,32.5,83.0,68.0,85.1,8.1,Medium,Medium,Yes,Yes,No,Medium,Far,No,No,87.0
STU01165,20,Male,,67.4,63.8,75.3,5.8,Medium,High,Yes,Yes,Yes,Low,Moderate,No,No,54.2
STU01166,21,Male,15.7,93.7,62.8,67.4,4.7,High,Medium,Yes,Yes,Yes,Low,Moderate,No,No,67.7
STU01167,18,Female,9.3,85.0,64.9,78.8,5.6,Medium,Medium,Yes,Yes,No,Medium,Far,No,Yes,69.1
STU01168,20,Female,20.9,91.7,71.1,76.3,7.9,Medium,High,Yes,No,No,High,Far,No,No,75.7
STU01169,17,Male,5.8,65.7,57.7,69.4,9.6,Medium,Medium,Yes,Yes,No,Medium,Moderate,No,No,51.9
STU01170,20,Female,9.4,82.2,68.7,52.7,6.9,Medium,Medium,No,No,Yes,Medium,Moderate,No,No,58.5
STU01171,20,Male,7.8,86.7,50.8,56.8,,Medium,Medium,Yes,No,No,High,Near,No,No,61.8
STU01172,20,Other,21.6,63.8,47.9,96.4,8.4,Medium,Low,Yes,No,No,Low,Near,No,No,58.5
STU01173,21,Male,16.0,91.6,65.1,85.1,6.0,High,,Yes,Yes,Yes,Medium,Moderate,No,No,76.4
STU01174,21,Male,17.3,81.8,56.7,85.2,6.9,Low,Medium,Yes,Yes,No,Medium,Moderate,No,Yes,65.1
STU01175,15,Male,13.4,67.5,67.0,68.0,8.0,Low,Low,Yes,No,No,Medium,Far,No,Yes,65.6
STU01176,21,Male,24.7,79.9,57.8,90.9,5.2,High,Medium,Yes,Yes,No,Low,Moderate,No,No,72.2
STU01177,17,Male,13.8,89.6,58.0,86.5,8.3,Medium,Medium,Yes,No,No,Medium,Moderate,No,No,62.7
STU01178,17,Female,30.7,75.9,33.9,100.0,8.6,Medium,High,Yes,No,Yes,Medium,Moderate,No,No,67.0
STU01179,21,Female,25.2,84.5,57.0,79.7,8.2,Medium,High,Yes,Yes,Yes,Low,Near,No,Yes,78.4
STU01180,19,Female,3.2,80.7,63.2,69.4,6.8,Medium,Low,Yes,No,Yes,Medium,Moderate,No,Yes,55.9
STU01181,18,Male,20.1,65.1,60.2,70.2,,Medium,Medium,Yes,Yes,Yes,Low,Moderate,No,No,73.2
STU01182,21,Female,25.1,91.2,63.0,66.4,8.5,Low,Low,No,Yes,No,High,Moderate,No,No,63.6
STU01183,20,Male,11.7,93.1,57.9,58.4,4.8,Medium,Medium,Yes,No,No,Medium,Moderate,No,No,52.7
STU01184,16,Male,18.3,96.5,38.1,70.4,,Low,Medium,Yes,No,No,High,Near,No,No,50.5
STU01185,18,Female,3.2,85.1,57.8,58.6,7.8,High,Low,Yes,No,No,Medium,Moderate,No,No,60.8
STU01186,18,Female,7.0,89.8,64.0,62.7,6.1,Medium,High,Yes,Yes,No,Low,Moderate,No,No,61.3
STU01187,17,Male,13.0,68.9,64.0,56.7,7.3,High,High,Yes,Yes,No,Low,Moderate,No,No,63.4
STU01188,18,Male,4.2,87.4,59.1,43.3,7.3,Low,Medium,No,Yes,No,Low,Moderate,No,No,39.4
STU01189,21,Other,15.4,81.8,72.8,70.5,8.8,Medium,Medium,Yes,Yes,Yes,Low,Near,No,No,70.3
STU01190,20,Male,20.2,84.2,40.7,54.1,7.3,High,High,Yes,No,No,Medium,Near,No,No,60.8
STU01191,20,Male,7.7,73.8,63.5,69.2,7.8,High,Low,Yes,No,No,Low,Near,No,No,63.4
STU01192,15,Female,4.3,96.2,64.2,54.3,7.7,High,Low,No,No,No,Medium,Moderate,No,No,58.5
STU01193,20,Male,2.4,68.5,57.0,39.6,8.2,Medium,Medium,Yes,Yes,Yes,Medium,Moderate,No,No,50.1
STU01194,20,Male,24.7,87.7,47.8,79.4,6.2,Medium,Medium,Yes,No,No,Medium,Far,No,No,65.4
STU01195,17,Male,1.1,75.8,42.8,57.0,7.5,Low,High,Yes,Yes,No,Medium,Near,Yes,No,38.1
STU01196,20,Female,17.4,100.0,49.3,74.7,4.0,High,Low,No,No,No,Medium,Near,No,No,60.3
STU01197,15,Female,25.4,92.0,64.0,94.3,6.1,Low,Medium,Yes,No,Yes,High,Moderate,No,No,76.6
STU01198,16,Female,7.2,84.7,61.2,64.3,8.5,High,High,Yes,No,No,Low,Moderate,No,No,56.8
STU01199,21,Other,8.2,74.7,48.2,62.7,5.0,Medium,High,Yes,Yes,Yes,Medium,Moderate,No,No,53.9
STU01200,17,Female,16.4,93.9,59.5,67.7,5.2,High,Medium,Yes,No,No,Medium,Far,No,No,66.5
STU01201,16,Male,16.9,52.4,49.9,63.1,8.0,Medium,Medium,Yes,No,No,Medium,Far,No,Yes,51.5
STU01202,17,Male,11.0,88.8,69.8,60.8,6.1,Medium,Low,No,No,No,Medium,Near,Yes,No,58.6
STU01203,19,Female,12.6,90.1,64.5,78.0,8.9,Low,High,Yes,No,Yes,Medium,Far,No,No,64.6
STU01204,18,Female,15.7,89.5,65.9,62.9,7.1,Medium,Medium,No,No,Yes,Medium,Near,No,No,64.9
STU01205,19,Female,11.8,93.4,53.9,90.1,9.3,High,High,No,No,No,Medium,Moderate,No,Yes,68.6
STU01206,20,Female,12.0,79.4,61.0,56.7,9.6,Medium,High,Yes,Yes,Yes,High,Moderate,No,No,66.4
STU01207,16,Male,30.5,90.5,74.4,99.1,8.9,Medium,Medium,Yes,No,No,High,Moderate,No,No,83.5
STU01208,20,Male,23.1,78.3,63.1,94.3,6.2,Medium,High,Yes,No,No,Medium,Near,No,No,71.9
STU01209,18,Male,23.7,76.7,58.5,63.3,5.3,Medium,Medium,Yes,Yes,No,Low,Near,No,No,61.8
STU01210,17,Male,,74.7,51.6,76.9,8.9,High,High,Yes,No,Yes,High,Moderate,No,Yes,65.9
STU01211,18,Male,1.2,82.5,61.2,48.4,7.0,Medium,Medium,Yes,No,No,High,Near,No,No,43.7
STU01212,15,Female,34.8,96.1,70.2,76.1,7.3,Medium,Low,Yes,Yes,Yes,Low,Near,No,No,72.6
STU01213,18,Female,10.1,100.0,55.1,46.6,8.7,Medium,High,No,No,No,Medium,Moderate,No,No,55.3
STU01214,15,Male,17.5,82.3,49.8,80.5,5.3,Medium,High,No,No,No,High,Moderate,No,No,66.2
STU01215,18,Male,21.3,78.6,64.8,89.1,7.9,High,Medium,Yes,Yes,No,Medium,Moderate,No,No,81.1
STU01216,21,Female,10.4,98.3,47.9,62.4,6.3,Medium,High,Yes,Yes,No,Low,Near,No,No,55.9
STU01217,15,Male,22.2,89.3,61.0,94.3,8.2,Medium,High,Yes,No,No,Medium,Far,No,Yes,72.2
STU01218,16,Female,15.1,85.3,31.0,50.9,7.6,High,High,Yes,No,Yes,High,Near,No,No,59.2
STU01219,20,Female,12.9,73.9,46.8,67.4,8.3,Medium,Medium,Yes,No,No,High,Far,No,No,65.0
STU01220,20,Female,10.4,99.3,61.2,69.1,6.4,Low,Medium,No,No,No,Medium,Moderate,Yes,Yes,40.6
STU01221,19,Female,7.0,85.9,50.6,65.0,5.9,High,Medium,Yes,Yes,No,Medium,Moderate,No,No,66.5
STU01222,20,Female,0.1,85.0,58.1,32.2,7.0,Medium,Medium,Yes,Yes,No,Low,Far,No,No,48.6
STU01223,17,Male,37.5,90.4,65.1,100.0,6.1,Medium,Low,Yes,No,Yes,High,Near,No,No,86.6
STU01224,21,Male,26.7,85.2,65.1,81.5,6.1,Medium,High,Yes,Yes,No,Low,Near,No,No,64.4
STU01225,18,Male,15.8,99.7,63.9,74.8,5.9,Medium,Medium,Yes,Yes,Yes,High,Moderate,No,No,73.1
STU01226,19,Other,27.5,95.1,61.0,71.1,7.9,Medium,Low,Yes,Yes,Yes,Medium,Near,No,No,76.8
STU01227,17,Male,26.4,79.4,48.8,96.2,9.9,Medium,Low,Yes,Yes,No,High,Moderate,No,No,75.6
STU01228,17,Male,19.8,85.9,60.2,79.0,8.2,Medium,Low,Yes,Yes,Yes,Low,Near,No,No,63.9
STU01229,15,Female,12.2,79.1,61.9,68.1,8.1,High,Low,Yes,No,Yes,Medium,Far,No,No,70.4
STU01230,20,Female,23.6,100.0,54.1,87.9,8.0,Low,Medium,Yes,No,Yes,Low,Moderate,No,No,69.3
STU01231,16,Female,22.3,77.8,63.5,86.1,5.6,Medium,High,Yes,No,No,Medium,Near,No,No,74.3
STU01232,16,Male,21.3,83.8,76.4,84.4,8.0,Medium,Low,Yes,Yes,Yes,High,Far,No,No,84.1
STU01233,19,Male,12.3,88.6,38.7,68.4,4.3,Medium,High,Yes,No,No,Medium,Near,No,No,49.2
STU01234,21,Male,18.0,90.1,76.8,73.6,7.6,High,Low,Yes,Yes,No,Medium,Near,No,No,92.9
STU01235,16,Male,17.2,91.7,36.4,66.9,8.1,High,Medium,Yes,No,No,Low,Near,No,No,53.9
STU01236,18,Male,12.0,93.0,63.9,57.9,8.2,Medium,High,No,No,Yes,High,Moderate,No,Yes,63.7
STU01237,16,Male,18.0,91.9,55.3,70.6,8.0,Medium,Medium,Yes,No,Yes,Medium,Moderate,No,No,65.9
STU01238,19,Female,25.0,80.7,65.1,89.1,5.1,High,Medium,Yes,No,Yes,Medium,Moderate,No,No,82.0
STU01239,16,Male,27.2,79.5,45.6,92.3,6.0,High,Medium,Yes,No,Yes,Medium,Near,No,No,70.3
STU01240,18,Female,19.0,85.4,34.1,49.5,8.8,Medium,Medium,Yes,No,No,Medium,Far,No,No,49.8
STU01241,15,Female,13.7,79.5,63.2,74.9,7.6,Medium,Low,Yes,No,No,Medium,Moderate,No,No,75.8
STU01242,21,Male,21.8,78.4,59.5,59.8,7.5,Medium,Low,Yes,No,Yes,Medium,Near,No,No,70.2
STU01243,19,Female,8.0,80.8,61.0,57.0,6.2,Low,Low,Yes,No,Yes,Medium,Moderate,No,No,53.3
STU01244,15,Male,,100.0,61.7,73.8,5.3,Medium,Medium,Yes,Yes,No,High,Moderate,No,Yes,69.9
STU01245,15,Male,25.2,100.0,49.4,75.4,5.9,High,Medium,Yes,No,No,High,Near,No,No,78.5
STU01246,15,Female,30.0,82.6,48.9,81.8,4.9,Medium,High,No,No,Yes,Low,Near,No,No,66.2
STU01247,17,Male,24.1,64.3,93.2,74.4,7.8,Medium,Low,Yes,Yes,No,Medium,Near,Yes,No,74.2
STU01248,21,Other,14.3,79.1,52.0,69.3,4.0,High,Medium,No,No,Yes,Low,Far,No,No,50.3
STU01249,20,Male,0.0,93.8,56.4,39.6,5.9,Low,Low,Yes,No,No,Low,Moderate,No,No,45.0
STU01250,21,Female,21.3,69.3,62.0,81.1,10.0,Medium,High,Yes,Yes,No,Medium,Near,No,No,72.1
STU01251,17,Male,19.2,91.0,72.2,84.1,6.7,Low,High,Yes,No,Yes,High,Near,No,No,76.6
STU01252,20,Male,19.4,90.4,58.4,92.0,5.8,Medium,Low,Yes,Yes,Yes,Low,Moderate,No,Yes,70.7
STU01253,21,Male,3.5,85.2,58.2,50.3,10.0,High,High,Yes,Yes,No,Medium,Moderate,No,No,60.6
STU01254,15,Female,12.4,84.6,36.4,79.1,6.4,Medium,Medium,Yes,No,Yes,High,Moderate,No,No,59.5
STU01255,19,Female,29.9,76.0,69.8,85.5,10.0,Low,Low,Yes,No,Yes,High,Far,Yes,No,68.2
STU01256,20,Female,6.8,92.0,63.4,54.9,6.6,Medium,Low,Yes,No,No,Medium,Moderate,No,No,59.0
STU01257,18,Female,19.6,88.1,57.1,75.3,8.4,High,Low,Yes,No,Yes,Medium,Moderate,No,No,68.5
STU01258,18,Female,9.8,80.2,66.7,62.4,10.0,Medium,Low,Yes,No,No,Medium,Near,No,Yes,57.9
STU01259,16,Female,19.1,77.1,49.0,76.0,7.2,High,Medium,Yes,Yes,No,Low,Far,No,No,76.0
STU01260,20,Female,13.4,73.1,44.7,50.2,6.5,High,Medium,No,No,No,Low,Near,Yes,No,47.2
STU01261,19,Female,24.7,88.7,68.5,80.9,8.1,Medium,Low,No,No,Yes,Low,Near,No,No,71.6
STU01262,17,Female,15.3,83.0,52.9,62.4,5.5,Medium,Low,Yes,Yes,Yes,Medium,Moderate,No,No,59.1
STU01263,15,Female,23.0,83.1,56.1,96.0,8.9,Medium,Low,Yes,Yes,Yes,High,Near,No,No,74.0
STU01264,16,Male,31.9,69.4,45.8,80.5,6.0,High,High,No,Yes,No,Medium,Near,No,No,69.8
STU01265,18,Female,22.9,74.0,63.2,71.2,4.7,Medium,Low,Yes,Yes,No,Medium,Moderate,Yes,No,57.1
STU01266,17,Female,,73.0,65.6,68.0,6.9,Medium,Low,Yes,Yes,No,Medium,Near,No,No,73.4
STU01267,17,Male,24.3,92.7,89.3,76.7,6.3,Medium,Low,Yes,No,Yes,Low,Near,No,Yes,87.7
STU01268,15,Male,19.5,86.7,68.9,79.9,4.0,High,Low,Yes,No,Yes,Medium,Moderate,No,No,67.9
STU01269,20,Male,10.1,82.2,59.2,54.6,7.0,Medium,Medium,Yes,Yes,Yes,High,Moderate,No,No,61.8
STU01270,18,Female,8.2,96.1,53.6,66.3,5.4,Medium,Low,Yes,Yes,No,Low,Near,Yes,No,54.9
STU01271,19,Female,20.5,94.6,52.7,64.8,6.3,High,Low,Yes,No,No,Low,Far,No,No,67.7
STU01272,17,Male,10.0,96.1,59.5,70.9,5.4,Medium,High,Yes,No,Yes,Medium,Near,No,No,62.4
STU01273,15,Female,9.2,82.6,54.2,72.7,8.0,Medium,High,Yes,Yes,Yes,Medium,Moderate,No,Yes,65.2
STU01274,19,Female,13.5,70.9,80.1,52.3,7.0,Medium,High,No,No,Yes,Medium,Near,No,No,69.8
STU01275,20,Male,1.2,100.0,71.7,47.1,4.8,High,High,Yes,Yes,Yes,Medium,Moderate,No,No,59.8
STU01276,18,Female,9.8,90.2,62.9,69.9,9.1,High,Medium,Yes,No,No,Medium,Near,No,Yes,75.9
STU01277,20,Other,9.1,90.4,56.7,53.2,7.5,Medium,,Yes,Yes,No,Low,Near,Yes,Yes,56.8
STU01278,17,Female,34.7,91.8,57.6,96.7,6.3,Medium,Medium,Yes,Yes,Yes,Medium,Near,No,No,81.2
STU01279,19,Female,,100.0,77.1,67.9,5.9,Medium,High,Yes,No,Yes,Medium,Moderate,No,No,75.4
STU01280,19,Other,11.6,84.0,51.4,70.7,6.9,High,High,Yes,No,No,High,Moderate,No,No,64.7
STU01281,19,Female,8.9,99.4,57.9,63.9,5.1,Medium,Medium,Yes,No,Yes,High,Near,Yes,No,66.8
STU01282,17,Male,0.0,76.5,60.4,59.6,9.0,High,High,Yes,No,Yes,High,Far,No,No,61.1
STU01283,17,Female,3.3,93.2,48.2,56.9,,Low,Medium,Yes,No,No,Medium,Near,No,Yes,50.4
STU01284,20,Female,1.7,100.0,73.4,60.9,6.5,Low,Medium,Yes,No,Yes,Medium,Moderate,No,No,63.7
STU01285,16,Female,7.2,84.5,69.7,61.7,6.4,Medium,Medium,No,No,No,Medium,Near,No,No,60.4
STU01286,20,Male,14.9,65.8,76.1,70.5,5.7,Medium,Medium,Yes,Yes,Yes,High,Moderate,Yes,No,63.2
STU01287,18,Female,13.5,90.7,71.9,86.3,7.4,Medium,High,Yes,No,Yes,Low,Moderate,No,No,73.7
STU01288,15,Male,7.9,82.8,58.3,55.8,7.4,High,High,Yes,No,Yes,Medium,Moderate,No,Yes,60.2
STU01289,19,Female,14.6,93.4,68.0,67.5,,Medium,Medium,Yes,No,Yes,Medium,Near,No,No,70.8
STU01290,16,Male,3.5,80.3,59.5,49.6,7.4,High,Low,Yes,No,Yes,Medium,Near,No,Yes,55.8
STU01291,15,Male,18.6,100.0,59.2,69.1,5.7,High,Low,No,No,No,Low,Moderate,No,No,66.2
STU01292,16,Male,21.1,86.1,46.9,73.0,5.9,Medium,Medium,Yes,No,No,Medium,Near,No,No,59.8
STU01293,21,Male,18.9,92.9,67.9,75.0,7.2,Medium,Medium,No,No,No,Medium,Near,No,No,63.9
STU01294,20,Female,23.8,75.0,58.3,76.9,6.0,High,Medium,Yes,No,Yes,Medium,Near,Yes,Yes,65.3
STU01295,17,Female,2.9,73.2,54.5,60.0,9.1,Medium,Low,Yes,Yes,No,Medium,Near,No,Yes,55.9
STU01296,19,Female,15.3,72.0,63.7,66.7,7.0,Medium,Medium,Yes,No,Yes,Medium,Near,No,Yes,55.4
STU01297,20,Male,7.4,72.1,81.5,66.0,4.8,Medium,High,Yes,No,No,High,Far,No,No,66.6
STU01298,15,Male,5.8,91.8,37.6,65.5,6.9,Low,Medium,Yes,No,Yes,Medium,Moderate,No,No,47.0
STU01299,21,Female,3.7,79.0,57.5,53.8,6.7,High,Medium,Yes,Yes,No,Medium,Moderate,No,Yes,66.6
STU01300,21,Female,34.8,72.3,65.8,75.3,9.0,Medium,Medium,Yes,Yes,Yes,Low,Near,No,No,71.4
STU01301,21,Male,22.3,78.0,69.2,81.7,7.1,Medium,Medium,Yes,No,Yes,Low,Moderate,No,No,68.8
STU01302,15,Female,28.0,92.0,42.8,87.7,7.9,Medium,High,Yes,No,No,Medium,Moderate,No,No,59.6
STU01303,15,Male,17.8,91.8,50.7,65.2,6.8,Medium,Low,Yes,No,Yes,Medium,Moderate,No,No,64.9
STU01304,15,Female,8.4,95.0,60.8,50.2,8.5,Low,High,Yes,No,No,Medium,Near,No,Yes,58.8
STU01305,15,Female,20.4,82.2,62.0,72.0,9.0,High,Medium,No,No,Yes,Low,Far,No,No,73.1
STU01306,21,Male,33.7,100.0,57.8,88.1,5.6,Medium,Medium,Yes,Yes,No,High,Moderate,Yes,No,85.9
STU01307,21,Male,19.2,95.8,62.9,73.4,6.1,High,Medium,No,Yes,Yes,Medium,Far,No,No,74.7
STU01308,16,Female,14.1,73.3,52.0,66.6,6.7,Medium,High,No,No,No,Low,Near,No,No,52.0
STU01309,20,Male,17.2,93.1,54.1,70.2,8.4,Medium,Low,No,No,No,Medium,Near,No,No,66.1
STU01310,19,Male,23.9,85.2,81.0,56.0,6.0,Medium,Medium,Yes,No,Yes,High,Near,No,No,73.5
STU01311,17,Female,14.9,83.3,66.9,78.0,4.0,Medium,High,Yes,No,Yes,Medium,Moderate,No,Yes,65.7
STU01312,21,Male,14.1,85.1,60.2,56.4,8.2,Medium,Medium,Yes,Yes,No,Medium,Near,No,No,67.1
STU01313,17,Male,9.6,78.3,41.3,56.5,5.8,High,High,No,No,No,Medium,Far,No,No,55.2
STU01314,20,Female,17.8,95.1,65.2,59.3,6.5,Medium,High,Yes,No,Yes,Low,Far,No,No,63.9
STU01315,20,Female,4.8,79.2,62.3,78.7,6.4,Medium,Low,Yes,Yes,Yes,Medium,Moderate,No,Yes,69.2
STU01316,17,Female,11.9,79.4,34.2,67.4,4.0,High,Medium,Yes,No,Yes,Low,Moderate,No,No,51.8
STU01317,21,Female,14.0,92.6,63.3,64.3,5.2,High,Medium,Yes,No,No,Medium,Moderate,No,Yes,68.0
STU01318,17,Female,6.5,100.0,52.9,45.7,8.3,Medium,High,Yes,No,No,Low,Moderate,Yes,No,45.6
STU01319,16,Female,14.8,80.0,53.4,72.5,6.9,Medium,Low,Yes,No,Yes,High,Near,No,No,58.0
STU01320,18,Male,22.6,72.5,50.0,75.3,8.4,High,Medium,Yes,No,Yes,Medium,Moderate,Yes,Yes,70.8
STU01321,21,Female,26.6,96.4,35.6,82.6,9.4,High,Low,Yes,Yes,Yes,Low,Far,No,No,73.2
STU01322,21,Other,13.1,87.0,58.2,76.0,4.6,Medium,High,Yes,Yes,No,Medium,Near,No,No,68.5
STU01323,19,Male,11.4,90.0,49.2,48.1,6.5,Medium,Medium,Yes,No,Yes,Low,Far,No,No,48.0
STU01324,15,Male,12.9,85.3,71.7,73.2,6.8,Low,Medium,Yes,No,Yes,Medium,Near,No,No,55.6
STU01325,18,Female,20.0,90.9,56.4,62.5,9.3,Low,High,Yes,No,No,Medium,Near,Yes,No,64.7
STU01326,20,Male,10.0,88.6,55.1,69.4,5.4,High,High,No,No,No,Low,Near,No,No,56.2
STU01327,21,Male,10.0,79.8,47.0,66.5,7.5,Medium,Medium,Yes,No,No,Low,Near,No,No,50.0
STU01328,17,Female,17.2,92.0,55.5,47.2,8.9,Medium,Medium,Yes,Yes,Yes,Medium,Far,No,No,60.5
STU01329,18,Other,19.2,90.0,91.1,73.6,8.3,Medium,Medium,Yes,Yes,No,Low,Far,No,Yes,90.7
STU01330,19,Male,16.6,81.3,80.1,60.5,7.8,Low,Medium,Yes,Yes,No,Medium,Moderate,Yes,No,62.7
STU01331,20,Male,16.0,83.3,46.0,80.1,5.9,High,High,Yes,Yes,No,Medium,Far,No,No,66.6
STU01332,15,Male,11.1,77.1,57.6,65.7,8.6,Medium,Medium,Yes,No,Yes,Medium,Near,No,No,66.5
STU01333,15,Female,15.2,89.6,66.9,56.7,4.6,Low,Medium,Yes,No,Yes,Medium,Near,No,No,59.0
STU01334,19,Male,0.0,89.7,52.8,44.9,7.8,High,Low,Yes,No,Yes,Medium,Moderate,No,Yes,56.1
STU01335,19,Male,27.4,84.6,72.9,95.9,4.4,High,High,Yes,No,Yes,High,Far,No,No,86.9
STU01336,17,Male,,73.6,80.1,66.3,9.7,Medium,Medium,Yes,No,No,Low,Near,No,No,65.7
STU01337,21,Male,31.8,64.8,73.4,79.8,5.3,Medium,Medium,Yes,No,No,Low,Far,No,No,68.1
STU01338,15,Female,25.3,82.7,68.4,95.5,6.3,Medium,Medium,Yes,No,Yes,Low,Moderate,No,No,79.8
STU01339,20,Female,8.5,87.4,75.1,62.8,9.5,High,,Yes,No,No,Low,Far,No,No,66.0
STU01340,18,Female,12.1,91.4,75.0,63.6,7.7,Medium,Medium,Yes,Yes,No,Low,Near,No,No,70.0
STU01341,20,Female,6.2,96.3,49.2,48.6,5.9,Medium,Medium,Yes,Yes,Yes,Medium,Moderate,No,No,52.2
STU01342,16,Male,9.6,81.4,50.9,50.6,7.2,Low,High,Yes,No,Yes,Medium,Moderate,Yes,No,47.8
STU01343,16,Female,2.5,69.2,66.9,64.7,7.4,High,Medium,Yes,No,Yes,High,Moderate,No,No,65.9
STU01344,19,Female,,79.9,45.0,52.8,7.6,High,Medium,Yes,No,Yes,Low,Near,No,No,56.7
STU01345,17,Male,6.7,100.0,57.2,54.0,6.7,High,High,Yes,No,Yes,Medium,Far,No,No,69.4
STU01346,16,Female,22.1,100.0,54.7,81.5,6.5,Medium,Medium,No,No,Yes,High,Far,Yes,No,65.2
STU01347,15,Male,2.0,89.3,46.3,62.7,8.0,Medium,Low,No,No,Yes,High,Near,No,Yes,54.7
STU01348,20,Female,32.8,80.7,46.8,86.8,6.6,High,High,Yes,No,Yes,Medium,Near,No,No,79.3
STU01349,20,Male,12.4,84.1,51.8,56.4,5.4,Medium,Medium,Yes,Yes,Yes,Medium,Moderate,No,No,59.2
STU01350,19,Other,25.8,100.0,71.1,64.4,6.5,Low,High,Yes,No,Yes,High,Moderate,No,No,76.0
STU01351,21,Male,7.3,87.1,62.9,79.2,7.0,Low,Medium,No,No,No,Medium,Moderate,No,No,56.0
STU01352,21,Female,21.2,81.2,64.2,83.2,7.5,High,Medium,Yes,No,No,Low,Near,No,No,78.9
STU01353,18,Female,3.3,98.3,52.2,60.6,7.3,High,Medium,Yes,No,No,High,Moderate,No,No,61.9
STU01354,19,Female,3.2,65.5,60.7,36.5,5.0,Medium,Low,Yes,No,No,Medium,Moderate,No,No,48.6
STU01355,18,Male,23.8,75.0,75.9,73.9,7.7,Medium,High,Yes,Yes,Yes,Low,Near,No,Yes,75.0
STU01356,21,Female,14.0,77.0,50.9,69.3,6.7,Medium,,Yes,No,No,Medium,Moderate,No,No,62.3
STU01357,19,Female,13.4,95.0,70.3,61.7,6.2,High,Medium,Yes,No,Yes,Medium,Near,No,No,68.5
STU01358,19,Male,7.0,79.4,42.1,49.2,8.4,Low,Low,No,Yes,Yes,High,Near,No,No,51.4
STU01359,19,Male,8.0,67.3,39.2,47.3,5.9,High,High,Yes,No,No,Low,Moderate,No,No,36.6
STU01360,21,Female,2.2,78.1,56.2,52.7,9.7,Medium,High,No,Yes,Yes,High,Far,No,No,56.0
STU01361,18,Female,10.8,80.3,59.0,59.6,9.5,Medium,Medium,Yes,Yes,Yes,Medium,Near,No,No,54.8
STU01362,18,Male,17.0,84.3,34.2,66.2,8.5,Medium,Low,Yes,Yes,No,Medium,Near,No,No,58.6
STU01363,19,Male,15.6,86.3,57.4,63.6,6.0,Medium,Low,Yes,No,Yes,Low,Near,No,No,55.1
STU01364,16,Male,15.7,94.7,70.2,72.5,7.9,Medium,Low,Yes,No,No,Medium,Near,Yes,No,65.9
STU01365,17,Female,0.0,81.9,54.0,35.6,7.4,Medium,Medium,Yes,No,No,High,Moderate,No,No,53.9
STU01366,21,Female,16.6,79.2,65.8,78.7,5.9,Low,High,Yes,No,Yes,Medium,Moderate,No,Yes,57.3
STU01367,17,Female,12.4,85.5,76.4,53.5,8.6,High,Medium,No,No,No,Low,Near,No,Yes,64.6
STU01368,17,Other,8.7,87.4,68.4,66.2,7.0,High,Medium,Yes,No,No,Medium,Far,No,No,56.4
STU01369,18,Male,5.1,79.0,52.4,31.7,4.0,Medium,Medium,Yes,No,No,Medium,Near,No,No,49.4
STU01370,18,Male,20.3,68.0,40.1,75.7,9.2,Low,Low,Yes,No,No,Low,Far,No,No,58.3
STU01371,16,Male,0.0,80.1,61.3,46.5,9.3,High,Low,Yes,Yes,Yes,Medium,Far,Yes,No,58.2
STU01372,17,Male,5.1,93.1,57.3,65.9,6.9,Medium,Medium,Yes,No,Yes,Medium,Moderate,Yes,No,52.6
STU01373,17,Female,16.2,84.2,57.4,64.3,7.9,High,,Yes,No,No,Medium,Near,No,No,73.2
STU01374,19,Female,10.9,97.4,67.6,68.2,7.5,Medium,Medium,Yes,No,Yes,Medium,Moderate,No,No,69.7
STU01375,18,Male,18.0,90.0,75.5,72.1,6.3,High,Low,Yes,No,No,Low,Moderate,No,No,81.1
STU01376,17,Male,15.8,79.7,55.6,60.9,10.0,Low,High,No,No,Yes,Medium,Far,No,Yes,49.3
STU01377,20,Female,9.6,99.7,52.2,54.8,6.1,High,High,Yes,Yes,Yes,Medium,Moderate,No,No,69.0
STU01378,16,Female,1.5,76.3,50.4,50.1,7.1,Medium,Medium,No,Yes,Yes,Medium,Moderate,No,No,47.3
STU01379,20,Male,21.0,68.2,61.2,86.5,5.3,Medium,Medium,Yes,Yes,Yes,Medium,Far,No,No,62.0
STU01380,20,Other,13.6,88.4,67.2,70.9,8.3,High,Medium,No,Yes,Yes,Low,Far,Yes,No,73.1
STU01381,21,Female,4.5,77.2,54.5,48.7,8.0,High,Medium,Yes,Yes,No,High,Moderate,No,No,70.1
STU01382,21,Male,0.0,84.4,77.8,50.4,8.3,High,High,Yes,No,No,Medium,Far,No,No,67.1
STU01383,16,Female,17.7,74.3,40.6,57.4,5.2,Medium,High,Yes,Yes,No,Medium,Moderate,No,No,52.9
STU01384,20,Male,9.9,85.0,65.2,55.1,7.4,Medium,Medium,No,Yes,No,Medium,Moderate,No,No,61.8
STU01385,17,Female,5.8,89.8,65.2,57.0,7.6,Medium,Low,Yes,No,No,Medium,Moderate,No,No,62.0
STU01386,18,Other,24.4,91.3,68.3,67.4,5.0,Low,Medium,Yes,No,Yes,Low,Moderate,No,No,73.0
STU01387,16,Female,,73.6,48.8,46.2,7.6,Medium,Low,Yes,No,No,Low,Near,No,No,43.9
STU01388,19,Female,13.0,71.5,60.5,80.1,6.0,Low,Medium,Yes,Yes,No,Low,Moderate,No,No,56.4
STU01389,20,Male,20.8,89.0,81.4,66.7,6.6,Low,Medium,No,No,No,Medium,Moderate,No,No,63.1
STU01390,16,Female,18.9,81.2,61.5,84.4,7.9,Medium,High,Yes,No,No,Low,Near,No,No,61.4
STU01391,15,Female,4.6,79.4,63.8,46.4,7.3,Low,,Yes,No,Yes,Low,Near,No,No,45.2
STU01392,15,Female,25.5,83.8,57.8,61.7,5.9,Medium,Low,Yes,Yes,No,Medium,Moderate,No,Yes,75.0
STU01393,21,Female,26.4,83.3,41.7,87.1,5.3,Medium,Low,Yes,No,No,Low,Moderate,No,No,54.7
STU01394,18,Other,23.2,88.7,66.5,59.7,6.8,Medium,Medium,No,No,No,Medium,Near,No,No,68.2
STU01395,17,Female,8.1,89.9,43.6,60.7,7.3,Medium,Medium,Yes,No,No,Medium,Far,No,No,54.5
STU01396,18,Male,13.2,94.8,59.8,58.2,7.0,Medium,High,No,No,No,Low,Far,No,No,57.7
STU01397,18,Other,25.1,82.4,59.4,94.0,6.8,Medium,High,Yes,No,Yes,Medium,Moderate,No,No,69.7
STU01398,18,Female,18.6,95.0,57.5,81.4,6.7,Medium,Medium,Yes,No,Yes,Low,Near,No,No,69.5
STU01399,18,Female,9.9,90.9,61.1,67.5,9.2,Medium,Medium,Yes,Yes,Yes,High,Far,No,Yes,69.2
STU01400,19,Female,,93.7,60.4,67.1,7.3,Medium,Medium,Yes,No,No,Medium,Far,No,No,68.6
STU01401,19,Male,2.8,73.9,53.6,57.8,7.3,Medium,Medium,Yes,Yes,Yes,Low,Near,No,No,55.5
STU01402,21,Male,24.2,84.0,58.3,91.1,6.7,High,High,Yes,No,Yes,Low,Near,No,Yes,70.7
STU01403,16,Female,14.2,100.0,67.3,54.7,6.4,High,Medium,Yes,Yes,No,Medium,Moderate,No,No,74.0
STU01404,15,Female,28.9,71.3,61.7,73.0,9.8,Medium,Medium,Yes,Yes,No,Low,Moderate,No,No,70.4
STU01405,18,Male,0.4,100.0,40.0,51.6,7.8,Low,Low,Yes,No,No,Low,Near,No,No,35.5
STU01406,21,Female,7.2,100.0,54.6,59.3,8.2,Medium,High,Yes,No,Yes,Medium,Moderate,No,No,63.0
STU01407,16,Male,14.6,92.3,55.9,83.9,5.8,Low,Medium,No,No,No,High,Moderate,Yes,No,60.1
STU01408,15,Female,33.1,71.5,57.4,97.2,8.5,Medium,Medium,Yes,Yes,Yes,Medium,Far,No,No,79.7
STU01409,20,Male,15.6,82.8,57.3,59.5,5.5,Medium,High,Yes,Yes,No,Medium,Moderate,Yes,No,55.6
STU01410,17,Male,8.9,92.9,69.6,58.7,7.5,Medium,High,Yes,Yes,No,High,Moderate,No,No,66.7
STU01411,19,Male,15.1,71.7,75.4,69.5,7.2,Medium,Medium,No,No,Yes,Low,Far,No,No,61.5
STU01412,20,Male,9.6,91.8,64.6,43.2,9.0,High,Low,Yes,No,Yes,High,Near,No,No,68.8
STU01413,15,Female,22.6,86.1,48.0,73.6,6.3,Medium,High,Yes,No,No,Medium,Near,No,No,67.3
STU01414,20,Male,21.9,79.3,56.7,69.2,7.8,Low,Medium,Yes,Yes,No,Medium,Moderate,No,Yes,67.6
STU01415,17,Male,27.9,73.8,61.5,75.7,7.6,Medium,High,Yes,No,No,High,Near,No,No,59.6
STU01416,21,Female,1.9,99.6,76.9,39.3,5.8,Medium,Medium,Yes,No,No,Low,Far,Yes,No,47.8
STU01417,15,Female,0.6,92.8,72.8,48.2,7.8,Medium,Medium,Yes,No,Yes,Low,Near,No,No,60.6
STU01418,20,Male,13.1,83.4,69.2,85.4,6.8,Low,Medium,Yes,No,Yes,Medium,Near,No,No,59.7
STU01419,19,Other,21.5,85.3,69.7,61.5,6.9,Medium,Low,Yes,No,Yes,Medium,Far,No,No,67.6
STU01420,19,Male,23.2,82.3,56.2,70.0,6.4,Medium,High,Yes,No,Yes,Medium,Moderate,No,No,62.7
STU01421,16,Female,16.9,66.9,49.2,81.4,7.1,High,Medium,Yes,No,Yes,Low,Moderate,No,Yes,56.9
STU01422,20,Female,21.5,97.9,46.3,87.8,7.1,High,Medium,Yes,No,No,Medium,Near,No,No,76.4
STU01423,18,Male,27.1,87.2,45.6,65.3,7.8,Medium,Medium,Yes,No,Yes,Medium,Near,No,No,67.4
STU01424,20,Male,8.7,94.5,41.0,56.3,7.5,High,Medium,Yes,No,No,Medium,Far,Yes,Yes,56.7
STU01425,21,Male,26.7,80.5,51.1,85.9,8.3,High,High,No,No,Yes,High,Near,No,Yes,79.8
STU01426,15,Male,27.0,85.9,39.3,85.7,8.2,Low,High,Yes,No,Yes,Medium,Moderate,No,No,62.7
STU01427,15,Female,10.6,88.2,71.9,59.3,9.3,Medium,High,Yes,No,Yes,Low,Near,No,No,62.6
STU01428,21,Male,7.4,95.3,38.6,69.7,8.0,Low,Low,Yes,No,No,Medium,Near,No,No,49.6
STU01429,20,Male,21.1,100.0,55.9,81.9,7.2,Medium,Low,Yes,No,Yes,Medium,Moderate,No,No,75.3
STU01430,21,Male,30.9,81.5,70.6,82.4,8.7,Medium,Medium,Yes,No,No,Low,Far,No,No,77.6
STU01431,17,Male,8.2,81.5,61.1,45.7,7.2,Medium,High,Yes,No,Yes,Low,Moderate,No,Yes,52.0
STU01432,21,Female,30.4,82.5,79.8,97.8,7.4,Low,Medium,Yes,No,Yes,High,Moderate,No,No,85.9
STU01433,19,Male,7.3,79.0,48.2,85.9,4.0,High,Low,No,Yes,Yes,High,Moderate,Yes,Yes,64.9
STU01434,21,Female,13.2,100.0,76.0,60.6,5.6,High,Medium,No,No,Yes,Medium,Moderate,No,No,77.2
STU01435,15,Male,6.0,68.2,44.1,72.9,8.0,Low,Medium,No,Yes,Yes,Low,Moderate,Yes,Yes,52.6
STU01436,19,Male,18.4,100.0,76.3,74.5,9.0,Medium,Low,Yes,Yes,Yes,High,Near,No,No,87.9
STU01437,15,Female,16.1,91.4,54.0,71.8,7.8,High,Low,Yes,No,Yes,High,Near,No,No,68.0
STU01438,16,Male,15.4,84.2,70.2,88.3,7.9,Low,Medium,Yes,Yes,Yes,Medium,Far,No,No,73.3
STU01439,18,Female,10.0,76.6,61.3,78.5,8.0,Low,Low,No,Yes,Yes,High,Near,No,Yes,66.0
STU01440,15,Female,11.6,84.6,73.1,53.4,7.1,High,Low,Yes,No,No,High,Near,No,No,66.6
STU01441,19,Male,14.5,79.4,81.7,69.9,5.6,Medium,Low,Yes,No,Yes,High,Moderate,No,No,73.8
STU01442,16,Male,12.9,98.8,55.8,74.5,8.0,High,Medium,Yes,No,Yes,High,Moderate,Yes,No,66.0
STU01443,15,Male,14.7,91.3,60.2,62.0,5.1,Medium,Low,Yes,No,Yes,Medium,Moderate,No,No,59.0
STU01444,17,Male,,100.0,55.6,62.5,7.7,Medium,Medium,Yes,No,No,Medium,Near,No,Yes,60.6
STU01445,21,Male,0.0,82.1,44.6,37.4,9.1,Medium,Medium,Yes,No,No,Medium,Far,No,No,38.5
STU01446,18,Male,17.8,86.4,60.9,68.9,7.4,Medium,Medium,Yes,Yes,No,Medium,Moderate,No,No,68.1
STU01447,15,Male,18.0,84.0,45.4,87.6,7.8,Medium,High,Yes,No,Yes,Medium,Far,No,Yes,61.8
STU01448,16,Female,16.9,81.3,63.0,75.1,8.6,Medium,High,Yes,No,Yes,High,Near,No,No,64.3
STU01449,17,Female,19.2,74.7,44.8,81.3,6.8,Medium,Medium,Yes,Yes,No,Medium,Near,No,Yes,62.5
STU01450,20,Female,11.4,92.2,61.1,65.2,9.2,High,Medium,Yes,No,Yes,Medium,Near,No,No,72.9
STU01451,16,Male,12.2,88.4,50.5,62.3,8.5,High,Low,Yes,Yes,Yes,Medium,Near,No,No,62.7
STU01452,21,Male,11.2,84.5,41.2,74.3,7.2,Medium,High,Yes,No,Yes,Medium,Near,No,No,56.8
STU01453,16,Female,0.5,90.0,48.8,69.6,4.0,High,Low,No,No,Yes,Medium,Near,No,No,51.0
STU01454,17,Female,,80.9,41.1,82.8,6.8,High,Low,Yes,Yes,No,Low,Moderate,No,No,75.0
STU01455,16,Female,21.3,85.2,62.2,72.7,6.8,High,Medium,Yes,No,Yes,Medium,Moderate,Yes,Yes,75.4
STU01456,17,Male,22.5,93.6,63.5,94.7,7.5,Low,Low,No,Yes,No,Low,Moderate,No,No,71.1
STU01457,15,Female,12.5,95.0,67.4,72.9,9.2,Low,Medium,No,No,Yes,Low,Near,No,Yes,63.5
STU01458,17,Female,9.3,100.0,59.4,51.2,8.5,Medium,Low,Yes,No,Yes,Medium,Moderate,No,No,57.5
STU01459,17,Male,11.2,73.9,66.1,64.8,7.3,Medium,Low,No,Yes,No,Low,Near,No,No,67.9
STU01460,18,Male,10.9,75.4,55.1,64.5,6.6,High,High,Yes,No,No,Medium,Moderate,No,Yes,67.6
STU01461,17,Female,0.0,73.5,75.1,54.3,4.3,Low,Medium,Yes,No,Yes,Low,Moderate,No,Yes,47.7
STU01462,17,Male,17.4,78.5,72.3,58.3,8.2,Low,Low,No,Yes,Yes,Low,Moderate,No,No,58.5
STU01463,20,Male,21.7,81.6,53.8,72.0,7.5,Medium,Low,No,No,Yes,Medium,Far,No,No,68.3
STU01464,15,Female,16.7,89.4,66.0,71.6,8.5,Low,Low,Yes,No,No,Medium,Far,No,No,66.5
STU01465,21,Female,15.2,96.6,53.8,61.2,7.6,Low,High,Yes,No,Yes,High,Moderate,No,No,64.6
STU01466,18,Male,10.0,81.1,63.2,58.9,6.2,Low,Medium,Yes,No,No,Medium,Far,No,No,55.7
STU01467,20,Male,,90.7,71.9,91.3,7.8,Low,Medium,No,Yes,No,Low,Moderate,No,No,71.0
STU01468,19,Male,14.3,97.8,52.3,61.3,7.5,Medium,Low,No,No,Yes,Medium,Far,No,No,62.4
STU01469,15,Female,5.3,80.4,65.0,62.4,8.5,High,Medium,Yes,No,No,Medium,Moderate,No,No,60.2
STU01470,15,Male,25.6,82.2,45.0,87.7,6.6,High,Low,No,No,No,Medium,Moderate,No,Yes,65.5
STU01471,19,Other,20.2,85.7,35.2,67.2,6.1,Medium,Medium,Yes,No,No,High,Moderate,No,No,64.7
STU01472,21,Male,28.2,68.2,74.0,79.3,7.3,Medium,Medium,Yes,No,No,Medium,Near,No,No,86.3
STU01473,17,Male,24.3,90.1,58.0,82.9,7.0,Medium,High,Yes,No,Yes,Medium,Moderate,No,No,71.3
STU01474,20,Female,10.0,73.0,55.6,67.8,6.2,High,High,Yes,No,Yes,Medium,Far,No,No,66.1
STU01475,16,Female,12.7,92.9,69.3,57.1,6.2,High,Low,No,No,Yes,High,Moderate,No,No,71.6
STU01476,18,Male,23.1,80.7,80.0,86.8,8.9,Low,High,Yes,No,Yes,Medium,Near,No,No,72.4
STU01477,16,Male,5.6,79.9,62.9,65.8,7.0,High,Low,Yes,No,No,Low,Near,No,Yes,61.3
STU01478,19,Other,28.2,75.2,90.6,85.5,8.8,High,Medium,Yes,No,No,Medium,Far,No,Yes,94.5
STU01479,15,Male,17.6,90.4,50.3,66.0,10.0,Low,Low,Yes,No,No,Medium,Far,No,No,53.4
STU01480,21,Female,21.6,90.3,42.8,83.4,6.8,Medium,Medium,Yes,Yes,No,High,Near,No,No,69.4
STU01481,15,Male,17.6,80.4,46.3,69.7,6.0,Medium,Medium,Yes,No,Yes,Medium,Far,No,No,62.8
STU01482,18,Female,15.4,100.0,46.1,73.6,5.6,Low,Low,Yes,Yes,Yes,Low,Far,Yes,No,58.3
STU01483,15,Female,12.7,85.3,82.7,81.4,8.7,Medium,Low,Yes,No,No,High,Near,No,No,80.1
STU01484,15,Male,13.8,84.9,55.7,71.7,6.9,Medium,Low,Yes,No,No,High,Far,No,Yes,58.9
STU01485,18,Female,0.0,85.6,87.0,43.8,7.3,High,High,Yes,Yes,No,Low,Near,No,Yes,69.6
STU01486,20,Male,19.5,78.2,57.5,59.0,6.6,High,Medium,Yes,No,Yes,High,Moderate,Yes,No,69.5
STU01487,20,Male,32.4,75.1,48.3,91.4,7.0,Low,Low,Yes,Yes,No,Medium,Moderate,No,No,70.9
STU01488,18,Female,8.4,81.3,39.8,63.1,10.0,Medium,High,Yes,No,No,Medium,Moderate,No,No,42.2
STU01489,21,Male,3.3,91.3,51.6,42.7,6.2,High,Low,Yes,Yes,No,High,Moderate,No,No,64.9
STU01490,19,Female,27.6,66.5,61.3,68.0,4.1,High,Medium,Yes,Yes,No,Medium,Moderate,No,No,70.8
STU01491,15,Male,18.0,70.0,55.6,71.1,7.0,Medium,Medium,Yes,No,Yes,Low,Far,No,No,55.7
STU01492,21,Male,22.2,78.9,45.0,69.5,6.3,Medium,Medium,No,Yes,No,Medium,Far,No,Yes,55.5
STU01493,15,Male,19.0,67.1,64.6,87.9,8.2,High,Medium,Yes,No,No,Medium,Moderate,No,No,74.1
STU01494,19,Male,7.6,70.8,49.5,52.8,7.1,Medium,Medium,Yes,No,No,Low,Moderate,No,Yes,51.5
STU01495,20,Male,22.3,93.1,47.0,68.5,8.8,Low,High,Yes,No,Yes,Medium,Near,No,No,54.2
STU01496,21,Female,11.1,80.6,58.1,63.1,4.1,High,Medium,Yes,Yes,Yes,Medium,Moderate,No,No,56.1
STU01497,17,Female,8.4,76.5,42.3,54.9,8.0,High,Medium,Yes,Yes,No,Medium,Far,Yes,No,57.2
STU01498,17,Female,,86.4,57.8,65.3,9.2,Medium,High,Yes,Yes,Yes,Medium,Near,Yes,No,67.2
STU01499,17,Male,16.4,86.1,53.6,76.3,6.5,High,Medium,Yes,No,Yes,High,Far,No,No,68.2
STU01500,20,Male,18.3,96.6,33.8,78.9,6.5,Medium,Low,Yes,Yes,No,Medium,Far,No,No,62.1
STU01501,20,Male,18.0,67.2,49.9,78.8,6.5,Medium,High,Yes,No,Yes,Medium,Moderate,No,No,66.8
STU01502,19,Male,21.6,75.7,62.2,83.0,6.3,Medium,Medium,Yes,No,Yes,Low,Moderate,No,Yes,63.3
STU01503,15,Female,25.4,79.0,59.8,98.6,8.8,High,Medium,Yes,Yes,Yes,Medium,Moderate,Yes,Yes,82.4
STU01504,19,Male,16.7,88.9,48.5,56.8,5.7,Medium,High,Yes,Yes,No,High,Moderate,No,No,62.9
STU01505,19,Male,26.6,100.0,58.7,77.9,8.0,Medium,Medium,No,No,Yes,Medium,Moderate,Yes,No,61.1
STU01506,20,Female,24.1,90.9,56.0,73.7,4.8,Medium,Low,Yes,No,No,Medium,Far,No,No,63.9
STU01507,17,Male,20.9,82.3,48.8,76.6,5.2,Medium,Medium,No,No,Yes,Medium,Moderate,Yes,No,46.5
STU01508,16,Male,10.4,72.9,62.0,42.2,7.3,Medium,Medium,Yes,Yes,Yes,Medium,Moderate,No,No,57.9
STU01509,15,Male,22.8,71.6,71.1,79.6,5.5,High,Medium,No,No,Yes,Low,Moderate,No,No,66.6
STU01510,20,Male,18.4,94.0,73.9,70.3,5.4,Medium,Medium,Yes,No,Yes,High,Near,No,No,74.2
STU01511,17,Female,4.3,77.1,38.4,61.9,8.9,Medium,Low,Yes,Yes,Yes,Low,Near,No,No,54.7
STU01512,21,Male,5.5,81.5,58.8,79.0,7.8,Medium,Medium,Yes,No,No,Medium,Far,No,Yes,59.2
STU01513,16,Male,5.3,100.0,32.8,56.7,7.1,Medium,High,Yes,No,No,Medium,Near,Yes,No,41.5
STU01514,16,Male,5.5,67.9,49.9,53.4,8.0,High,High,Yes,No,No,Medium,Moderate,Yes,No,43.9
STU01515,20,Male,6.2,87.7,32.3,57.0,5.0,High,Medium,Yes,No,No,Low,Moderate,No,No,52.1
STU01516,18,Male,21.7,76.0,52.2,76.7,5.7,Medium,Low,Yes,Yes,Yes,Medium,Near,No,No,66.4
STU01517,15,Female,15.7,100.0,49.4,69.0,7.4,High,Medium,No,No,No,Low,Near,No,No,70.8
STU01518,16,Female,22.1,75.6,75.1,76.4,4.9,Medium,High,Yes,No,Yes,Low,Far,No,Yes,66.7
STU01519,20,Female,6.0,91.7,44.9,62.3,4.9,High,Low,Yes,Yes,Yes,Medium,Moderate,No,No,61.6
STU01520,20,Male,2.7,66.9,41.7,62.5,6.6,High,Low,Yes,No,Yes,Medium,Moderate,No,Yes,45.2
STU01521,17,Female,8.1,100.0,59.7,58.8,7.3,Medium,Medium,No,Yes,Yes,Low,Far,No,No,62.7
STU01522,21,Female,20.5,94.2,55.4,75.1,6.7,Medium,Medium,Yes,No,No,Low,Near,No,No,71.7
STU01523,18,Male,21.0,79.4,52.0,83.1,5.7,High,High,Yes,Yes,No,High,Near,No,No,77.0
STU01524,15,Female,,88.9,66.5,74.3,5.8,Medium,Medium,No,No,No,High,Moderate,No,Yes,64.3
STU01525,19,Male,17.6,94.6,79.0,80.8,6.7,Low,,No,No,Yes,Low,Moderate,No,No,59.7
STU01526,21,Male,10.9,86.5,56.0,82.3,8.2,Medium,Medium,Yes,No,No,Medium,Moderate,No,No,65.8
STU01527,21,Female,9.2,81.1,68.9,85.6,9.3,Medium,Low,Yes,Yes,Yes,Medium,Far,No,No,74.7
STU01528,17,Male,18.2,84.0,63.2,98.1,7.1,High,Medium,No,No,No,Medium,Far,No,No,75.2
STU01529,16,Female,20.3,86.1,54.4,73.9,4.1,Medium,Medium,Yes,No,Yes,High,Near,No,Yes,61.8
STU01530,16,Male,29.3,85.6,41.0,90.8,8.4,High,Low,Yes,Yes,Yes,Low,Near,No,No,69.3
STU01531,17,Female,7.0,89.3,63.4,57.3,8.0,Medium,Low,Yes,No,No,Medium,Far,No,No,60.5
STU01532,20,Female,6.0,74.8,69.4,54.1,6.2,Medium,High,Yes,Yes,No,Medium,Near,No,No,62.5
STU01533,16,Female,11.0,78.5,50.3,72.6,6.7,High,High,No,No,No,Medium,Near,No,No,57.7
STU01534,18,Male,19.9,81.1,88.5,70.7,9.2,Low,Medium,Yes,Yes,No,Medium,Moderate,No,No,77.6
STU01535,15,Male,31.1,89.7,45.7,95.5,9.4,Low,High,Yes,No,Yes,High,Moderate,Yes,Yes,67.9
STU01536,21,Male,16.1,69.7,69.9,66.0,5.8,Low,Medium,Yes,No,Yes,Low,Moderate,Yes,No,52.2
STU01537,21,Male,8.1,86.5,52.7,47.4,10.0,Low,High,Yes,No,Yes,Low,Near,No,No,48.9
STU01538,18,Male,5.9,92.8,65.3,54.9,7.7,Medium,High,Yes,No,Yes,Low,Moderate,Yes,No,50.2
STU01539,16,Female,10.3,85.5,85.9,70.1,10.0,Medium,High,No,Yes,Yes,High,Moderate,No,No,72.7
STU01540,21,Female,16.8,85.8,65.2,65.5,5.0,High,Medium,Yes,No,No,Medium,Near,No,No,72.4
STU01541,19,Other,20.7,82.0,68.9,78.5,6.2,High,Medium,Yes,Yes,No,Medium,Near,No,No,79.3
STU01542,15,Male,16.7,85.6,62.0,59.2,4.0,Medium,Medium,Yes,No,No,Low,Moderate,No,No,62.8
STU01543,15,Male,9.2,80.6,51.9,51.7,6.7,Low,Medium,No,No,No,High,Far,No,No,45.3
STU01544,21,Male,4.5,83.3,65.4,66.7,8.3,Medium,High,Yes,Yes,No,High,Far,Yes,No,65.4
STU01545,17,Female,20.2,80.6,57.2,68.2,9.8,High,High,Yes,No,Yes,Medium,Near,No,No,70.3
STU01546,21,Female,10.6,83.2,49.8,72.6,5.9,Medium,High,Yes,No,Yes,Medium,Moderate,Yes,No,52.5
STU01547,17,Female,11.3,81.8,76.5,60.2,7.6,Low,Medium,Yes,No,No,Low,Moderate,No,Yes,66.6
STU01548,21,Female,6.9,73.2,74.1,56.5,6.6,Low,Medium,No,Yes,No,Medium,Far,No,No,56.2
STU01549,19,Female,,69.9,47.0,62.3,8.1,Low,Low,No,Yes,Yes,Medium,Moderate,No,No,49.3
STU01550,20,Male,28.2,85.8,65.2,100.0,6.8,Medium,Low,Yes,No,Yes,Low,Near,No,No,78.0
STU01551,15,Male,9.7,91.0,48.1,57.6,6.6,Medium,Low,Yes,No,No,Medium,Moderate,No,No,60.0
STU01552,21,Female,0.0,100.0,68.3,70.6,4.4,High,Medium,Yes,No,No,Low,Near,No,No,65.5
STU01553,19,Male,16.3,96.0,69.7,67.8,7.4,Low,Medium,Yes,No,Yes,Medium,Near,No,No,67.6
STU01554,17,Male,13.8,94.0,67.6,65.2,9.2,Low,Low,Yes,No,Yes,Medium,Moderate,No,No,58.8
STU01555,17,Female,0.0,87.3,62.3,82.2,5.1,High,High,Yes,Yes,Yes,Low,Far,No,No,63.2
STU01556,15,Other,24.1,86.2,46.8,78.3,8.4,High,Medium,Yes,Yes,No,Medium,Near,No,No,76.0
STU01557,18,Female,20.3,77.1,72.0,74.3,7.1,Medium,Medium,No,No,Yes,Medium,Moderate,No,No,74.6
STU01558,21,Female,21.7,76.0,49.5,83.7,4.0,High,Medium,Yes,Yes,No,Low,Near,No,No,66.8
STU01559,16,Female,17.1,86.9,51.5,72.4,6.5,Medium,Medium,No,Yes,Yes,High,Far,No,No,68.2
STU01560,17,Male,4.6,76.7,60.2,61.5,6.6,High,High,No,No,No,Low,Moderate,No,Yes,55.7
STU01561,20,Male,14.5,84.1,67.7,64.6,7.7,High,Low,Yes,Yes,No,Medium,Near,No,No,79.7
STU01562,20,Female,11.2,60.0,82.7,62.5,7.8,High,Medium,Yes,No,No,Low,Near,No,No,68.0
STU01563,17,Female,9.8,89.7,69.8,63.7,7.2,Low,Medium,Yes,No,No,Low,Moderate,No,No,59.5
STU01564,18,Male,28.1,74.7,35.1,78.3,8.0,Medium,High,Yes,No,Yes,Low,Near,No,No,55.3
STU01565,18,Female,7.1,70.7,46.1,76.1,5.6,Low,High,Yes,No,No,Low,Near,No,No,46.3
STU01566,19,Male,11.3,92.2,40.8,63.2,6.7,Medium,Medium,Yes,No,No,Medium,Moderate,No,Yes,51.1
STU01567,20,Male,15.3,94.6,71.5,75.3,6.8,Low,High,Yes,Yes,No,Low,Moderate,No,Yes,76.0
STU01568,19,Female,18.2,84.2,58.7,82.6,8.8,Medium,Medium,Yes,No,Yes,Medium,Moderate,No,No,64.5
STU01569,20,Male,28.5,77.8,47.1,89.4,4.2,Low,Medium,Yes,No,Yes,Low,Near,No,Yes,57.3
STU01570,21,Male,13.7,92.2,77.4,54.7,7.9,High,Medium,No,No,Yes,Low,Moderate,Yes,No,54.8
STU01571,21,Male,17.3,77.3,57.5,81.2,9.3,High,Low,Yes,No,No,Medium,Moderate,No,No,66.6
STU01572,16,Female,5.4,83.4,57.8,59.9,7.2,Low,High,Yes,Yes,Yes,High,Near,Yes,No,51.2
STU01573,21,Male,19.6,98.5,61.1,76.0,10.0,High,Medium,Yes,No,Yes,Medium,Moderate,No,No,77.4
STU01574,16,Female,30.5,88.8,55.8,77.4,6.3,Low,High,Yes,No,Yes,Medium,Near,No,No,64.0
STU01575,21,Female,11.6,84.5,70.1,70.0,6.8,Low,Medium,Yes,Yes,No,Low,Far,No,No,64.5
STU01576,15,Male,21.4,82.2,58.0,64.7,6.2,Medium,Low,Yes,Yes,No,High,Moderate,No,Yes,77.0
STU01577,21,Other,3.7,85.4,66.7,40.7,6.7,Medium,Medium,No,No,Yes,Low,Moderate,No,No,52.5
STU01578,19,Male,12.2,87.7,66.3,65.5,7.9,Low,Medium,Yes,No,Yes,Low,Near,No,No,56.6
STU01579,17,Other,12.6,73.7,65.5,68.9,6.5,Medium,High,Yes,No,No,Medium,Near,No,No,67.7
STU01580,19,Female,17.8,97.1,67.8,64.3,5.8,Medium,Medium,Yes,No,Yes,Medium,Moderate,No,Yes,60.0
STU01581,17,Other,13.9,80.4,75.4,62.0,4.6,High,Medium,Yes,No,Yes,High,Moderate,No,No,74.3
STU01582,18,Male,24.0,83.0,48.9,90.2,,Medium,Medium,Yes,Yes,No,Low,Near,No,No,74.8
STU01583,19,Female,10.9,93.1,58.8,75.1,7.0,Medium,Medium,Yes,No,Yes,High,Near,No,No,63.9
STU01584,18,Male,20.8,83.6,73.4,79.8,6.5,Medium,High,Yes,No,Yes,Medium,Near,No,No,64.5
STU01585,16,Male,,93.8,68.3,79.1,10.0,High,Low,Yes,Yes,Yes,Medium,Moderate,No,No,74.2
STU01586,16,Female,6.4,84.5,54.9,67.0,8.0,Low,Medium,Yes,No,Yes,Low,Near,No,Yes,49.9
STU01587,15,Male,0.0,86.0,56.7,39.1,6.2,Low,Medium,Yes,No,No,Low,Moderate,No,Yes,38.3
STU01588,21,Female,16.2,87.2,50.4,71.1,8.1,Medium,Low,Yes,No,Yes,High,Near,No,Yes,66.9
STU01589,19,Male,9.5,88.7,54.6,60.1,8.2,Medium,Medium,No,Yes,No,Medium,Moderate,No,No,55.3
STU01590,18,Male,17.2,90.6,78.5,73.7,7.0,Low,High,Yes,No,Yes,Medium,Near,No,No,69.2
STU01591,17,Female,4.9,95.5,51.9,36.4,6.4,Medium,Low,Yes,No,No,High,Moderate,No,No,57.3
STU01592,16,Male,19.3,94.9,69.8,74.8,5.5,Low,Medium,Yes,No,No,Low,Near,No,No,65.3
STU01593,21,Female,27.5,77.1,63.0,90.3,9.1,Medium,Medium,Yes,No,No,Medium,Near,No,No,67.0
STU01594,16,Female,13.1,99.5,73.4,59.2,6.8,Medium,Medium,Yes,Yes,Yes,Medium,Moderate,No,No,79.8
STU01595,17,Female,0.0,68.0,60.1,52.6,6.7,High,Medium,Yes,No,Yes,Low,Near,No,No,52.4
STU01596,21,Male,14.6,78.7,51.6,80.7,8.7,Medium,Low,Yes,No,Yes,Low,Near,Yes,No,54.4
STU01597,21,Female,9.3,83.6,68.7,46.4,7.1,Medium,Low,Yes,No,Yes,Medium,Far,No,No,63.9
STU01598,18,Other,7.4,73.3,36.0,55.6,10.0,Medium,High,Yes,No,No,Medium,Far,No,No,39.2
STU01599,18,Female,13.3,87.8,75.3,65.8,6.2,Medium,Medium,Yes,No,Yes,Medium,Near,No,No,62.7
STU01600,19,Female,23.0,92.4,69.2,61.4,6.4,Low,Low,Yes,No,No,Low,Far,No,No,61.3
STU01601,19,Female,10.4,77.9,58.3,66.7,5.9,High,Low,Yes,No,Yes,High,Moderate,No,No,72.8
STU01602,20,Female,20.6,89.6,55.1,66.2,5.8,High,Low,Yes,No,Yes,Low,Near,No,No,65.9
STU01603,20,Female,13.3,93.4,75.0,48.5,7.6,Medium,Low,Yes,Yes,No,Medium,Far,No,No,75.0
STU01604,15,Male,14.3,65.6,53.7,67.9,8.1,Low,Medium,Yes,No,No,Medium,Far,No,Yes,50.5
STU01605,16,Male,23.7,86.7,56.9,100.0,6.4,Medium,Medium,Yes,No,Yes,Low,Far,No,No,70.3
STU01606,19,Female,12.8,88.7,62.7,54.8,7.1,Medium,High,No,No,Yes,Low,Near,No,No,66.5
STU01607,18,Male,21.1,75.8,49.4,82.7,7.3,Low,Low,Yes,No,No,Medium,Near,Yes,No,53.1
STU01608,17,Female,13.2,73.1,68.2,62.2,8.9,High,Medium,No,No,No,High,Moderate,No,No,63.4
STU01609,18,Male,19.5,78.1,38.4,86.6,6.1,High,Medium,Yes,No,No,Low,Moderate,No,No,62.2
STU01610,16,Female,12.9,83.1,34.9,65.3,7.3,High,Medium,Yes,No,Yes,Medium,Near,No,No,51.3
STU01611,20,Male,16.4,77.5,72.7,53.4,7.6,High,Low,Yes,No,No,Medium,Far,No,No,66.0
STU01612,18,Male,17.1,90.6,72.3,87.1,7.6,Medium,Medium,Yes,No,No,Low,Moderate,No,No,78.3
STU01613,15,Female,20.4,89.3,57.8,76.3,7.1,Medium,Medium,Yes,Yes,Yes,Medium,Moderate,Yes,No,68.0
STU01614,16,Female,18.8,88.8,53.4,66.5,8.5,Medium,Low,No,No,No,High,Moderate,No,No,64.2
STU01615,20,Female,8.2,97.6,59.2,69.8,6.0,High,Medium,Yes,Yes,No,Medium,Moderate,No,No,70.2
STU01616,17,Male,29.6,91.5,67.5,88.3,6.7,Medium,Low,Yes,No,No,High,Near,No,No,77.5
STU01617,20,Female,15.2,87.8,55.3,69.9,6.1,Medium,High,Yes,No,Yes,Low,Far,No,No,64.0
STU01618,21,Female,22.3,72.8,67.8,57.0,6.0,Medium,High,Yes,No,No,Medium,Near,No,No,71.7
STU01619,15,Female,0.0,96.6,58.7,36.1,7.2,Medium,Medium,Yes,No,No,Medium,Near,Yes,Yes,44.7
STU01620,16,Male,21.4,97.7,47.4,78.9,8.5,Medium,High,Yes,Yes,Yes,Medium,Far,No,No,72.3
STU01621,17,Female,21.1,81.7,56.9,70.1,5.8,High,Medium,Yes,Yes,No,Medium,Far,No,No,66.1
STU01622,15,Female,16.9,76.9,62.9,82.6,8.4,Low,High,Yes,No,Yes,Low,Far,No,No,57.7
STU01623,20,Other,0.0,92.5,52.3,34.9,6.5,Medium,,Yes,Yes,Yes,Medium,Far,No,No,60.7
STU01624,15,Male,9.2,66.8,64.9,56.0,5.6,High,High,No,No,No,Medium,Moderate,No,No,61.4
STU01625,16,Female,6.8,89.0,63.8,58.6,6.0,Low,Low,Yes,No,Yes,Low,Far,No,No,54.0
STU01626,19,Female,24.3,100.0,59.9,79.9,8.4,High,Medium,Yes,No,No,High,Near,No,Yes,74.6
STU01627,15,Male,5.4,81.2,67.2,65.2,5.4,Medium,Medium,Yes,Yes,Yes,Medium,Moderate,Yes,No,60.5
STU01628,21,Male,19.4,87.4,49.5,84.7,10.0,High,Low,Yes,No,No,Medium,Moderate,No,No,69.3
STU01629,15,Male,12.7,86.0,62.2,64.2,7.2,High,High,No,Yes,No,Low,Near,No,Yes,66.5
STU01630,20,Male,23.7,95.4,54.6,74.1,4.5,High,High,Yes,No,No,Low,Moderate,No,No,64.9
STU01631,20,Male,16.8,86.1,37.3,64.1,5.4,Medium,High,No,No,No,Medium,Moderate,No,No,45.8
STU01632,17,Female,9.8,81.6,55.5,72.9,8.2,Medium,Medium,Yes,No,Yes,Medium,Moderate,No,No,56.6
STU01633,20,Female,8.8,69.8,76.2,68.5,4.8,Medium,Medium,Yes,No,No,Medium,Near,No,No,64.1
STU01634,18,Female,11.5,85.9,88.3,53.9,8.0,High,Medium,Yes,Yes,No,Medium,Far,No,No,79.9
STU01635,16,Female,0.0,84.3,58.6,49.1,5.2,Low,,Yes,No,No,Low,Near,No,No,43.1
STU01636,16,Male,,64.7,50.7,85.3,7.5,Medium,Medium,Yes,No,No,Medium,Moderate,Yes,No,66.7
STU01637,19,Male,25.5,74.9,36.8,80.3,9.0,High,Medium,Yes,No,Yes,Medium,Far,No,No,59.0
STU01638,19,Female,15.5,79.0,42.8,77.8,7.6,Medium,Low,No,No,No,Medium,Moderate,No,No,48.3
STU01639,16,Male,22.5,79.0,48.2,73.9,8.3,High,Medium,Yes,No,No,Low,Near,No,Yes,69.1
STU01640,21,Male,14.7,84.7,50.0,78.0,8.1,Medium,Medium,No,Yes,No,Low,Near,Yes,No,50.1
STU01641,19,Male,18.5,83.9,61.5,63.1,5.3,Medium,Medium,Yes,Yes,No,Medium,Moderate,No,No,64.8
STU01642,17,Male,22.9,84.4,61.3,74.5,5.2,Medium,Medium,No,No,No,Low,Far,No,No,61.0
STU01643,20,Female,13.1,100.0,53.1,61.8,4.4,High,Low,No,No,No,Low,Far,No,No,57.8
STU01644,16,Male,21.2,80.6,53.7,73.5,7.5,Low,Medium,Yes,No,Yes,Low,Moderate,No,Yes,50.8
STU01645,19,Male,0.6,76.3,64.4,60.9,6.8,Medium,High,Yes,No,Yes,Medium,Near,No,No,55.1
STU01646,16,Male,16.7,100.0,51.1,80.0,5.5,High,High,Yes,No,Yes,Medium,Near,No,No,76.9
STU01647,18,Female,14.9,99.6,49.2,79.2,7.5,Low,Low,Yes,No,No,Medium,Near,No,No,59.6
STU01648,15,Male,12.3,74.2,55.0,54.3,9.4,Medium,Medium,No,No,Yes,Low,Near,No,No,49.8
STU01649,20,Female,13.3,97.1,72.0,57.9,8.0,Medium,High,No,No,No,Medium,Near,No,No,69.3
STU01650,16,Male,13.1,66.5,57.4,54.7,9.1,High,Low,Yes,Yes,No,Low,Near,No,No,66.5
STU01651,15,Male,23.9,100.0,57.9,84.8,6.4,Low,Medium,Yes,No,No,High,Moderate,Yes,Yes,74.5
STU01652,19,Female,14.5,100.0,55.5,75.3,7.3,Low,Medium,Yes,No,Yes,Medium,Near,No,No,60.3
STU01653,15,Male,37.6,90.3,51.7,91.3,7.5,Medium,Medium,Yes,Yes,No,Medium,Moderate,No,No,85.0
STU01654,20,Male,7.5,93.6,76.3,61.6,8.3,Medium,Medium,Yes,No,No,Low,Far,No,No,72.0
STU01655,16,Male,19.4,89.4,71.0,69.3,4.7,Medium,High,Yes,No,Yes,Low,Moderate,Yes,No,59.2
STU01656,18,Female,22.2,78.4,62.8,69.1,9.3,High,Low,No,No,No,Medium,Moderate,No,No,74.2
STU01657,21,Male,11.9,97.0,75.7,64.8,7.4,Medium,Low,Yes,Yes,No,Medium,Moderate,Yes,Yes,71.5
STU01658,19,Female,5.3,98.6,56.4,46.8,9.0,Medium,Low,Yes,Yes,No,Low,Near,No,No,57.5
STU01659,16,Male,11.4,77.7,67.1,42.5,8.6,Medium,Medium,Yes,Yes,Yes,High,Near,No,No,73.7
STU01660,20,Male,,84.7,65.0,59.6,4.0,High,Medium,Yes,No,Yes,High,Near,No,Yes,58.7
STU01661,19,Male,8.4,72.7,68.9,51.4,7.5,Medium,Low,Yes,Yes,Yes,Medium,Near,No,No,54.7
STU01662,17,Female,18.1,84.5,74.7,69.9,7.7,High,High,Yes,No,No,High,Moderate,No,No,82.8
STU01663,15,Male,35.7,82.3,68.5,81.3,6.7,Low,High,No,Yes,No,Low,Far,No,No,77.6
STU01664,21,Male,28.9,97.5,40.4,93.4,7.0,Medium,Medium,Yes,No,No,Low,Far,No,No,67.6
STU01665,20,Male,10.1,100.0,47.4,69.2,5.7,Medium,Medium,Yes,Yes,No,Low,Near,No,No,59.3
STU01666,17,Male,22.6,74.4,68.1,84.3,6.8,Low,Low,Yes,No,Yes,Medium,Far,No,No,70.2
STU01667,16,Male,12.1,92.7,54.2,50.8,6.5,Medium,Medium,Yes,No,Yes,Low,Near,No,No,53.6
STU01668,18,Female,8.0,93.8,72.7,80.1,6.2,Low,Medium,Yes,Yes,No,High,Far,No,No,69.2
STU01669,19,Male,14.3,67.5,75.8,69.9,6.5,High,Medium,Yes,No,No,Low,Near,No,Yes,72.8
STU01670,15,Male,0.0,94.7,48.0,54.2,4.0,Medium,Medium,Yes,No,No,Medium,Near,Yes,No,44.5
STU01671,19,Female,1.6,70.2,66.7,37.2,6.2,Medium,High,Yes,No,No,High,Near,No,No,53.0
STU01672,21,Male,22.3,79.9,55.7,77.9,5.6,Medium,High,Yes,No,No,Low,Far,No,No,60.0
STU01673,16,Male,25.9,76.0,60.5,81.0,5.8,Medium,Low,Yes,No,Yes,Low,Near,No,No,70.1
STU01674,19,Male,0.0,69.3,46.5,35.5,4.9,Medium,Medium,No,Yes,No,Medium,Near,No,No,40.9
STU01675,15,Female,26.7,96.0,56.8,75.4,6.7,Medium,Low,Yes,No,Yes,Low,Far,No,No,66.3
STU01676,16,Male,24.3,75.6,64.3,94.7,5.7,Medium,Medium,Yes,No,Yes,Low,Far,Yes,No,60.5
STU01677,19,Female,12.2,81.0,71.7,57.5,5.6,Low,Medium,Yes,Yes,No,Low,Near,No,No,58.0
STU01678,18,Male,18.6,84.9,63.2,70.8,7.2,High,Medium,Yes,No,Yes,Medium,Moderate,No,No,78.8
STU01679,20,Female,29.5,92.4,57.2,79.6,9.4,Medium,Medium,Yes,Yes,No,High,Near,No,Yes,75.2
STU01680,16,Male,24.8,75.3,80.7,84.8,7.2,Medium,High,Yes,No,Yes,High,Near,No,No,89.9
STU01681,20,Female,19.0,89.9,60.3,81.4,8.6,High,High,Yes,Yes,No,Low,Moderate,No,No,81.4
STU01682,16,Female,9.9,82.7,38.7,70.5,6.9,Medium,Low,Yes,Yes,No,Medium,Moderate,No,No,59.8
STU01683,18,Female,11.7,74.9,44.9,64.7,10.0,Medium,Medium,Yes,No,Yes,Medium,Moderate,No,No,49.0
STU01684,20,Male,20.6,95.2,58.7,86.0,5.3,Low,High,Yes,No,No,High,Moderate,No,No,76.3
STU01685,17,Male,19.3,100.0,43.9,64.8,4.0,Medium,High,Yes,Yes,No,Low,Moderate,No,No,59.9
STU01686,15,Male,24.3,87.0,48.5,77.1,8.3,Medium,Medium,Yes,No,No,Medium,Moderate,No,No,63.6
STU01687,17,Male,3.4,78.9,58.1,51.2,8.1,Medium,High,Yes,Yes,Yes,Medium,Moderate,No,No,55.4
STU01688,19,Male,18.6,77.6,68.6,84.1,4.3,Medium,Low,No,No,Yes,High,Moderate,No,No,61.0
STU01689,18,Female,20.8,93.1,57.5,54.8,6.8,Medium,Low,Yes,No,No,Low,Near,No,No,59.0
STU01690,17,Male,13.1,85.1,44.5,50.7,9.7,High,High,Yes,Yes,Yes,Low,Moderate,No,Yes,55.2
STU01691,16,Male,34.1,74.4,54.0,75.6,8.3,Medium,Medium,No,Yes,Yes,Low,Moderate,No,No,68.8
STU01692,19,Female,8.1,68.1,54.2,58.5,4.7,High,Low,Yes,No,No,Low,Moderate,No,No,52.0
STU01693,19,Female,14.6,88.8,65.9,64.4,4.0,High,Medium,Yes,No,No,Medium,Moderate,No,No,61.3
STU01694,17,Male,20.8,72.3,45.1,57.6,9.4,Low,Low,Yes,No,No,Medium,Near,No,No,48.1
STU01695,17,Female,21.9,81.0,52.5,83.8,5.7,Medium,Medium,Yes,No,No,Medium,Moderate,No,Yes,64.1
STU01696,18,Male,13.0,100.0,67.7,74.0,8.5,Low,Low,Yes,No,Yes,Low,Near,No,No,61.1
STU01697,15,Female,13.0,76.7,67.1,67.0,8.1,Medium,Low,Yes,No,No,Low,Far,No,No,63.1
STU01698,17,Female,20.6,95.5,75.9,61.3,7.0,Medium,Medium,No,No,Yes,Low,Moderate,No,No,70.6
STU01699,21,Female,18.7,74.8,37.0,98.8,5.9,Medium,Low,Yes,No,No,Low,Near,No,No,59.7
STU01700,17,Female,15.7,93.7,62.3,77.2,9.2,Low,Medium,Yes,No,No,Medium,Moderate,No,No,56.8
STU01701,20,Male,0.1,90.8,71.7,61.5,4.0,Medium,Medium,Yes,No,Yes,Low,Far,No,Yes,51.2
STU01702,16,Male,16.2,89.9,66.9,59.7,8.6,High,Medium,No,No,Yes,Low,Near,No,No,63.6
STU01703,21,Female,27.9,78.9,58.8,74.1,6.5,Medium,Medium,Yes,Yes,Yes,Medium,Moderate,No,No,76.7
STU01704,21,Male,19.7,91.4,59.6,61.6,5.9,Medium,Low,Yes,No,No,Medium,Moderate,Yes,Yes,63.7
STU01705,20,Female,8.8,88.7,62.1,56.2,6.8,Low,Medium,Yes,Yes,No,Medium,Moderate,No,No,58.5
STU01706,20,Male,3.3,100.0,56.5,50.0,8.7,Medium,High,Yes,No,No,High,Near,No,Yes,57.9
STU01707,19,Male,22.7,78.8,50.5,74.6,5.1,Medium,Low,Yes,No,Yes,Low,Moderate,Yes,No,58.7
STU01708,15,Male,11.3,97.9,65.5,72.9,7.5,High,High,Yes,No,Yes,Medium,Far,No,No,80.3
STU01709,16,Male,25.7,76.0,55.3,88.9,7.9,Low,Low,Yes,No,No,Medium,Far,No,No,64.6
STU01710,18,Female,25.5,82.6,48.0,88.5,6.7,Medium,Low,Yes,No,No,Medium,Moderate,No,No,65.6
STU01711,21,Female,13.8,78.6,70.5,79.0,5.3,Medium,Low,No,Yes,Yes,High,Far,No,Yes,61.8
STU01712,18,Female,17.6,80.0,81.4,73.8,5.8,High,Medium,Yes,Yes,No,Low,Moderate,Yes,No,75.2
STU01713,17,Female,18.6,83.4,77.6,91.8,,High,Medium,Yes,Yes,No,Medium,Moderate,No,No,84.3
STU01714,17,Female,5.4,99.4,62.4,57.6,8.4,High,Medium,Yes,No,No,Low,Moderate,No,No,67.4
STU01715,18,Female,28.7,89.6,65.5,89.0,7.9,High,High,Yes,No,Yes,Medium,Near,No,No,87.5
STU01716,17,Male,,97.3,46.6,63.6,10.0,Medium,,Yes,Yes,No,Medium,Moderate,Yes,No,57.1
STU01717,15,Female,16.2,85.1,53.8,61.6,5.8,High,High,Yes,No,No,High,Moderate,No,No,62.1
STU01718,20,Male,22.9,97.8,62.7,80.5,7.0,Low,Low,Yes,No,No,High,Far,No,No,77.8
STU01719,17,Male,17.4,87.3,61.9,70.3,7.1,Low,High,Yes,No,Yes,Medium,Moderate,No,No,59.4
STU01720,19,Female,6.3,77.1,64.9,72.4,8.9,Low,High,Yes,No,No,Low,Moderate,No,Yes,58.6
STU01721,17,Male,8.6,95.6,51.7,50.1,4.5,Medium,Medium,No,No,No,Medium,Near,No,Yes,52.5
STU01722,16,Male,0.0,99.8,61.4,37.3,7.1,High,Medium,Yes,Yes,No,Medium,Near,No,Yes,55.7
STU01723,15,Male,15.5,91.4,57.4,71.6,7.0,Medium,Low,Yes,No,Yes,Low,Near,No,Yes,61.9
STU01724,16,Male,19.4,93.3,75.6,68.0,8.2,High,Low,Yes,No,No,Medium,Moderate,No,No,76.4
STU01725,16,Female,13.5,97.8,60.4,65.8,6.3,High,High,Yes,No,No,High,Near,No,Yes,61.1
STU01726,19,Male,5.8,82.3,52.7,60.9,8.8,High,,No,Yes,No,Medium,Moderate,No,No,54.0
STU01727,15,Male,11.0,77.8,53.0,67.1,7.6,Low,High,No,No,Yes,Medium,Near,No,No,44.3
STU01728,15,Male,12.0,88.6,59.5,59.3,,Medium,Medium,Yes,Yes,Yes,High,Moderate,No,No,70.6
STU01729,15,Male,21.9,100.0,53.3,71.4,7.9,High,Low,Yes,No,No,Low,Far,No,Yes,69.6
STU01730,15,Female,26.5,88.0,58.8,91.7,6.8,Medium,Medium,No,Yes,Yes,Low,Moderate,No,Yes,73.0
STU01731,15,Male,0.0,91.3,63.7,50.4,7.7,High,Low,Yes,Yes,No,Medium,Near,Yes,No,59.4
STU01732,19,Female,14.4,85.7,82.0,72.3,5.2,High,Medium,No,No,No,Medium,Moderate,No,No,82.0
STU01733,17,Female,10.2,87.9,69.9,61.5,6.6,Low,Medium,Yes,No,No,Medium,Near,No,No,59.6
STU01734,16,Female,12.9,79.7,44.4,63.2,8.5,Medium,Medium,Yes,No,No,Low,Near,No,Yes,49.9
STU01735,15,Female,21.7,90.5,66.9,69.1,9.1,Medium,Low,Yes,No,No,Low,Near,No,No,65.5
STU01736,21,Female,11.0,93.8,55.7,69.4,7.7,High,Low,Yes,Yes,No,Low,Near,Yes,No,62.4
STU01737,17,Male,20.5,70.0,59.2,77.6,6.6,Low,Medium,Yes,No,Yes,High,Near,No,No,64.8
STU01738,17,Male,30.9,70.0,67.7,77.4,6.2,Medium,Medium,Yes,Yes,No,Medium,Near,No,Yes,75.7
STU01739,16,Male,,67.5,60.0,72.3,5.9,Low,Low,Yes,No,No,Medium,Near,No,No,49.4
STU01740,19,Female,13.3,99.8,88.9,50.6,5.9,Medium,Low,Yes,No,Yes,Low,Moderate,Yes,No,65.1
STU01741,18,Male,13.1,75.8,61.7,76.4,5.7,Low,Medium,Yes,Yes,No,Low,Far,No,Yes,63.8
STU01742,18,Male,34.1,88.5,57.6,83.6,6.9,Medium,Medium,Yes,No,Yes,Medium,Far,No,No,77.1
STU01743,17,Male,11.0,100.0,63.8,65.6,6.1,Medium,Medium,Yes,Yes,No,Low,Near,No,Yes,64.7
STU01744,20,Male,26.8,88.3,67.3,81.7,7.8,Medium,Low,Yes,No,Yes,Medium,Moderate,No,Yes,77.5
STU01745,20,Male,14.7,90.1,55.6,57.5,7.5,Medium,Medium,Yes,No,No,Medium,Far,No,No,53.2
STU01746,16,Other,16.4,76.6,46.9,66.1,8.6,High,High,No,No,Yes,Medium,Near,No,No,57.7
STU01747,18,Male,21.6,88.3,58.8,89.6,7.8,High,Medium,Yes,No,No,Medium,Far,No,No,73.8
STU01748,17,Female,12.0,75.0,64.0,72.5,8.3,High,Medium,Yes,Yes,No,Medium,Moderate,Yes,No,58.5
STU01749,19,Female,22.9,66.0,75.4,89.9,5.8,Medium,Medium,Yes,No,No,Low,Far,No,Yes,76.7
STU01750,18,Male,12.8,85.5,73.6,57.5,7.7,Low,Medium,Yes,No,No,Medium,Far,No,No,59.9
STU01751,17,Male,6.5,88.2,65.0,50.7,7.4,Medium,Medium,Yes,No,No,Medium,Moderate,No,No,56.4
STU01752,17,Male,23.1,79.7,74.5,75.0,4.0,High,Medium,Yes,No,No,Low,Moderate,No,No,73.4
STU01753,15,Male,19.9,77.5,59.2,73.4,6.9,Low,High,Yes,No,No,High,Near,No,No,58.0
STU01754,19,Female,10.3,82.9,46.7,53.9,5.5,Medium,Medium,Yes,No,No,Low,Near,No,No,46.3
STU01755,15,Male,24.2,77.7,62.3,79.3,4.7,High,Medium,Yes,No,Yes,Low,Moderate,No,No,67.2
STU01756,16,Male,7.1,92.4,51.7,62.1,6.5,Medium,High,Yes,Yes,No,Low,Near,No,No,57.7
STU01757,15,Female,18.4,89.5,68.5,83.3,6.0,Medium,Medium,Yes,No,Yes,High,Near,No,Yes,82.9
STU01758,21,Female,1.5,100.0,46.8,52.7,5.9,Medium,High,Yes,No,Yes,Medium,Near,No,No,57.2
STU01759,15,Female,11.9,81.4,45.3,68.2,4.8,Medium,High,Yes,No,Yes,Medium,Far,Yes,Yes,44.7
STU01760,21,Female,8.3,85.7,66.7,52.0,9.7,High,Medium,Yes,No,No,Low,Near,No,No,61.2
STU01761,18,Female,4.9,86.7,84.7,40.0,5.1,High,Medium,Yes,Yes,Yes,Medium,Near,No,No,67.4
STU01762,20,Male,15.2,81.3,63.5,79.8,6.5,High,High,Yes,Yes,Yes,Medium,Moderate,No,Yes,76.8
STU01763,17,Female,17.7,65.2,64.9,72.2,8.0,Low,Medium,Yes,No,Yes,High,Moderate,No,No,56.7
STU01764,21,Male,19.9,89.4,48.5,83.4,8.5,Medium,Medium,Yes,No,No,Low,Near,Yes,No,65.7
STU01765,19,Female,15.0,100.0,60.8,64.1,5.3,Low,High,Yes,Yes,No,Low,Far,No,Yes,61.0
STU01766,15,Female,18.4,95.0,52.4,60.6,6.7,High,Medium,Yes,No,No,Low,Moderate,No,No,63.4
STU01767,21,Male,6.0,100.0,67.4,43.2,7.8,Medium,Medium,Yes,Yes,No,High,Moderate,No,No,65.1
STU01768,19,Female,8.0,94.0,42.5,50.8,7.4,High,Low,Yes,No,No,Medium,Near,No,No,58.5
STU01769,20,Female,14.9,83.5,61.7,58.3,7.6,Low,Medium,Yes,Yes,Yes,Medium,Moderate,No,No,58.6
STU01770,20,Male,8.0,91.0,34.8,64.7,5.2,Low,High,Yes,No,Yes,Medium,Far,No,Yes,41.0
STU01771,15,Female,15.0,95.7,49.0,67.0,5.8,High,Medium,Yes,Yes,Yes,High,Near,No,No,73.7
STU01772,16,Male,,69.0,39.8,71.3,6.8,High,High,Yes,No,No,High,Near,No,No,53.8
STU01773,15,Female,13.7,89.4,59.6,63.7,6.5,High,Medium,Yes,No,Yes,Medium,Near,No,No,68.6
STU01774,18,Female,1.7,84.0,56.4,65.7,7.2,Medium,Low,Yes,Yes,Yes,Low,Far,No,No,59.8
STU01775,21,Female,1.3,99.8,51.3,57.9,5.4,Low,Medium,No,Yes,Yes,Low,Near,No,No,40.5
STU01776,17,Female,9.3,88.7,56.7,60.6,8.5,High,Low,Yes,Yes,No,High,Far,No,No,71.2
STU01777,16,Female,4.4,60.4,51.2,48.6,5.2,Medium,Low,Yes,Yes,No,Medium,Near,No,No,48.3
STU01778,15,Female,0.0,89.4,62.7,65.3,7.3,High,Low,Yes,Yes,No,Low,Moderate,No,Yes,69.3
STU01779,19,Male,18.9,64.4,51.5,68.4,5.8,Medium,Medium,Yes,No,Yes,Medium,Moderate,No,No,55.5
STU01780,16,Female,22.8,97.7,86.8,84.0,6.6,Medium,High,No,No,Yes,High,Near,No,No,79.9
STU01781,21,Male,22.0,77.3,68.8,84.6,4.8,High,Low,No,Yes,No,Medium,Moderate,No,Yes,71.1
STU01782,16,Female,13.8,73.7,60.8,79.7,6.7,Medium,Low,Yes,Yes,Yes,Medium,Near,No,Yes,62.2
STU01783,21,Male,13.7,77.3,68.1,57.4,8.0,Medium,High,Yes,No,No,High,Near,No,Yes,65.9
STU01784,15,Male,15.8,76.1,58.7,93.4,8.9,Medium,High,Yes,No,No,Medium,Far,No,No,62.5
STU01785,21,Female,9.8,83.4,74.2,80.0,6.9,Medium,High,Yes,Yes,Yes,Low,Near,No,No,75.5
STU01786,16,Male,0.3,76.4,60.0,55.8,5.2,Medium,Low,No,Yes,No,High,Moderate,Yes,Yes,52.4
STU01787,19,Male,24.5,82.0,58.5,65.5,8.2,High,Medium,Yes,Yes,Yes,High,Near,No,No,80.4
STU01788,20,Male,15.1,69.6,48.3,76.4,7.5,Medium,Low,Yes,No,No,High,Near,No,No,62.4
STU01789,16,Male,14.6,82.5,55.0,76.1,6.7,Low,Medium,No,Yes,Yes,Medium,Moderate,No,No,58.1
STU01790,21,Male,12.5,99.2,54.3,51.9,6.2,Low,Medium,Yes,Yes,No,Low,Moderate,No,No,61.3
STU01791,20,Male,19.7,80.5,39.3,72.1,6.8,High,Medium,Yes,No,Yes,High,Near,No,No,59.1
STU01792,21,Male,14.1,91.2,52.1,78.7,,Medium,Medium,Yes,No,No,Low,Moderate,Yes,No,56.1
STU01793,19,Male,11.1,72.4,64.7,41.5,8.2,Medium,High,Yes,No,Yes,High,Near,No,No,53.2
STU01794,21,Female,12.3,90.8,58.4,68.5,5.7,High,Low,Yes,Yes,No,High,Far,No,No,66.3
STU01795,15,Male,15.5,96.4,73.7,71.5,6.0,High,Low,Yes,Yes,No,Medium,Near,No,No,75.0
STU01796,17,Female,5.8,99.3,79.8,45.8,6.6,Low,High,No,No,Yes,High,Near,No,No,68.2
STU01797,16,Female,26.3,87.0,57.8,87.2,5.0,Low,Medium,No,No,Yes,Medium,Moderate,No,No,60.7
STU01798,17,Male,10.1,91.7,61.0,62.6,8.0,High,,Yes,No,No,Low,Near,No,Yes,65.9
STU01799,21,Female,8.6,72.2,57.7,60.3,,Medium,Low,Yes,No,Yes,Medium,Near,No,No,62.3
STU01800,19,Female,12.0,81.2,48.5,68.1,7.4,Medium,Medium,Yes,No,No,Low,Near,No,No,51.8
STU01801,16,Other,22.3,77.0,68.9,75.7,10.0,High,Medium,Yes,Yes,No,Medium,Far,No,No,76.6
STU01802,21,Female,12.9,88.3,60.7,63.6,8.0,Medium,Low,Yes,No,No,Low,Far,No,No,60.1
STU01803,20,Male,24.3,79.7,67.3,75.2,9.0,High,High,Yes,No,Yes,Medium,Moderate,No,Yes,79.3
STU01804,18,Female,12.4,91.9,68.4,66.7,7.1,Medium,Medium,Yes,No,No,High,Moderate,No,Yes,75.6
STU01805,21,Female,3.6,100.0,56.7,46.9,6.2,Medium,High,No,Yes,Yes,High,Moderate,No,No,54.6
STU01806,17,Female,8.3,91.2,64.6,80.8,4.8,Medium,Medium,Yes,No,No,Medium,Moderate,No,No,60.2
STU01807,16,Male,9.5,99.1,61.4,51.9,7.5,Low,Low,Yes,No,No,Medium,Near,No,Yes,62.3
STU01808,17,Female,20.2,73.2,68.5,79.6,7.8,High,High,No,No,No,Medium,Far,No,No,69.5
STU01809,16,Female,11.3,84.2,51.1,53.4,8.4,High,Low,Yes,No,No,High,Near,Yes,No,56.2
STU01810,21,Male,5.6,87.2,66.8,90.0,6.2,Medium,Medium,Yes,Yes,No,Medium,Near,No,No,68.0
STU01811,15,Male,3.4,85.7,43.4,46.8,8.0,Medium,,Yes,No,No,Medium,Far,No,No,51.8
STU01812,20,Male,0.3,100.0,67.5,68.9,5.1,Medium,Medium,Yes,No,No,High,Moderate,No,No,64.5
STU01813,21,Female,36.2,77.6,65.0,87.7,7.1,High,Low,Yes,Yes,No,Medium,Near,No,No,80.5
STU01814,17,Female,9.0,88.2,62.4,69.1,7.8,High,Medium,Yes,No,No,High,Near,No,No,67.1
STU01815,18,Female,18.5,60.7,65.3,72.4,8.0,High,Low,Yes,No,Yes,High,Moderate,No,Yes,70.5
STU01816,18,Male,5.3,89.2,70.3,59.8,8.2,High,Medium,Yes,No,No,High,Moderate,No,Yes,69.9
STU01817,19,Female,24.8,90.1,70.9,83.9,7.8,Medium,High,No,Yes,No,Low,Moderate,No,No,82.7
STU01818,16,Male,8.1,84.5,64.5,67.1,7.2,Low,Medium,Yes,No,No,Medium,Near,Yes,No,52.9
STU01819,17,Male,30.0,89.0,70.4,92.0,8.9,Medium,High,No,No,Yes,High,Far,No,No,79.1
STU01820,19,Female,30.8,79.4,39.8,85.6,6.9,Medium,Medium,Yes,No,No,Medium,Near,Yes,No,61.8
STU01821,17,Other,6.1,72.8,75.3,58.4,7.0,Medium,Low,Yes,No,Yes,Medium,Moderate,No,Yes,61.2
STU01822,16,Female,24.9,75.1,33.2,81.2,,Medium,Medium,Yes,No,No,Low,Moderate,No,No,52.4
STU01823,21,Female,30.0,76.5,43.6,86.2,4.0,Low,Medium,Yes,Yes,No,Low,Near,No,No,56.1
STU01824,21,Male,2.2,72.1,72.8,51.3,7.9,Low,Medium,Yes,Yes,Yes,Medium,Near,No,No,54.9
STU01825,18,Male,3.1,71.7,46.8,58.6,7.9,Low,Low,Yes,Yes,No,Medium,Far,No,No,42.9
STU01826,21,Female,0.0,76.7,50.3,46.7,6.4,High,Medium,Yes,No,Yes,Medium,Far,No,No,51.5
STU01827,21,Female,7.5,81.4,70.1,68.9,7.0,High,Medium,Yes,Yes,No,Medium,Near,No,No,77.5
STU01828,15,Male,7.0,86.3,63.9,71.7,,Low,High,Yes,No,No,Medium,Far,No,No,60.3
STU01829,18,Male,12.3,72.8,61.8,62.0,6.7,Medium,High,Yes,No,No,Medium,Near,No,No,62.7
STU01830,19,Male,4.8,75.7,59.9,61.3,6.9,Medium,Low,Yes,Yes,No,Medium,Moderate,No,No,56.5
STU01831,20,Female,20.5,78.9,58.0,71.4,7.6,High,Low,Yes,No,Yes,Medium,Near,No,No,66.1
STU01832,15,Male,15.2,89.4,56.2,61.8,6.1,Medium,High,Yes,No,No,Medium,Far,No,No,64.6
STU01833,19,Male,18.4,73.0,54.7,66.3,7.0,Medium,Low,Yes,Yes,Yes,Low,Near,No,No,64.4
STU01834,16,Male,23.2,79.8,64.2,70.5,5.0,Medium,Low,Yes,Yes,Yes,Medium,Moderate,No,Yes,69.6
STU01835,15,Male,17.1,94.7,54.9,55.4,6.1,High,High,Yes,No,No,Medium,Moderate,No,No,68.9
STU01836,19,Female,13.2,77.1,62.3,88.3,5.4,Medium,Medium,No,No,Yes,Medium,Near,No,No,60.3
STU01837,16,Male,8.4,72.5,45.8,59.6,7.2,Low,Low,Yes,No,Yes,Medium,Moderate,No,Yes,53.0
STU01838,18,Female,22.2,84.1,74.9,79.7,5.4,Medium,Low,Yes,No,Yes,Medium,Near,Yes,No,70.3
STU01839,20,Female,17.2,76.7,75.4,65.0,4.9,Medium,Low,Yes,No,No,Low,Moderate,No,No,64.1
STU01840,16,Female,16.8,57.4,57.8,66.9,4.9,Medium,Low,Yes,No,Yes,High,Near,No,No,52.4
STU01841,21,Male,10.2,87.0,67.6,49.9,5.5,High,Medium,Yes,No,No,Low,Moderate,No,No,60.2
STU01842,17,Other,17.4,93.7,57.5,78.9,8.5,High,Low,Yes,No,Yes,High,Far,No,No,80.5
STU01843,16,Female,8.7,84.8,71.0,55.6,9.3,Medium,Low,Yes,No,No,Medium,Near,No,No,63.7
STU01844,16,Other,17.5,95.4,48.2,90.1,6.5,High,High,Yes,No,No,Medium,Near,No,No,78.2
STU01845,20,Female,12.9,91.4,54.9,60.8,4.8,Low,High,Yes,No,Yes,Low,Moderate,Yes,No,41.0
STU01846,17,Male,20.7,76.5,52.0,79.1,6.5,Medium,High,No,No,No,Low,Moderate,No,No,51.8
STU01847,21,Male,4.4,100.0,61.7,45.0,9.1,High,Medium,Yes,No,Yes,Low,Far,No,No,63.1
STU01848,19,Male,15.4,88.2,73.6,68.7,7.3,Medium,Medium,Yes,Yes,No,Low,Near,No,No,76.7
STU01849,19,Female,20.6,89.3,61.7,57.1,4.8,Low,Medium,Yes,Yes,Yes,Medium,Near,No,No,62.6
STU01850,16,Male,15.6,75.1,54.7,57.6,9.7,Medium,Medium,No,No,No,Medium,Far,No,No,56.8
STU01851,17,Male,3.6,69.5,53.3,67.6,6.5,Medium,Low,Yes,No,No,Medium,Far,No,No,57.8
STU01852,17,Male,9.0,74.2,55.7,75.7,6.2,High,High,Yes,No,No,Low,Moderate,No,No,59.7
STU01853,21,Male,25.1,94.2,68.0,81.5,8.8,High,,Yes,Yes,No,High,Near,No,No,93.6
STU01854,20,Male,14.4,100.0,68.9,68.0,7.4,Low,High,No,No,No,Medium,Near,No,No,56.4
STU01855,18,Male,8.4,87.9,56.6,69.3,8.9,Medium,Medium,Yes,No,Yes,Low,Near,No,No,57.5
STU01856,19,Male,25.0,85.9,69.0,82.9,6.8,High,Medium,Yes,No,Yes,Medium,Far,Yes,Yes,79.1
STU01857,20,Male,27.4,94.7,68.6,75.5,6.9,Medium,High,Yes,No,Yes,Low,Near,No,Yes,76.5
STU01858,15,Male,5.6,98.8,61.2,64.6,6.3,Low,Low,Yes,No,Yes,Low,Moderate,No,No,57.2
STU01859,19,Male,11.0,70.5,63.7,69.4,7.2,High,Medium,Yes,No,No,Medium,Moderate,No,Yes,70.4
STU01860,20,Female,12.2,100.0,86.3,79.0,6.9,High,Low,Yes,No,Yes,Medium,Near,No,No,81.7
STU01861,19,Female,19.3,81.2,58.4,84.7,5.9,Medium,Medium,No,No,Yes,High,Near,No,No,62.4
STU01862,18,Male,13.6,95.8,71.6,48.2,4.5,Medium,Medium,Yes,No,No,Medium,Moderate,No,No,66.2
STU01863,15,Male,16.0,74.3,60.4,60.0,7.7,Medium,Medium,Yes,No,No,High,Near,No,No,61.1
STU01864,18,Female,13.8,95.3,68.4,94.3,7.5,High,High,Yes,No,Yes,High,Near,No,Yes,76.6
STU01865,21,Female,32.6,70.7,57.5,85.5,6.6,High,Low,Yes,Yes,Yes,High,Near,No,No,85.6
STU01866,15,Female,19.6,96.2,63.6,73.3,8.4,High,Low,Yes,No,Yes,Medium,Far,No,Yes,74.6
STU01867,16,Female,12.7,91.4,56.0,64.6,7.2,Low,Medium,Yes,No,No,Low,Far,No,No,49.5
STU01868,20,Male,12.8,69.3,43.9,62.2,7.7,High,High,Yes,Yes,Yes,Low,Moderate,No,No,54.3
STU01869,15,Male,18.8,97.8,70.3,92.9,7.0,Medium,High,Yes,No,No,Medium,Moderate,No,No,77.3
STU01870,21,Male,7.4,75.2,63.5,60.6,4.6,High,Medium,Yes,No,No,Medium,Moderate,No,Yes,58.3
STU01871,21,Female,17.2,96.4,63.8,61.0,9.0,Medium,High,Yes,Yes,No,Low,Moderate,No,No,70.0
STU01872,18,Female,16.3,86.4,52.1,66.7,7.6,High,Low,Yes,No,No,Medium,Far,No,No,68.6
STU01873,19,Female,8.1,72.5,78.0,69.9,5.0,Low,Low,Yes,No,Yes,Low,Moderate,No,Yes,57.4
STU01874,15,Male,0.0,74.9,71.2,42.4,6.3,High,High,Yes,No,No,Medium,Near,No,Yes,54.8
STU01875,20,Female,1.1,100.0,54.5,58.3,7.9,Medium,High,Yes,No,No,Low,Far,Yes,No,47.7
STU01876,15,Male,13.2,100.0,71.6,60.1,9.3,Low,Low,Yes,No,No,Medium,Moderate,No,No,64.4
STU01877,17,Male,22.3,82.9,46.4,75.3,7.4,Medium,Medium,Yes,No,Yes,Medium,Near,No,No,63.3
STU01878,19,Male,11.4,89.2,60.5,77.6,8.1,Medium,High,Yes,Yes,No,Low,Far,No,No,71.7
STU01879,20,Female,21.9,97.0,57.9,84.7,9.5,Medium,Low,Yes,No,No,Medium,Near,Yes,No,62.5
STU01880,20,Male,12.1,72.1,60.0,70.9,9.4,Low,High,Yes,No,Yes,Medium,Near,No,No,56.0
STU01881,16,Female,6.6,91.9,43.2,48.6,,Medium,Medium,Yes,Yes,Yes,Low,Moderate,Yes,No,48.1
STU01882,18,Male,4.8,94.9,50.7,67.0,,Medium,Medium,Yes,No,No,Low,Near,Yes,No,46.5
STU01883,16,Female,7.6,88.6,64.1,49.9,5.5,Medium,Medium,Yes,Yes,No,Medium,Moderate,No,No,64.4
STU01884,20,Female,16.1,98.9,62.1,68.0,6.9,Medium,Medium,No,Yes,No,Medium,Near,No,No,66.9
STU01885,19,Male,14.6,86.5,36.0,70.1,7.6,Medium,Low,Yes,Yes,Yes,Medium,Near,No,No,62.1
STU01886,15,Female,13.0,96.1,51.7,79.7,6.4,High,Low,Yes,Yes,Yes,Low,Moderate,No,Yes,73.9
STU01887,15,Female,13.3,87.4,60.1,70.0,5.0,Low,Medium,Yes,No,No,Medium,Moderate,Yes,No,53.7
STU01888,19,Female,23.8,69.7,70.7,82.2,6.9,Medium,Medium,Yes,No,No,Low,Near,No,No,70.7
STU01889,20,Female,30.0,94.4,56.2,79.4,4.3,Medium,Medium,Yes,Yes,No,High,Far,No,No,72.6
STU01890,21,Female,9.1,98.0,63.8,73.0,9.3,High,Medium,Yes,No,No,Medium,Moderate,No,No,71.0
STU01891,15,Male,13.5,83.5,53.4,67.9,6.9,Low,Medium,Yes,Yes,Yes,High,Near,No,No,69.1
STU01892,21,Female,,71.6,50.4,39.5,8.6,High,Low,Yes,Yes,No,Medium,Near,No,No,62.5
STU01893,15,Male,14.9,93.7,63.9,93.1,5.7,Medium,Low,Yes,No,No,Medium,Far,No,Yes,67.6
STU01894,15,Male,12.5,88.2,50.5,57.2,6.2,High,High,Yes,No,Yes,Medium,Moderate,No,No,62.7
STU01895,18,Male,16.7,88.0,48.0,56.3,7.9,High,Medium,Yes,No,No,Medium,Near,No,No,60.5
STU01896,18,Female,22.0,86.9,59.4,72.5,9.2,Medium,Medium,Yes,No,Yes,Medium,Near,Yes,Yes,71.6
STU01897,17,Female,5.3,95.1,63.5,69.2,7.3,Medium,Medium,Yes,No,Yes,Medium,Moderate,Yes,No,60.5
STU01898,16,Male,13.3,87.9,45.5,89.9,5.8,High,Medium,Yes,No,No,Medium,Near,No,No,66.5
STU01899,19,Female,12.8,80.3,59.2,67.8,8.3,High,High,Yes,Yes,Yes,Medium,Moderate,No,No,73.0
STU01900,19,Female,16.3,68.8,65.7,76.9,5.4,Medium,High,Yes,Yes,Yes,Medium,Far,No,No,59.5
STU01901,19,Male,26.2,80.4,65.8,77.5,9.0,High,Medium,Yes,Yes,No,High,Near,No,No,82.1
STU01902,17,Male,9.8,94.1,51.2,76.5,8.6,High,Low,Yes,Yes,Yes,Medium,Far,No,Yes,71.1
STU01903,18,Female,19.9,81.7,72.5,68.4,5.9,Medium,Low,Yes,No,Yes,Medium,Far,No,No,65.8
STU01904,20,Male,28.4,94.1,69.5,93.3,6.8,Low,Low,No,Yes,No,Medium,Far,No,No,76.0
STU01905,21,Female,8.2,70.9,59.7,83.6,6.2,Medium,Medium,No,No,No,Medium,Far,No,No,58.9
STU01906,21,Male,16.2,74.9,61.4,80.7,7.6,Medium,Low,Yes,No,No,High,Far,Yes,No,66.0
STU01907,20,Male,16.1,74.3,46.5,73.1,7.7,Medium,Medium,Yes,No,Yes,High,Moderate,No,Yes,60.8
STU01908,17,Female,4.6,86.4,65.0,50.1,4.4,High,Low,Yes,Yes,No,Medium,Moderate,No,Yes,62.8
STU01909,20,Female,19.6,100.0,85.6,70.8,7.8,High,High,Yes,No,Yes,Medium,Moderate,No,No,82.0
STU01910,19,Female,24.0,100.0,69.0,61.8,6.9,Medium,Low,Yes,No,No,Medium,Far,No,No,71.3
STU01911,16,Female,9.7,95.6,82.3,65.8,5.2,Medium,Medium,Yes,No,Yes,Medium,Near,No,No,72.6
STU01912,15,Female,12.7,65.4,54.3,68.6,7.9,High,Medium,Yes,No,No,High,Near,No,No,61.0
STU01913,21,Female,1.0,77.5,68.2,39.6,9.4,High,Low,Yes,No,Yes,Low,Near,No,No,58.5
STU01914,18,Male,23.4,54.6,66.0,81.7,7.2,Low,High,Yes,No,No,Low,Far,No,No,65.0
STU01915,18,Female,21.9,86.7,38.7,74.9,9.1,Medium,Medium,Yes,No,Yes,Low,Moderate,No,Yes,59.4
STU01916,17,Male,7.4,100.0,74.8,46.7,8.2,High,Medium,Yes,No,No,Medium,Moderate,No,No,72.1
STU01917,18,Female,8.3,93.2,54.1,54.4,8.2,Medium,Medium,Yes,No,Yes,High,Near,No,No,55.0
STU01918,19,Male,11.8,67.3,59.6,53.2,7.7,Medium,Medium,Yes,Yes,No,Low,Moderate,No,Yes,61.0
STU01919,21,Female,25.3,98.9,69.5,78.4,6.7,High,Medium,Yes,No,No,Medium,Near,No,No,78.4
STU01920,20,Male,14.4,97.0,53.5,68.8,5.9,Medium,Medium,Yes,No,No,Medium,Moderate,No,No,55.3
STU01921,19,Female,16.2,100.0,53.4,61.1,10.0,High,High,Yes,No,Yes,Medium,Near,No,Yes,67.2
STU01922,17,Female,16.2,96.1,63.6,53.5,7.3,High,High,Yes,No,No,Medium,Far,No,No,78.4
STU01923,19,Male,26.0,79.7,37.8,88.6,7.2,Medium,Medium,Yes,Yes,No,High,Moderate,No,No,68.6
STU01924,20,Female,12.0,66.5,62.4,54.7,8.6,Low,Medium,Yes,Yes,No,Low,Moderate,No,No,55.4
STU01925,16,Male,13.9,96.7,71.0,73.3,4.2,Medium,Medium,Yes,Yes,No,Medium,Moderate,No,No,73.2
STU01926,17,Female,24.4,92.8,72.3,78.8,7.9,Medium,Medium,Yes,No,No,Low,Moderate,No,No,76.2
STU01927,16,Female,24.3,65.3,40.3,84.9,9.0,Low,Medium,Yes,No,No,Medium,Near,No,No,48.1
STU01928,15,Male,6.6,75.4,56.8,55.8,,High,Medium,Yes,Yes,No,High,Moderate,No,No,66.0
STU01929,16,Female,0.0,75.6,65.3,63.4,7.9,High,Medium,Yes,No,Yes,Low,Far,No,No,65.6
STU01930,15,Male,,92.3,51.6,91.6,5.5,Low,High,Yes,No,No,Low,Moderate,No,No,61.9
STU01931,15,Male,20.2,84.8,67.3,79.1,8.3,High,High,Yes,Yes,No,Medium,Moderate,No,No,73.0
STU01932,16,Female,17.5,82.4,67.8,51.8,5.3,High,Low,Yes,No,Yes,Medium,Far,No,No,72.0
STU01933,17,Male,10.1,80.8,49.2,71.8,9.3,High,Medium,Yes,No,No,Medium,Far,No,No,60.5
STU01934,20,Other,29.9,73.7,57.8,79.8,8.2,High,High,Yes,No,No,Low,Moderate,No,No,79.0
STU01935,19,Female,6.5,94.7,60.6,30.6,6.4,Low,Medium,Yes,No,No,Low,Moderate,No,No,41.1
STU01936,19,Male,4.1,77.7,70.6,52.4,8.6,Medium,Medium,Yes,No,No,Medium,Far,No,No,55.3
STU01937,20,Female,24.2,96.6,40.5,91.9,6.8,Low,Medium,Yes,No,No,Low,Far,No,No,61.2
STU01938,21,Male,11.6,71.1,77.3,74.0,7.1,High,Medium,Yes,No,Yes,High,Far,No,No,81.3
STU01939,21,Male,28.6,80.1,72.7,80.7,8.1,Low,Low,Yes,No,Yes,Low,Moderate,No,No,70.0
STU01940,15,Male,13.0,100.0,57.4,84.0,6.9,High,Medium,Yes,No,No,Medium,Near,No,No,71.3
STU01941,15,Male,11.9,87.3,61.8,56.2,,High,High,Yes,Yes,Yes,Low,Near,No,No,67.6
STU01942,17,Male,19.0,80.1,70.5,92.5,6.1,Medium,Medium,Yes,No,No,Low,Near,No,No,78.8
STU01943,18,Male,21.8,78.7,56.1,71.0,8.4,High,Medium,Yes,No,Yes,Medium,Far,Yes,No,60.0
STU01944,16,Other,32.3,76.3,44.7,84.9,7.1,High,Medium,Yes,No,Yes,Medium,Far,No,No,71.9
STU01945,15,Female,21.9,89.5,63.3,57.4,8.6,Medium,Low,Yes,Yes,Yes,Low,Moderate,No,No,65.0
STU01946,19,Female,23.6,94.0,60.4,74.6,6.1,Medium,Low,No,Yes,Yes,Low,Moderate,No,No,71.7
STU01947,17,Female,10.4,87.5,62.5,66.9,5.5,Low,Medium,Yes,Yes,No,Low,Near,No,No,54.1
STU01948,16,Female,22.7,84.4,72.3,75.3,8.7,High,High,Yes,No,No,Medium,Moderate,No,No,79.0
STU01949,17,Male,20.0,91.0,61.1,58.1,5.4,High,Medium,Yes,No,Yes,Medium,Moderate,No,No,65.9
STU01950,16,Female,10.3,71.0,60.1,64.8,6.2,Medium,Medium,No,No,No,Low,Moderate,No,No,54.0
STU01951,16,Other,4.0,88.8,70.1,55.0,7.9,Medium,Low,Yes,Yes,Yes,Medium,Near,No,No,66.0
STU01952,20,Male,7.8,89.3,60.6,60.1,,Medium,High,Yes,No,Yes,Medium,Moderate,No,No,61.2
STU01953,15,Female,10.9,87.7,45.6,70.6,7.6,Low,High,Yes,No,No,High,Near,No,Yes,58.3
STU01954,17,Female,13.4,79.4,69.0,66.3,5.4,Medium,High,Yes,No,No,High,Far,No,No,71.2
STU01955,17,Female,,77.2,36.0,76.9,5.6,Low,Medium,No,No,No,Medium,Near,No,No,57.0
STU01956,20,Female,22.6,72.0,62.6,92.1,7.0,Medium,Low,Yes,No,Yes,Low,Far,No,No,78.7
STU01957,19,Male,29.0,99.7,59.7,78.4,8.0,Medium,Medium,Yes,No,No,Low,Near,No,No,76.1
STU01958,19,Male,18.4,84.4,50.9,81.1,5.6,High,High,Yes,No,No,Medium,Near,No,No,68.8
STU01959,21,Male,3.4,80.8,68.5,55.4,5.7,Medium,Low,Yes,No,No,High,Moderate,No,Yes,58.2
STU01960,15,Female,7.8,79.8,63.1,53.6,6.9,High,High,Yes,No,Yes,Medium,Moderate,No,No,61.9
STU01961,15,Male,13.2,75.4,56.0,79.9,8.1,Medium,Medium,Yes,Yes,No,Medium,Moderate,No,No,67.4
STU01962,18,Female,23.6,79.6,45.3,71.6,5.1,Medium,Medium,Yes,No,No,Medium,Near,No,No,55.9
STU01963,20,Male,20.0,97.1,42.4,80.2,4.0,High,Medium,Yes,No,No,Medium,Near,No,Yes,67.6
STU01964,19,Male,8.9,90.8,91.2,50.1,6.9,High,High,No,No,No,Low,Moderate,No,No,63.9
STU01965,16,Male,6.1,93.3,81.7,45.2,10.0,Low,Low,Yes,No,No,Medium,Near,No,No,58.3
STU01966,17,Female,9.9,94.6,51.1,71.4,6.3,Medium,Medium,Yes,No,Yes,Low,Near,Yes,No,48.6
STU01967,15,Male,5.1,100.0,50.8,34.8,8.8,Medium,Low,Yes,No,No,Low,Moderate,No,No,47.5
STU01968,17,Male,14.0,85.3,59.4,53.3,5.5,Medium,Medium,Yes,No,Yes,Medium,Near,Yes,No,54.8
STU01969,17,Female,18.6,80.7,42.3,86.6,7.2,High,High,Yes,No,Yes,Low,Near,No,No,60.9
STU01970,18,Male,17.4,89.4,65.9,93.5,8.6,Low,Low,Yes,No,No,Low,Near,No,No,63.2
STU01971,19,Male,11.2,91.5,46.2,76.1,6.8,Low,Medium,No,No,Yes,Low,Far,No,No,44.8
STU01972,15,Female,15.2,84.7,52.5,56.7,5.2,Low,Medium,No,Yes,Yes,High,Near,No,Yes,60.7
STU01973,17,Female,4.5,76.1,66.5,60.7,7.1,High,High,Yes,No,Yes,Medium,Far,No,No,55.8
STU01974,15,Male,9.5,86.9,54.4,46.9,8.2,Medium,Medium,No,Yes,Yes,Low,Near,Yes,No,46.3
STU01975,16,Female,17.5,90.4,67.0,68.6,10.0,Medium,Medium,Yes,No,No,Medium,Moderate,No,No,70.0
STU01976,18,Other,33.0,88.5,66.9,83.1,5.0,Medium,High,Yes,Yes,Yes,Low,Near,No,Yes,83.3
STU01977,16,Female,25.8,66.6,61.6,94.9,,Medium,High,Yes,No,Yes,Medium,Moderate,No,No,77.4
STU01978,15,Female,4.5,69.1,70.4,54.5,5.7,Low,High,Yes,No,Yes,Medium,Far,No,No,53.4
STU01979,21,Female,21.8,92.2,65.1,53.0,7.2,High,High,Yes,No,No,High,Far,No,Yes,73.1
STU01980,15,Female,16.4,81.3,61.5,74.8,5.7,Medium,Medium,Yes,No,No,Medium,Moderate,No,No,65.0
STU01981,19,Female,16.6,100.0,68.6,66.3,6.0,High,Medium,Yes,No,No,High,Far,Yes,No,64.7
STU01982,17,Male,35.4,98.4,36.8,88.2,9.4,High,Medium,Yes,No,Yes,High,Near,No,No,74.9
STU01983,17,Female,11.1,72.3,50.7,77.4,7.1,Medium,Medium,Yes,No,No,High,Moderate,No,No,56.8
STU01984,16,Female,19.2,95.3,63.6,73.9,5.1,Medium,Low,Yes,Yes,No,Medium,Moderate,No,No,70.0
STU01985,18,Male,21.1,100.0,41.3,61.5,6.7,High,Low,No,Yes,No,Medium,Far,No,No,66.8
STU01986,21,Male,9.4,80.5,61.3,56.2,8.0,Low,Medium,Yes,No,No,Medium,Near,No,Yes,48.9
STU01987,20,Female,0.0,84.1,67.3,44.5,7.3,High,Medium,Yes,Yes,Yes,Low,Far,No,No,67.8
STU01988,17,Female,4.4,79.5,60.5,53.7,7.7,Medium,Medium,Yes,No,No,Low,Moderate,No,Yes,48.7
STU01989,19,Male,17.0,73.8,47.5,62.5,9.9,Medium,Low,Yes,No,Yes,Medium,Moderate,No,No,55.5
STU01990,16,Female,22.2,100.0,49.8,77.2,8.5,Low,High,No,Yes,No,Medium,Near,No,No,57.2
STU01991,16,Male,19.3,59.1,43.6,77.6,9.1,High,High,Yes,Yes,Yes,High,Moderate,No,No,67.7
STU01992,20,Male,19.2,78.3,68.7,78.9,7.6,High,Medium,Yes,No,Yes,Low,Moderate,No,No,69.3
STU01993,19,Female,17.7,80.8,55.0,73.9,8.3,High,Medium,No,Yes,No,Low,Moderate,Yes,No,66.6
STU01994,18,Male,8.4,86.6,43.3,61.3,6.0,High,Medium,Yes,Yes,No,Medium,Far,No,No,60.5
STU01995,19,Male,14.8,72.6,61.2,72.0,8.1,High,Medium,Yes,No,No,Medium,Moderate,No,Yes,65.8
STU01996,18,Female,20.0,98.5,63.6,88.1,9.3,Medium,Low,Yes,No,Yes,Low,Moderate,No,No,73.0
STU01997,19,Male,18.8,66.6,52.4,55.3,7.3,High,Medium,No,No,Yes,High,Far,Yes,No,55.9
STU01998,19,Male,28.1,66.8,55.3,78.5,6.4,High,Medium,Yes,No,Yes,Medium,Moderate,No,No,74.0
STU01999,15,Other,10.3,85.6,79.6,64.8,9.0,Medium,Low,Yes,No,Yes,Medium,Moderate,No,No,71.6
STU02000,16,Female,10.5,72.1,48.2,60.7,5.8,Low,Low,Yes,No,Yes,High,Near,No,No,48.8
STU02001,19,Female,9.4,87.1,59.2,53.4,10.0,High,Medium,Yes,No,Yes,Medium,Near,No,No,60.4
STU02002,20,Female,0.0,77.6,42.9,29.3,7.5,Medium,High,Yes,No,No,Medium,Moderate,No,No,36.6
STU02003,19,Male,19.9,93.1,79.0,83.2,4.6,Medium,High,No,No,Yes,High,Far,No,No,79.4
STU02004,17,Female,15.0,75.7,71.0,75.0,7.7,Low,High,Yes,No,No,Low,Near,No,No,62.2
STU02005,16,Female,13.1,99.4,58.0,53.8,9.1,Medium,Medium,Yes,No,No,Medium,Near,No,No,63.4
STU02006,17,Female,8.5,91.3,48.3,78.7,8.7,Medium,Medium,Yes,No,No,Low,Moderate,No,Yes,55.2
STU02007,16,Female,,77.4,52.2,74.9,7.1,Medium,Medium,Yes,No,No,Low,Near,No,No,54.1
STU02008,17,Female,15.1,91.2,64.8,61.9,7.2,Medium,Low,Yes,No,Yes,High,Moderate,No,No,66.5
STU02009,19,Male,27.4,86.5,66.0,70.1,8.7,Low,Medium,Yes,Yes,Yes,Medium,Moderate,Yes,No,56.3
STU02010,19,Male,15.2,92.9,46.8,60.9,4.1,Medium,Low,Yes,No,Yes,Medium,Near,No,No,53.9
STU02011,15,Female,18.4,91.0,51.3,69.3,6.2,High,Medium,Yes,No,Yes,High,Far,No,No,75.4
STU02012,20,Female,27.6,88.6,61.0,83.3,5.9,High,High,Yes,Yes,No,High,Moderate,No,No,80.8
STU02013,17,Female,12.4,85.6,72.0,67.2,8.3,Medium,High,No,No,No,High,Moderate,No,No,74.6
STU02014,18,Male,11.5,94.0,66.9,67.0,5.7,Medium,Medium,No,Yes,No,Medium,Near,No,No,62.0
STU02015,15,Female,26.4,96.7,52.2,88.1,5.9,High,Low,Yes,No,Yes,Medium,Moderate,No,Yes,69.5
STU02016,17,Female,2.5,86.4,59.6,48.6,6.3,High,Medium,Yes,No,Yes,Low,Far,No,No,51.6
STU02017,17,Female,12.9,91.1,59.6,70.0,5.8,Low,Medium,Yes,No,No,Medium,Near,No,Yes,60.3
STU02018,15,Female,12.7,94.4,62.2,57.2,8.6,High,High,Yes,No,Yes,Medium,Near,No,No,67.0
STU02019,19,Female,8.2,100.0,70.9,61.8,6.3,High,High,Yes,No,Yes,Medium,Near,No,No,73.8
STU02020,17,Female,19.2,99.3,49.9,69.3,7.8,Medium,Low,Yes,Yes,No,Medium,Near,No,No,74.6
STU02021,19,Female,10.4,95.3,69.1,67.2,6.2,Low,,Yes,No,No,High,Near,No,No,60.3
STU02022,15,Female,15.8,80.9,60.4,62.1,7.0,High,High,No,Yes,Yes,Medium,Near,Yes,No,65.0
STU02023,19,Female,7.5,71.9,43.9,48.2,6.7,Medium,High,Yes,Yes,Yes,Medium,Far,No,No,45.4
STU02024,16,Female,17.3,90.6,59.3,69.0,4.2,Medium,Medium,No,No,No,Medium,Moderate,No,No,55.4
STU02025,18,Female,31.6,90.5,48.2,84.0,5.2,High,Medium,Yes,No,No,Low,Near,No,No,74.4
STU02026,21,Female,14.6,81.0,57.1,68.1,5.1,Medium,Medium,Yes,No,No,Low,Moderate,No,No,61.2
STU02027,17,Female,14.9,71.7,80.5,60.1,8.6,Medium,,Yes,Yes,Yes,Medium,Near,Yes,No,63.5
STU02028,20,Male,5.5,100.0,46.2,46.7,8.9,Medium,High,Yes,No,Yes,Low,Moderate,No,No,50.9
STU02029,18,Male,21.7,89.3,74.4,65.8,6.3,Medium,Medium,No,Yes,No,Medium,Near,Yes,No,66.2
STU02030,21,Other,14.3,72.9,36.2,52.9,7.7,Medium,Low,Yes,No,Yes,Medium,Near,No,Yes,60.6
STU02031,19,Female,18.1,83.7,59.3,86.0,6.0,Medium,Low,Yes,No,No,Low,Far,No,Yes,65.8
STU02032,17,Female,22.6,71.6,47.2,74.1,7.4,Low,High,Yes,No,No,Low,Near,No,No,55.1
STU02033,19,Female,13.6,91.8,73.0,70.7,6.5,Medium,Medium,Yes,No,Yes,Medium,Far,No,No,66.1
STU02034,16,Female,23.2,100.0,47.9,97.2,6.2,Medium,High,No,No,Yes,Medium,Moderate,No,No,67.8
STU02035,15,Female,23.7,83.1,58.2,62.2,7.9,Low,Medium,Yes,Yes,Yes,Medium,Near,No,No,66.9
STU02036,17,Female,17.7,84.1,57.4,67.8,7.5,High,Medium,Yes,No,No,Medium,Moderate,No,Yes,69.2
STU02037,21,Female,16.6,82.2,31.9,84.9,5.9,High,Medium,Yes,No,No,Medium,Moderate,Yes,No,51.6
STU02038,21,Male,15.2,82.8,48.5,65.7,9.6,High,High,No,Yes,No,High,Near,No,No,68.1
STU02039,16,Male,19.5,77.2,41.8,85.6,9.8,Medium,Medium,Yes,Yes,Yes,Medium,Near,No,No,60.7
STU02040,16,Male,19.1,98.8,37.5,46.2,,Medium,Medium,No,No,No,High,Near,No,Yes,59.8
STU02041,17,Male,3.6,87.0,64.5,52.4,7.9,Low,High,Yes,No,No,Low,Far,No,Yes,48.3
STU02042,19,Female,9.6,85.6,75.3,40.4,10.0,Low,High,Yes,No,No,Medium,Moderate,Yes,No,45.8
STU02043,20,Male,22.7,82.7,77.1,78.8,7.9,Low,Medium,Yes,Yes,No,Medium,Near,No,No,79.0
STU02044,21,Male,,72.3,49.1,71.4,5.0,High,Medium,Yes,No,No,Low,Far,Yes,No,55.6
STU02045,21,Male,13.3,94.4,63.2,54.1,7.1,Medium,Low,Yes,No,No,Low,Near,No,No,67.7
STU02046,16,Male,,99.2,74.7,84.8,6.5,Low,Medium,Yes,Yes,No,Medium,Near,No,No,78.1
STU02047,18,Female,21.5,66.4,38.1,83.1,6.3,High,Medium,Yes,No,No,Low,Near,No,No,60.5
STU02048,16,Female,23.6,92.1,67.6,86.1,7.7,Medium,High,Yes,No,Yes,Low,Moderate,No,No,78.9
STU02049,20,Female,13.2,93.6,75.1,74.2,6.3,Medium,Low,Yes,No,No,High,Near,No,No,79.7
STU02050,19,Male,18.1,97.8,53.4,89.3,8.3,High,,Yes,No,No,High,Moderate,No,No,81.7
STU02051,19,Male,14.3,97.1,33.2,78.6,6.1,High,Low,Yes,No,No,Medium,Far,No,No,61.1
STU02052,18,Male,6.7,100.0,48.5,49.9,5.4,Medium,Low,Yes,No,Yes,Medium,Near,No,No,54.5
STU02053,21,Female,16.6,89.0,80.8,69.7,8.9,Low,Low,No,No,No,High,Near,No,No,62.7
STU02054,16,Male,14.5,94.9,51.1,70.9,6.6,Low,High,Yes,No,Yes,Medium,Near,No,No,67.4
STU02055,19,Female,14.4,85.1,45.6,62.6,8.2,Medium,Medium,Yes,Yes,Yes,Low,Moderate,No,No,60.4
STU02056,20,Male,22.9,77.0,61.2,71.7,5.6,Low,Medium,Yes,No,Yes,High,Far,Yes,Yes,61.2
STU02057,17,Female,14.1,92.1,66.1,74.4,6.7,Medium,Medium,No,Yes,No,Medium,Near,No,No,72.7
STU02058,15,Male,15.6,94.9,52.5,55.3,8.0,Medium,High,Yes,Yes,No,Medium,Near,No,No,65.0
STU02059,15,Male,16.0,88.4,57.8,62.3,5.8,Medium,High,Yes,No,No,Medium,Near,No,No,69.8
STU02060,15,Female,,68.4,72.5,85.0,7.7,Low,Medium,Yes,No,No,Medium,Near,No,No,75.6
STU02061,21,Male,17.4,70.5,52.1,66.7,8.8,High,Low,Yes,Yes,No,High,Moderate,No,No,67.7
STU02062,16,Male,20.5,92.7,55.9,76.9,7.5,High,High,Yes,Yes,No,Medium,Near,No,Yes,79.0
STU02063,18,Female,4.7,81.3,69.7,62.0,6.2,Low,High,Yes,No,Yes,High,Near,No,No,57.9
STU02064,19,Female,16.2,88.6,68.6,78.5,6.1,High,High,Yes,No,No,High,Moderate,No,No,70.3
STU02065,17,Female,14.1,89.8,60.7,61.6,5.9,High,High,No,No,Yes,Medium,Near,No,No,66.8
STU02066,20,Male,4.5,83.9,71.2,57.1,5.7,Medium,Medium,Yes,Yes,No,Medium,Moderate,No,No,63.3
STU02067,17,Male,3.5,82.4,64.2,43.6,8.2,Medium,High,Yes,No,No,Medium,Near,No,No,57.4
STU02068,20,Male,10.0,83.7,47.9,62.5,5.6,Medium,High,Yes,No,No,Low,Far,No,No,46.3
STU02069,21,Male,9.8,90.9,49.0,49.3,6.6,Medium,High,No,No,Yes,Low,Near,No,No,54.3
STU02070,16,Female,13.1,89.8,70.5,63.4,7.3,High,Medium,No,No,Yes,Medium,Far,No,No,70.1
STU02071,15,Female,16.0,77.0,76.6,71.6,6.4,Medium,Medium,Yes,No,No,Medium,Near,No,No,63.5
STU02072,16,Male,19.0,84.9,61.3,61.2,6.0,Medium,Medium,Yes,No,Yes,Low,Moderate,No,No,56.2
STU02073,21,Female,5.1,74.4,61.1,65.6,8.8,Low,High,Yes,Yes,No,Low,Near,Yes,Yes,50.9
STU02074,18,Male,7.8,90.1,64.6,51.8,6.1,Low,Low,No,No,No,High,Moderate,Yes,No,45.9
STU02075,18,Female,8.0,80.3,77.8,51.7,7.3,High,Low,Yes,Yes,No,Medium,Near,No,No,69.6
STU02076,21,Male,14.0,92.2,70.1,54.8,6.2,Low,Medium,Yes,No,No,High,Moderate,No,No,65.0
STU02077,20,Male,15.2,82.6,73.6,73.6,6.1,High,High,Yes,No,No,Medium,Moderate,No,No,76.0
STU02078,19,Female,23.0,96.4,68.8,89.3,5.0,Medium,Low,Yes,No,Yes,Medium,Moderate,No,No,76.4
STU02079,19,Female,7.7,98.3,73.9,56.4,7.0,High,Medium,Yes,Yes,Yes,Low,Moderate,No,No,68.4
STU02080,20,Female,21.2,89.4,70.9,60.5,5.1,High,,Yes,No,No,Medium,Near,Yes,No,66.9
STU02081,18,Male,3.2,81.3,68.4,42.1,7.4,High,High,Yes,No,Yes,Medium,Near,No,No,62.2
STU02082,18,Male,15.2,75.6,51.6,64.8,6.6,Medium,Low,Yes,Yes,No,Low,Moderate,No,No,54.9
STU02083,18,Female,19.4,94.6,63.7,67.3,5.6,High,High,Yes,Yes,Yes,Medium,Near,Yes,Yes,76.5
STU02084,16,Male,20.1,84.3,51.5,58.6,5.3,Medium,Medium,No,No,No,Medium,Near,No,Yes,56.9
STU02085,18,Female,28.5,85.5,51.8,86.7,4.0,Low,High,Yes,Yes,No,Medium,Near,No,No,59.4
STU02086,17,Male,34.0,81.1,65.6,86.9,8.0,Medium,High,Yes,No,No,Medium,Near,No,No,75.5
STU02087,15,Female,18.2,71.2,39.7,79.0,6.9,High,High,No,No,No,Medium,Moderate,No,No,58.9
STU02088,18,Female,4.5,95.7,49.5,57.2,7.2,Low,Medium,Yes,Yes,No,Medium,Moderate,No,No,57.1
STU02089,20,Male,40.0,84.2,54.4,98.8,7.7,High,Low,Yes,No,No,High,Far,No,No,77.9
STU02090,15,Female,24.1,66.4,71.8,76.6,9.4,Low,Low,Yes,Yes,No,High,Near,No,No,76.0
STU02091,16,Female,23.2,83.6,67.2,78.4,5.6,Medium,Medium,Yes,No,No,High,Far,No,Yes,72.6
STU02092,20,Male,11.6,71.5,64.4,78.9,6.1,Medium,Medium,Yes,Yes,No,Medium,Moderate,No,No,70.9
STU02093,15,Female,14.0,90.9,54.8,47.2,7.8,Low,Medium,Yes,No,No,Medium,Far,No,Yes,44.1
STU02094,20,Female,8.4,89.5,51.5,62.6,8.1,Low,Medium,Yes,Yes,No,Medium,Far,No,No,52.5
STU02095,16,Male,20.4,100.0,67.2,72.3,7.1,Medium,Medium,Yes,No,No,Low,Moderate,No,No,74.3
STU02096,17,Male,11.3,70.2,49.9,55.3,4.0,Medium,Medium,No,No,No,High,Near,No,No,52.7
STU02097,16,Male,20.7,99.4,61.0,80.7,4.0,High,Low,Yes,Yes,No,Medium,Near,No,No,82.9
STU02098,16,Female,9.1,90.2,67.2,56.0,6.9,Medium,Medium,Yes,Yes,No,Low,Near,No,No,68.4
STU02099,20,Female,22.6,71.3,74.4,63.4,8.6,Low,Medium,Yes,No,Yes,Low,Far,No,No,62.2
STU02100,21,Female,17.3,100.0,53.9,60.8,9.2,Low,Medium,No,No,No,High,Far,No,No,60.2
STU02101,19,Other,25.2,83.8,64.4,85.1,4.4,Medium,Medium,Yes,No,No,Low,Moderate,No,No,73.8
STU02102,18,Female,31.9,73.1,64.0,90.3,7.7,High,Low,Yes,No,Yes,Low,Far,No,No,84.3
STU02103,18,Female,17.3,95.4,59.8,55.6,7.7,High,Medium,Yes,No,No,Medium,Far,No,Yes,68.7
STU02104,17,Male,25.9,74.1,57.7,63.2,6.2,Low,Medium,Yes,No,Yes,Low,Moderate,No,Yes,60.5
STU02105,17,Female,26.0,96.6,45.9,77.1,7.2,Low,High,Yes,No,No,High,Moderate,No,No,66.6
STU02106,18,Male,14.8,83.1,64.2,26.8,6.6,Low,High,No,No,Yes,Medium,Moderate,No,No,54.4
STU02107,19,Female,17.1,81.5,71.2,85.4,5.3,Medium,Low,Yes,Yes,No,Medium,Moderate,No,Yes,72.1
STU02108,18,Male,17.2,72.0,61.8,68.7,6.1,Medium,Medium,Yes,No,Yes,High,Near,No,Yes,68.2
STU02109,21,Male,11.5,74.6,65.6,71.5,10.0,Low,Medium,Yes,Yes,Yes,Medium,Moderate,No,Yes,63.6
STU02110,19,Male,11.6,86.6,64.4,72.1,7.4,Low,Medium,Yes,Yes,No,Medium,Moderate,No,No,61.6
STU02111,17,Male,24.8,68.6,46.0,69.8,5.2,High,Medium,Yes,No,Yes,Medium,Moderate,Yes,Yes,59.0
STU02112,15,Female,9.3,91.9,58.2,63.1,5.3,High,Low,Yes,Yes,No,Medium,Far,No,Yes,75.2
STU02113,20,Male,13.8,79.8,56.1,68.1,9.3,Low,Low,Yes,Yes,No,Medium,Near,No,No,61.0
STU02114,21,Female,12.4,81.0,63.5,63.4,6.3,Low,Medium,Yes,No,No,Medium,Near,No,No,62.5
STU02115,21,Female,18.7,90.8,55.3,60.5,6.4,High,High,Yes,No,No,High,Far,No,No,68.8
STU02116,17,Female,33.4,83.0,63.9,97.8,8.2,Medium,Low,Yes,No,No,Medium,Moderate,No,No,77.1
STU02117,17,Male,13.5,97.3,60.7,60.3,6.5,High,Medium,Yes,No,Yes,High,Near,No,No,72.8
STU02118,16,Male,3.5,64.5,58.8,45.3,6.2,Medium,High,Yes,Yes,Yes,Medium,Moderate,No,Yes,50.2
STU02119,21,Female,15.8,93.0,41.3,78.4,7.3,Medium,High,Yes,Yes,No,Medium,Moderate,Yes,No,49.6
STU02120,16,Female,7.2,85.2,61.9,53.0,5.9,Medium,Medium,Yes,Yes,No,High,Far,No,No,69.0
STU02121,16,Male,17.1,78.4,49.7,67.8,6.3,High,Low,Yes,Yes,Yes,Low,Moderate,No,No,72.6
STU02122,20,Male,8.9,94.5,49.8,65.0,9.4,High,Medium,Yes,Yes,Yes,Medium,Near,No,No,70.9
STU02123,16,Male,16.3,90.9,64.8,71.9,5.8,Medium,Low,Yes,No,Yes,Medium,Moderate,No,No,73.6
STU02124,19,Female,5.5,87.3,51.0,43.0,6.6,Medium,High,Yes,No,No,Medium,Far,No,Yes,53.5
STU02125,18,Male,12.9,82.5,59.4,50.7,10.0,Medium,Medium,No,No,No,Low,Moderate,No,No,50.0
STU02126,15,Female,7.1,77.9,33.8,62.1,4.0,Medium,High,Yes,No,No,Medium,Far,No,No,51.8
STU02127,17,Female,25.0,74.2,69.6,81.3,9.8,High,High,No,No,Yes,Medium,Near,No,Yes,79.0
STU02128,19,Male,9.2,98.7,73.8,59.0,7.8,Medium,Medium,Yes,Yes,No,Medium,Far,No,No,75.4
STU02129,15,Other,19.4,93.3,50.8,59.2,7.7,High,Low,Yes,Yes,Yes,High,Moderate,No,No,65.1
STU02130,21,Female,16.4,90.7,71.2,69.8,7.7,High,Medium,Yes,No,No,High,Moderate,No,No,80.4
STU02131,21,Female,16.6,80.7,31.7,72.3,6.4,Medium,High,Yes,No,Yes,Medium,Near,No,No,51.7
STU02132,21,Female,18.0,100.0,63.0,43.7,5.5,High,Medium,Yes,Yes,No,High,Far,No,No,76.4
STU02133,19,Female,19.8,78.1,50.2,69.3,7.0,Medium,High,Yes,No,No,Medium,Moderate,No,No,58.5
STU02134,19,Female,25.4,81.2,80.3,81.4,6.8,Low,High,No,No,Yes,Medium,Far,No,No,73.0
STU02135,17,Male,22.5,100.0,73.0,77.8,7.3,Low,Medium,Yes,No,No,Medium,Near,No,No,70.8
STU02136,18,Male,27.2,84.5,59.6,100.0,6.5,High,Medium,Yes,Yes,Yes,Medium,Near,No,Yes,87.9
STU02137,16,Male,6.5,100.0,51.7,67.7,8.3,Low,Medium,Yes,Yes,No,Low,Near,No,Yes,52.2
STU02138,21,Male,4.3,88.8,43.3,59.1,8.2,High,Medium,Yes,No,Yes,Medium,Moderate,No,No,57.2
STU02139,20,Male,28.3,79.9,65.7,93.2,4.8,High,Low,Yes,Yes,No,Medium,Moderate,No,No,84.0
STU02140,18,Male,19.5,83.0,57.5,74.9,4.5,Medium,Medium,No,No,No,Medium,Moderate,No,No,61.0
STU02141,20,Male,6.5,77.8,63.1,63.2,5.8,Medium,Low,No,No,No,High,Moderate,No,No,55.7
STU02142,17,Female,12.8,91.9,72.3,77.5,5.0,Medium,Low,Yes,No,No,Medium,Far,No,Yes,66.4
STU02143,17,Female,19.3,97.2,66.5,57.2,8.6,High,Low,Yes,No,No,Low,Near,No,No,76.5
STU02144,17,Female,14.6,89.7,54.8,86.7,6.0,Medium,High,Yes,Yes,Yes,Medium,Near,No,No,69.7
STU02145,15,Female,19.9,87.8,58.3,71.7,7.8,Medium,Medium,Yes,No,No,Medium,Far,No,No,66.2
STU02146,20,Female,5.6,74.6,64.3,66.5,6.8,High,Low,Yes,Yes,Yes,Medium,Moderate,No,Yes,66.4
STU02147,18,Female,,95.9,38.3,72.6,8.4,Low,Medium,Yes,No,No,Low,Moderate,No,Yes,53.4
STU02148,18,Male,15.9,93.4,56.3,73.1,6.3,Medium,Medium,Yes,Yes,Yes,Medium,Moderate,No,No,66.3
STU02149,19,Male,9.3,87.8,43.2,73.3,4.6,Medium,Low,Yes,No,No,High,Moderate,No,No,54.6
STU02150,19,Female,12.7,82.0,60.7,67.1,6.0,High,High,Yes,No,Yes,Medium,Near,No,No,64.0
STU02151,21,Female,11.3,85.4,45.0,74.3,4.0,Low,Low,No,No,Yes,High,Moderate,No,No,54.8
STU02152,19,Female,6.1,75.9,62.2,60.3,4.7,Medium,Low,Yes,No,Yes,High,Far,No,No,55.8
STU02153,17,Male,10.1,70.3,74.3,52.8,7.5,Medium,Low,No,No,No,Low,Moderate,No,No,53.0
STU02154,18,Male,16.5,82.0,83.8,58.7,7.3,Medium,High,Yes,Yes,Yes,Medium,Near,No,No,71.7
STU02155,20,Female,7.2,76.4,72.6,63.4,6.1,Medium,High,No,Yes,Yes,Medium,Moderate,No,No,60.7
STU02156,17,Female,9.6,79.9,60.5,53.9,6.7,High,High,Yes,No,Yes,Low,Near,No,No,59.2
STU02157,15,Male,1.4,80.1,60.5,57.0,4.6,Low,High,Yes,No,No,Medium,Near,Yes,Yes,44.5
STU02158,19,Male,26.5,84.2,53.3,72.7,8.0,High,Low,No,Yes,Yes,Medium,Far,No,Yes,71.4
STU02159,17,Female,22.4,83.6,47.0,88.8,6.7,High,Medium,Yes,No,No,Low,Near,No,No,69.3
STU02160,17,Female,24.6,54.5,47.2,94.8,7.8,High,Medium,Yes,No,No,High,Far,No,Yes,78.0
STU02161,15,Male,17.9,88.5,51.3,78.3,7.7,Low,High,Yes,No,No,Medium,Moderate,No,No,60.0
STU02162,16,Female,17.4,86.3,75.7,69.5,7.4,High,Medium,Yes,No,Yes,High,Moderate,No,No,85.8
STU02163,18,Male,13.3,94.6,72.4,64.9,5.6,Medium,High,Yes,No,No,Medium,Moderate,No,No,68.3
STU02164,20,Male,25.4,82.9,65.9,84.3,7.4,Medium,Medium,Yes,No,No,High,Near,No,Yes,75.6
STU02165,21,Female,15.2,95.8,74.2,87.4,7.7,Medium,Medium,No,No,No,Medium,Moderate,Yes,No,65.1
STU02166,16,Male,0.0,83.5,53.0,52.6,6.0,Medium,Medium,Yes,No,Yes,Low,Far,No,No,48.6
STU02167,19,Female,0.0,88.4,61.0,58.9,7.5,Medium,High,Yes,No,Yes,Medium,Moderate,No,No,49.3
STU02168,17,Female,17.9,75.8,53.1,63.6,4.8,High,High,Yes,No,No,Medium,Moderate,No,No,62.9
STU02169,15,Female,7.3,96.4,48.4,58.8,7.8,Medium,Medium,Yes,No,No,Medium,Far,No,No,51.9
STU02170,15,Male,15.8,98.0,69.8,84.7,7.5,Low,Medium,Yes,No,Yes,Medium,Near,Yes,No,68.7
STU02171,18,Male,21.1,100.0,53.7,93.4,9.2,Medium,Medium,No,Yes,No,Low,Near,No,No,75.0
STU02172,16,Male,8.4,79.6,66.1,49.2,9.9,Medium,Medium,Yes,Yes,No,Medium,Near,No,No,58.5
STU02173,21,Female,12.6,90.3,63.4,65.3,6.6,High,Medium,Yes,No,Yes,Medium,Moderate,No,No,78.3
STU02174,18,Female,12.9,70.6,72.5,76.7,7.8,Medium,Medium,Yes,No,No,Medium,Far,No,Yes,64.5
STU02175,17,Female,8.1,66.1,66.0,71.8,7.5,Low,Medium,Yes,No,Yes,Medium,Moderate,No,No,52.0
STU02176,18,Female,3.6,90.6,58.8,52.7,6.6,Medium,Medium,Yes,Yes,No,High,Far,No,No,61.5
STU02177,20,Female,6.3,83.9,40.2,57.6,4.3,Medium,High,No,No,Yes,Medium,Moderate,No,No,32.3
STU02178,15,Female,3.1,72.1,55.7,48.3,5.3,Low,Low,Yes,Yes,Yes,Medium,Near,No,No,46.3
STU02179,15,Male,13.6,86.8,60.5,51.3,6.2,Medium,High,Yes,Yes,Yes,High,Near,No,No,64.5
STU02180,19,Male,13.5,94.3,65.2,64.0,7.4,High,Low,No,No,Yes,Medium,Far,No,No,78.8
STU02181,19,Female,10.8,85.6,62.8,67.7,9.1,High,Medium,Yes,No,Yes,Low,Near,No,No,60.1
STU02182,21,Male,3.6,97.3,56.8,39.4,6.8,Medium,Low,Yes,Yes,No,Low,Moderate,No,No,65.6
STU02183,17,Male,23.8,78.4,58.6,100.0,8.6,Medium,High,Yes,Yes,No,Medium,Near,No,Yes,81.0
STU02184,20,Female,10.0,95.8,66.6,62.1,9.2,Medium,Low,Yes,No,No,Low,Near,No,No,55.3
STU02185,16,Female,35.5,81.2,48.5,100.0,6.1,Medium,High,Yes,Yes,No,Medium,Moderate,Yes,Yes,77.2
STU02186,18,Male,21.9,97.3,53.2,82.7,4.9,Low,Medium,Yes,Yes,No,Low,Near,No,Yes,66.7
STU02187,21,Female,0.0,72.3,45.7,62.6,7.1,Low,Medium,Yes,No,No,Low,Far,No,No,40.2
STU02188,17,Female,24.9,87.3,58.3,68.2,5.0,Medium,High,Yes,No,Yes,Medium,Moderate,No,No,60.8
STU02189,19,Female,9.4,87.3,52.3,69.0,9.7,High,Low,Yes,No,No,High,Moderate,No,No,60.3
STU02190,18,Male,7.6,89.8,77.8,52.8,8.7,Low,Low,Yes,No,Yes,Medium,Moderate,No,No,57.2
STU02191,19,Male,12.8,81.5,50.8,66.3,9.1,Medium,Low,Yes,No,No,High,Moderate,No,No,58.2
STU02192,18,Female,24.1,89.3,71.7,85.7,4.4,Low,Medium,No,No,No,High,Far,No,No,68.1
STU02193,16,Female,19.2,83.0,45.7,74.9,6.5,Medium,Low,Yes,Yes,No,Low,Near,No,No,56.7
STU02194,17,Female,,79.7,69.1,66.0,7.1,High,Medium,Yes,No,No,Medium,Near,No,No,74.0
STU02195,18,Female,8.4,99.1,71.6,61.4,7.6,Low,Medium,Yes,No,Yes,Medium,Near,No,Yes,64.6
STU02196,20,Male,22.5,85.8,51.5,85.6,6.5,Medium,Medium,Yes,No,No,High,Far,No,Yes,64.4
STU02197,21,Male,7.1,69.9,51.3,56.5,4.0,Low,High,Yes,No,No,Medium,Far,No,Yes,44.1
STU02198,15,Female,23.3,78.3,61.5,81.7,7.7,Medium,Medium,Yes,No,No,High,Near,No,No,61.6
STU02199,20,Male,17.7,99.5,61.1,70.4,9.7,Medium,Medium,Yes,No,Yes,Low,Moderate,No,No,60.4
STU02200,20,Male,10.2,75.9,50.2,50.7,10.0,Medium,Medium,Yes,No,No,Low,Near,No,No,43.0
STU02201,21,Female,32.0,90.4,50.8,100.0,6.6,Medium,Medium,Yes,No,No,Medium,Near,No,No,79.0
STU02202,15,Male,22.3,78.1,71.9,84.6,7.1,High,Medium,Yes,No,Yes,Medium,Moderate,No,No,75.9
STU02203,20,Male,19.5,70.6,54.4,69.5,5.5,Medium,High,No,No,No,Low,Near,No,No,51.8
STU02204,18,Male,15.8,89.8,54.0,60.1,7.1,Medium,Low,Yes,No,No,Medium,Moderate,No,No,64.9
STU02205,18,Male,5.9,81.7,63.4,51.6,6.4,Medium,Medium,Yes,No,No,Low,Moderate,No,No,52.9
STU02206,18,Male,15.3,100.0,29.1,74.0,6.2,High,Low,Yes,Yes,No,Medium,Moderate,No,No,61.7
STU02207,15,Female,27.8,96.3,48.6,84.9,4.8,High,Low,Yes,No,Yes,High,Moderate,No,No,67.2
STU02208,20,Female,4.0,97.7,74.9,64.3,9.3,Low,Low,Yes,Yes,No,High,Moderate,No,No,68.6
STU02209,15,Male,19.5,95.7,47.1,62.5,6.6,High,Low,Yes,No,Yes,Medium,Moderate,No,No,71.3
STU02210,18,Female,26.2,91.9,47.0,84.3,6.3,High,Medium,Yes,Yes,Yes,Medium,Near,No,No,77.4
STU02211,21,Male,26.6,71.3,69.3,80.1,7.3,High,Low,Yes,No,Yes,Medium,Moderate,No,No,83.1
STU02212,20,Female,7.8,82.7,66.6,53.8,6.1,High,Low,Yes,No,No,Low,Near,No,Yes,62.8
STU02213,20,Female,10.6,91.7,68.7,78.4,4.0,Low,Medium,No,Yes,Yes,Medium,Near,No,No,57.7
STU02214,19,Female,15.8,82.1,52.2,65.3,9.0,High,Medium,Yes,No,Yes,Low,Moderate,No,No,66.8
STU02215,19,Female,18.6,84.7,74.1,72.2,7.1,High,High,Yes,Yes,Yes,High,Far,No,No,88.9
STU02216,16,Male,25.3,92.2,53.6,62.0,8.2,Low,Medium,No,No,No,High,Near,No,No,60.9
STU02217,17,Male,13.4,95.6,28.7,79.8,7.3,High,Medium,Yes,No,No,Medium,Near,No,Yes,63.0
STU02218,19,Female,22.6,75.8,64.8,68.1,8.4,Medium,Medium,No,Yes,Yes,Medium,Near,No,No,75.7
STU02219,15,Male,0.0,91.7,65.1,34.3,8.1,High,Medium,Yes,Yes,No,Low,Near,No,Yes,58.7
STU02220,19,Male,12.9,90.6,68.2,74.5,4.0,Medium,Low,Yes,Yes,No,Medium,Moderate,No,Yes,71.8
STU02221,16,Female,22.6,75.1,56.9,88.1,7.7,Medium,Medium,Yes,No,No,Medium,Near,No,No,72.1
STU02222,20,Female,21.7,80.9,82.4,82.7,5.7,High,Medium,Yes,No,Yes,Medium,Far,No,No,82.7
STU02223,16,Female,7.3,86.5,68.2,41.3,5.7,Medium,Medium,Yes,No,No,Low,Moderate,No,No,54.4
STU02224,20,Male,23.2,98.9,75.8,81.9,4.5,Medium,Low,No,No,No,High,Moderate,No,No,67.7
STU02225,21,Female,,80.9,58.9,26.0,9.7,Low,Low,Yes,No,Yes,Medium,Moderate,Yes,No,40.2
STU02226,21,Male,24.6,89.2,38.5,67.1,6.8,High,High,Yes,No,Yes,High,Near,No,No,64.8
STU02227,20,Male,13.4,96.7,73.2,62.5,6.4,Low,High,Yes,No,Yes,High,Near,No,No,68.6
STU02228,17,Female,11.4,100.0,63.2,74.3,5.9,High,,No,No,Yes,High,Moderate,No,No,69.1
STU02229,19,Male,12.6,87.3,82.2,68.1,10.0,High,High,Yes,No,No,Low,Near,No,No,78.9
STU02230,15,Male,18.0,63.8,55.4,85.0,8.5,Medium,Medium,Yes,No,Yes,Low,Moderate,No,No,57.1
STU02231,15,Female,31.6,94.2,50.8,82.0,4.0,Low,Low,Yes,No,Yes,Medium,Near,No,No,61.9
STU02232,18,Male,24.7,87.1,68.8,68.0,9.0,Medium,Medium,No,No,No,Low,Near,No,No,75.2
STU02233,20,Male,5.8,76.6,66.8,56.5,5.6,Medium,Low,Yes,No,No,Medium,Near,No,No,59.5
STU02234,15,Male,6.7,92.1,76.4,54.1,8.0,Medium,Medium,Yes,No,No,Medium,Near,No,No,62.7
STU02235,17,Male,0.0,100.0,58.6,51.8,6.3,Medium,Low,Yes,Yes,No,Medium,Far,No,No,57.9
STU02236,20,Male,17.5,87.1,51.6,76.8,4.4,High,Low,Yes,No,Yes,Low,Near,No,No,65.3
STU02237,17,Female,13.6,68.8,54.0,76.7,6.2,High,High,Yes,No,No,High,Far,No,No,63.1
STU02238,15,Female,20.0,99.4,40.6,76.2,7.4,Medium,High,Yes,No,Yes,Low,Moderate,No,No,60.1
STU02239,15,Male,11.0,85.2,53.6,65.7,7.4,Medium,High,Yes,Yes,Yes,Medium,Far,No,No,63.3
STU02240,18,Female,11.8,92.1,45.3,61.0,6.5,Medium,High,Yes,No,Yes,Medium,Moderate,Yes,No,51.3
STU02241,15,Male,3.4,85.6,75.5,56.9,7.1,High,High,Yes,No,No,Medium,Far,No,No,70.3
STU02242,20,Male,23.8,89.6,59.8,97.5,7.2,Low,Low,No,No,No,Medium,Near,No,No,61.5
STU02243,21,Female,10.2,91.7,59.5,58.2,8.4,Medium,Medium,Yes,No,No,Low,Moderate,No,No,56.3
STU02244,20,Male,8.3,93.1,65.4,59.0,9.0,Low,Medium,Yes,No,Yes,Medium,Near,No,No,56.9
STU02245,20,Other,22.7,86.5,64.5,88.8,7.0,Low,Medium,Yes,No,Yes,Low,Moderate,No,Yes,72.5
STU02246,18,Male,3.2,77.4,60.7,73.5,,Medium,,No,No,No,Low,Moderate,No,No,50.7
STU02247,18,Female,19.4,86.9,47.1,63.3,8.0,Medium,Medium,Yes,No,No,Medium,Moderate,No,No,64.5
STU02248,15,Male,8.9,92.9,75.9,51.1,8.0,Medium,Medium,Yes,No,No,Medium,Near,No,No,63.5
STU02249,16,Male,14.1,77.5,69.0,57.8,8.3,Medium,High,No,No,No,Medium,Near,No,No,65.2
STU02250,16,Male,0.0,73.9,39.6,30.5,5.6,Medium,Medium,No,Yes,Yes,Medium,Moderate,No,Yes,37.0
STU02251,18,Female,19.6,98.3,73.5,74.4,8.2,Medium,Medium,Yes,No,No,High,Moderate,No,Yes,82.4
STU02252,15,Female,31.4,100.0,61.3,100.0,7.5,High,Medium,Yes,Yes,Yes,High,Near,No,No,94.9
STU02253,16,Female,4.9,85.4,62.3,65.4,7.9,Medium,Medium,Yes,No,Yes,Medium,Far,No,No,63.5
STU02254,15,Male,24.2,91.0,51.9,78.6,5.9,Low,Medium,Yes,No,No,Low,Far,No,No,59.3
STU02255,15,Male,14.6,88.8,51.4,79.6,4.2,Low,High,Yes,No,No,Medium,Far,No,No,55.9
STU02256,15,Male,19.3,63.2,70.9,92.8,5.0,Low,Medium,No,No,Yes,Low,Far,No,No,58.2
STU02257,19,Female,5.6,87.1,50.9,57.2,8.3,Medium,Low,Yes,No,No,Medium,Near,Yes,Yes,52.3
STU02258,20,Female,6.7,99.7,42.8,57.9,9.6,Medium,High,Yes,No,No,Medium,Far,No,No,54.8
STU02259,15,Male,15.7,73.3,52.2,62.0,8.2,Medium,Medium,Yes,No,No,Medium,Moderate,No,No,60.7
STU02260,19,Female,13.3,72.3,63.6,74.5,5.2,Medium,Low,Yes,No,Yes,Medium,Near,No,No,55.7
STU02261,18,Male,16.2,77.7,70.2,85.1,6.9,High,Medium,Yes,No,Yes,Low,Far,No,No,78.5
STU02262,16,Female,3.3,80.3,60.7,64.4,7.4,Low,Low,Yes,No,Yes,Medium,Near,No,Yes,47.5
STU02263,20,Female,19.9,91.7,77.8,63.7,7.1,Low,Low,Yes,No,Yes,Medium,Moderate,Yes,No,64.9
STU02264,21,Male,18.1,98.2,47.5,79.9,7.2,Medium,Low,Yes,No,Yes,Medium,Near,No,No,61.7
STU02265,16,Male,23.8,98.0,55.6,70.9,5.4,Medium,Medium,Yes,No,No,Medium,Moderate,No,No,72.2
STU02266,20,Other,17.5,91.5,40.7,49.8,4.8,Medium,Medium,Yes,Yes,Yes,Medium,Moderate,No,Yes,60.2
STU02267,21,Female,33.0,69.1,54.2,90.2,5.5,Medium,High,Yes,No,No,Medium,Moderate,No,No,70.8
STU02268,16,Female,,69.0,63.8,99.2,5.1,Low,High,No,No,Yes,Medium,Near,No,No,63.3
STU02269,20,Female,15.1,92.3,62.3,61.9,7.2,Medium,High,Yes,Yes,No,Low,Moderate,No,No,77.1
STU02270,16,Male,14.8,69.1,41.9,61.9,7.3,High,Medium,Yes,No,Yes,Low,Moderate,No,Yes,54.9
STU02271,16,Female,8.4,90.6,62.6,67.5,4.9,High,High,Yes,No,No,Medium,Near,No,No,62.5
STU02272,21,Female,4.2,87.8,66.2,55.8,6.9,Medium,Low,No,Yes,Yes,Low,Far,No,No,43.9
STU02273,16,Female,13.2,80.4,71.5,64.5,9.8,Low,Medium,Yes,Yes,No,Medium,Moderate,Yes,No,50.7
STU02274,16,Male,9.8,59.5,49.4,54.6,7.2,High,Medium,Yes,Yes,No,Medium,Far,No,No,64.3
STU02275,21,Male,8.7,87.0,83.8,69.2,6.4,High,High,Yes,Yes,No,High,Near,No,No,81.6
STU02276,18,Male,17.8,90.1,48.0,68.8,8.3,Low,Medium,Yes,Yes,No,High,Near,Yes,No,55.8
STU02277,15,Male,2.4,79.4,46.3,48.4,10.0,Medium,High,Yes,Yes,No,Low,Near,No,Yes,49.2
STU02278,17,Male,5.5,74.1,57.1,60.0,7.3,High,Low,Yes,No,Yes,High,Moderate,Yes,No,54.5
STU02279,19,Male,,87.9,50.2,37.5,6.1,High,Low,Yes,No,No,Medium,Near,No,No,46.0
STU02280,17,Male,,70.5,84.7,53.1,7.2,Medium,Medium,Yes,Yes,Yes,Medium,Moderate,No,No,69.1
STU02281,17,Male,10.2,91.2,59.1,65.2,9.1,Medium,Medium,Yes,Yes,No,Low,Near,No,No,64.6
STU02282,20,Female,21.5,95.6,61.3,81.1,6.9,Low,Medium,No,No,No,High,Near,No,No,70.1
STU02283,15,Male,,65.4,67.7,90.1,7.1,Medium,High,Yes,Yes,Yes,Low,Moderate,No,No,70.8
STU02284,20,Male,1.2,79.7,40.6,40.1,9.1,High,Low,Yes,Yes,Yes,High,Far,No,No,56.5
STU02285,15,Male,22.0,84.5,48.7,59.7,7.2,High,Low,Yes,Yes,Yes,Low,Near,No,No,71.0
STU02286,21,Male,7.3,84.8,52.2,56.6,9.6,Medium,Medium,Yes,Yes,No,Medium,Moderate,No,No,58.1
STU02287,21,Female,16.3,76.2,72.2,56.0,4.9,Medium,High,Yes,No,No,Medium,Moderate,No,No,64.3
STU02288,15,Male,19.6,71.6,69.6,94.2,7.7,Low,Medium,Yes,Yes,Yes,Low,Moderate,No,No,72.3
STU02289,16,Female,26.2,80.4,86.8,63.9,10.0,High,Medium,Yes,No,Yes,Low,Far,No,No,75.7
STU02290,18,Female,34.2,91.4,69.1,96.2,10.0,High,Medium,No,No,Yes,Medium,Far,No,No,79.0
STU02291,16,Female,23.3,90.7,62.5,72.7,6.4,Medium,Low,Yes,No,Yes,Low,Near,Yes,Yes,69.7
STU02292,18,Female,11.2,90.8,59.1,79.9,6.6,High,High,Yes,No,Yes,Medium,Moderate,No,No,69.3
STU02293,20,Female,2.7,97.5,53.0,57.4,9.9,Medium,Medium,Yes,Yes,No,Medium,Moderate,No,No,63.9
STU02294,18,Female,16.9,74.5,46.4,82.4,6.5,High,Low,Yes,No,No,High,Moderate,No,No,66.0
STU02295,20,Male,20.2,81.2,51.4,66.7,6.2,Medium,Medium,Yes,No,Yes,Medium,Near,No,No,61.4
STU02296,21,Male,5.8,83.2,52.7,44.8,6.3,Medium,Medium,Yes,Yes,No,Low,Far,No,No,47.7
STU02297,17,Female,21.2,56.2,61.8,66.4,5.7,Medium,Low,Yes,Yes,No,Medium,Moderate,Yes,No,53.6
STU02298,21,Male,11.6,87.2,54.1,50.2,5.4,Low,Low,Yes,No,Yes,Low,Near,No,No,45.2
STU02299,21,Male,6.0,84.7,58.5,56.2,6.7,Medium,Low,Yes,No,No,High,Near,No,Yes,54.8
STU02300,17,Female,16.1,73.6,35.5,56.4,4.6,High,Medium,Yes,Yes,No,High,Far,No,Yes,62.7
STU02301,18,Female,7.8,93.7,47.3,57.9,6.1,Low,Low,Yes,No,Yes,Medium,Near,No,No,52.8
STU02302,18,Male,5.8,93.1,45.9,52.7,9.4,Medium,Low,Yes,Yes,Yes,Low,Moderate,No,No,43.8
STU02303,20,Female,17.3,89.0,48.5,85.7,8.3,Medium,High,No,No,Yes,High,Near,No,No,60.8
STU02304,16,Male,18.3,67.9,87.6,67.8,6.2,Low,Low,Yes,No,No,High,Near,No,No,68.1
STU02305,20,Female,12.1,75.3,44.9,68.2,7.4,Low,Medium,Yes,No,No,High,Near,No,No,55.5
STU02306,16,Male,17.2,88.0,63.5,75.6,6.9,Medium,,Yes,Yes,No,High,Near,No,No,74.2
STU02307,21,Male,24.1,79.6,57.1,81.3,5.9,High,Low,No,No,No,Medium,Near,No,No,58.0
STU02308,17,Female,21.7,82.7,44.7,69.8,4.0,High,High,Yes,No,Yes,Low,Moderate,Yes,Yes,51.7
STU02309,21,Male,8.4,74.0,56.6,61.0,5.7,Medium,Medium,Yes,No,No,Medium,Moderate,No,No,60.1
STU02310,15,Female,15.2,86.9,69.7,80.0,6.5,Medium,High,Yes,Yes,Yes,Medium,Near,No,No,71.5
STU02311,18,Male,9.4,100.0,63.2,68.8,10.0,High,Medium,Yes,No,No,Medium,Moderate,No,No,70.2
STU02312,16,Male,3.8,88.2,56.3,65.3,7.9,Medium,Medium,Yes,No,No,Medium,Moderate,No,No,60.7
STU02313,20,Female,20.1,94.7,72.1,66.9,6.9,High,High,Yes,Yes,No,Low,Moderate,Yes,No,68.6
STU02314,17,Male,23.0,93.8,54.6,90.5,7.8,High,Low,Yes,No,No,Medium,Moderate,No,No,77.5
STU02315,16,Male,11.2,81.4,49.8,60.7,7.4,Medium,Medium,Yes,Yes,No,Medium,Moderate,No,No,67.7
STU02316,20,Male,16.9,83.1,42.1,81.2,6.0,Medium,High,Yes,Yes,Yes,Low,Far,No,No,62.1
STU02317,18,Female,27.4,99.7,75.6,95.7,6.9,Medium,Low,Yes,Yes,Yes,Medium,Moderate,No,No,89.6
STU02318,21,Female,23.2,92.3,67.6,62.1,6.5,Medium,Medium,Yes,Yes,No,High,Near,No,No,77.9
STU02319,18,Other,10.3,94.6,62.7,63.7,4.7,Medium,Medium,Yes,Yes,No,High,Moderate,No,No,72.6
STU02320,19,Male,,86.7,54.2,56.0,6.2,Medium,Low,Yes,No,No,Medium,Near,No,No,67.0
STU02321,15,Male,9.3,81.1,63.1,58.5,6.9,High,Medium,Yes,No,No,Medium,Near,Yes,No,50.6
STU02322,19,Male,16.8,82.3,67.9,82.1,7.7,High,Medium,Yes,No,No,Low,Moderate,No,Yes,83.4
STU02323,17,Female,15.3,98.8,57.1,55.8,7.1,Medium,High,Yes,No,No,Medium,Moderate,No,No,66.0
STU02324,16,Male,5.8,85.0,72.0,57.6,8.5,Medium,Medium,Yes,No,No,Medium,Near,No,Yes,64.8
STU02325,17,Female,11.4,97.5,65.8,67.9,6.7,Low,Medium,Yes,Yes,Yes,Medium,Far,No,No,64.5
STU02326,21,Male,0.0,99.1,40.0,66.3,9.0,High,Medium,Yes,No,No,High,Near,Yes,No,59.6
STU02327,20,Other,6.7,94.2,66.9,43.0,7.3,High,Low,Yes,No,Yes,Medium,Near,No,No,65.2
STU02328,18,Female,18.3,93.0,46.9,74.8,7.7,Medium,Medium,Yes,No,No,Low,Far,No,No,62.5
STU02329,19,Female,16.1,100.0,52.5,67.0,7.4,Medium,High,Yes,No,No,Low,Moderate,No,No,60.0
STU02330,19,Male,22.6,76.5,41.6,83.5,6.3,High,Medium,Yes,No,No,Medium,Far,No,No,61.3
STU02331,21,Male,15.4,80.9,70.6,67.5,8.0,Medium,Low,No,No,No,Medium,Far,Yes,No,54.9
STU02332,19,Male,13.4,72.4,71.7,69.1,6.1,Medium,Medium,Yes,Yes,Yes,High,Far,No,No,76.0
STU02333,21,Male,29.9,70.0,46.4,87.2,5.6,Low,Medium,Yes,No,No,Medium,Near,No,No,64.9
STU02334,17,Male,12.3,84.6,67.8,73.9,7.4,Medium,,Yes,No,Yes,Medium,Near,No,No,71.8
STU02335,18,Female,11.9,87.7,69.9,74.6,6.9,Medium,High,No,No,Yes,Medium,Moderate,No,Yes,65.1
STU02336,16,Male,15.4,90.1,53.8,63.0,5.8,Medium,Medium,Yes,Yes,No,Medium,Moderate,No,No,68.0
STU02337,20,Female,8.8,78.0,52.7,45.1,7.2,High,Medium,Yes,No,No,Medium,Moderate,No,No,54.5
STU02338,16,Female,17.1,80.9,57.9,74.4,8.0,Low,High,Yes,No,Yes,Medium,Near,No,No,59.9
STU02339,17,Male,9.2,93.5,23.4,57.1,6.7,Medium,High,Yes,No,Yes,Medium,Near,No,Yes,43.7
STU02340,20,Other,11.5,70.4,53.7,58.5,9.4,Medium,Medium,Yes,Yes,No,Low,Moderate,Yes,Yes,50.3
STU02341,19,Male,9.0,85.1,77.7,66.3,8.7,High,Medium,No,No,No,High,Near,No,No,72.8
STU02342,15,Male,0.8,98.1,50.7,81.4,6.4,High,Low,No,Yes,Yes,Medium,Near,No,No,66.2
STU02343,17,Female,0.0,82.3,62.7,42.7,5.3,High,Low,Yes,No,Yes,Low,Near,No,No,51.6
STU02344,17,Female,3.6,80.8,58.9,49.5,6.8,Low,Medium,Yes,No,No,Low,Near,No,No,48.9
STU02345,18,Male,24.1,97.4,62.4,69.0,7.7,High,Medium,Yes,Yes,Yes,Low,Moderate,No,No,80.0
STU02346,16,Male,15.6,70.9,50.0,64.4,4.5,Low,High,Yes,No,Yes,Medium,Moderate,No,No,40.0
STU02347,17,Female,11.2,77.0,55.6,35.1,4.5,Low,Low,Yes,No,Yes,Low,Near,No,No,38.0
STU02348,17,Male,6.7,77.3,66.6,60.6,5.1,Low,Medium,Yes,Yes,Yes,Low,Near,No,No,55.7
STU02349,19,Female,25.1,91.9,65.9,63.6,8.7,Medium,Medium,Yes,Yes,No,Medium,Moderate,No,No,77.0
STU02350,19,Female,9.9,69.0,75.6,58.3,9.1,Low,High,Yes,Yes,Yes,Medium,Near,No,No,58.2
STU02351,20,Other,8.2,97.3,58.4,61.7,5.4,Medium,High,Yes,No,No,Low,Far,No,No,53.4
STU02352,21,Male,0.0,84.7,46.9,41.6,4.9,Medium,High,Yes,No,No,Medium,Moderate,Yes,No,42.6
STU02353,21,Male,0.0,95.5,68.6,62.8,7.3,High,Medium,Yes,No,Yes,Medium,Far,No,No,69.7
STU02354,15,Male,18.7,97.4,79.3,70.7,7.2,Medium,Low,Yes,Yes,No,High,Moderate,No,No,76.4
STU02355,21,Male,28.5,77.1,60.7,76.2,5.2,Medium,Medium,Yes,No,No,Medium,Near,No,No,69.2
STU02356,18,Male,17.4,85.2,57.2,70.5,5.5,High,Medium,Yes,Yes,No,Low,Moderate,No,No,69.9
STU02357,15,Male,17.3,82.7,51.2,90.6,6.0,Low,Medium,Yes,Yes,Yes,Medium,Near,No,No,60.7
STU02358,20,Female,29.4,84.3,73.1,79.7,6.4,Medium,High,Yes,Yes,No,Medium,Near,No,No,81.3
STU02359,19,Female,19.0,79.3,70.1,57.8,7.5,Medium,Medium,Yes,No,No,Low,Near,No,No,60.6
STU02360,21,Male,14.9,96.1,48.3,68.8,4.0,Low,High,No,No,No,High,Moderate,No,Yes,55.8
STU02361,16,Male,19.5,83.1,54.3,75.6,9.9,Low,Low,Yes,No,No,Medium,Near,No,No,63.5
STU02362,19,Male,22.2,81.7,68.1,82.4,7.6,High,Low,Yes,Yes,Yes,High,Near,No,No,82.5
STU02363,18,Male,19.1,96.2,69.5,50.6,7.1,Low,Low,Yes,No,Yes,Medium,Moderate,No,No,63.2
STU02364,19,Female,11.1,93.4,42.4,86.8,6.1,High,Medium,Yes,No,No,Medium,Far,No,No,60.0
STU02365,18,Female,18.3,87.9,44.4,64.7,5.7,Low,High,Yes,Yes,No,Medium,Near,No,No,55.1
STU02366,18,Female,9.5,81.1,64.5,84.3,5.8,High,Low,Yes,No,Yes,Medium,Moderate,No,No,71.7
STU02367,18,Female,14.8,99.6,60.5,58.6,6.3,Medium,Medium,No,Yes,No,Medium,Near,No,Yes,64.7
STU02368,20,Female,18.2,74.4,68.1,56.2,7.6,Medium,High,Yes,Yes,No,High,Far,No,No,75.3
STU02369,18,Female,29.7,95.7,62.2,91.6,8.7,Medium,Low,No,No,Yes,Medium,Near,Yes,No,78.5
STU02370,18,Male,18.5,91.3,54.9,65.2,4.9,Medium,Low,Yes,Yes,Yes,High,Far,No,No,66.2
STU02371,16,Female,15.1,72.3,59.6,74.4,6.3,Medium,Medium,Yes,No,No,High,Near,No,No,65.6
STU02372,15,Female,11.8,85.7,46.5,72.2,7.2,Medium,Low,Yes,Yes,No,High,Far,No,No,64.1
STU02373,17,Male,10.3,71.8,53.5,47.6,7.3,Low,Medium,Yes,Yes,No,Medium,Near,Yes,No,49.0
STU02374,15,Male,11.9,81.5,69.3,62.4,6.1,Medium,Low,Yes,No,Yes,Medium,Near,No,No,63.7
STU02375,18,Male,15.3,87.8,76.4,74.2,6.5,Medium,High,Yes,No,No,Low,Near,No,No,71.0
STU02376,16,Female,22.3,74.9,53.6,89.7,6.6,High,Medium,Yes,No,Yes,Medium,Near,No,No,72.3
STU02377,19,Male,,61.5,67.5,47.3,5.2,High,Medium,Yes,No,Yes,Low,Far,No,No,53.4
STU02378,16,Male,21.1,83.7,59.4,69.6,5.6,Low,Medium,No,No,No,Low,Moderate,No,No,56.7
STU02379,18,Male,10.5,87.1,68.9,65.3,4.2,High,High,Yes,No,Yes,Low,Moderate,No,Yes,65.0
STU02380,16,Female,9.4,81.2,61.7,52.6,8.7,Medium,High,Yes,No,Yes,High,Far,No,No,65.0
STU02381,21,Male,19.1,84.8,73.6,68.5,7.9,High,Low,No,Yes,No,High,Moderate,No,No,80.4
STU02382,16,Female,12.0,83.2,66.5,53.0,5.0,Medium,High,Yes,No,No,Medium,Far,No,Yes,66.0
STU02383,18,Female,18.8,74.8,56.3,66.9,5.3,Low,Medium,Yes,No,No,Medium,Near,No,No,55.8
STU02384,20,Female,18.1,100.0,59.1,80.4,5.0,High,High,Yes,No,Yes,Medium,Far,No,No,82.1
STU02385,21,Female,21.4,88.2,50.5,84.8,5.6,High,High,Yes,No,No,Medium,Near,No,No,75.9
STU02386,16,Male,25.5,80.7,56.4,70.8,7.4,High,Medium,No,Yes,Yes,Medium,Moderate,No,No,74.1
STU02387,17,Male,1.2,76.8,68.6,78.5,10.0,Medium,Medium,Yes,No,No,Medium,Moderate,No,No,57.2
STU02388,17,Female,16.6,81.0,54.5,78.9,6.3,Low,High,Yes,No,No,Medium,Moderate,No,Yes,53.4
STU02389,16,Male,9.1,81.4,67.9,57.0,7.7,Low,High,Yes,No,Yes,Medium,Moderate,No,Yes,63.1
STU02390,20,Male,18.3,85.4,53.6,65.2,6.8,High,Medium,No,Yes,Yes,Medium,Near,No,No,77.4
STU02391,19,Female,3.8,96.5,42.5,57.5,7.4,Medium,Medium,Yes,No,No,Medium,Far,No,Yes,49.8
STU02392,18,Male,15.4,77.0,70.8,67.6,6.6,High,High,No,No,No,High,Far,No,No,71.6
STU02393,17,Female,0.0,86.8,50.4,43.9,8.7,High,High,Yes,No,No,Low,Far,No,No,51.6
STU02394,19,Male,15.3,93.0,38.5,59.5,7.9,Medium,High,Yes,Yes,No,Medium,Far,No,No,60.4
STU02395,16,Female,15.0,78.3,54.6,63.5,7.0,High,Low,Yes,No,No,Medium,Moderate,Yes,No,55.2
STU02396,19,Female,9.6,78.2,73.5,72.1,8.0,Low,High,Yes,No,No,Low,Far,No,No,64.2
STU02397,21,Female,11.8,69.9,70.6,74.5,8.4,Medium,Low,Yes,No,No,Medium,Far,No,Yes,64.9
STU02398,15,Male,12.0,100.0,43.8,82.5,5.9,High,Medium,Yes,No,Yes,Low,Moderate,No,No,72.3
STU02399,17,Female,2.6,90.1,39.8,62.5,7.7,Medium,Medium,No,No,Yes,Medium,Moderate,Yes,No,40.5
STU02400,16,Female,4.6,79.3,59.9,61.0,8.3,Medium,High,Yes,No,Yes,Medium,Far,No,No,56.3
STU02401,18,Male,16.5,78.9,70.0,76.9,7.7,Medium,Medium,Yes,No,Yes,Medium,Moderate,No,No,68.2
STU02402,20,Male,23.5,74.7,59.2,74.4,8.1,Medium,Low,Yes,No,No,Medium,Moderate,No,No,61.2
STU02403,21,Female,21.3,86.6,58.9,78.6,7.1,Medium,Medium,Yes,No,No,Low,Near,No,No,67.4
STU02404,16,Female,0.0,81.6,57.2,50.4,7.8,Medium,Medium,Yes,Yes,No,Medium,Far,No,No,52.8
STU02405,18,Male,24.9,75.8,57.0,77.7,9.3,Low,High,Yes,No,Yes,Low,Far,No,No,63.4
STU02406,20,Female,25.4,77.3,67.3,72.7,5.5,High,High,Yes,No,Yes,High,Near,No,No,77.1
STU02407,20,Male,9.0,92.3,64.4,59.1,7.0,Medium,High,No,No,Yes,High,Near,No,No,60.0
STU02408,16,Male,9.2,81.2,69.2,59.9,5.8,Medium,High,Yes,No,No,Medium,Near,No,No,54.5
STU02409,21,Female,10.9,72.7,60.3,59.2,6.1,Medium,,Yes,No,Yes,High,Moderate,No,No,62.7
STU02410,19,Female,17.7,85.6,58.0,80.0,7.7,Medium,Medium,Yes,No,No,Medium,Near,No,No,65.3
STU02411,19,Female,12.6,78.1,71.0,61.9,4.5,Medium,Low,Yes,Yes,No,High,Moderate,No,No,69.9
STU02412,20,Other,18.1,91.5,42.3,61.8,,Medium,Medium,Yes,No,No,Medium,Far,No,Yes,58.2
STU02413,19,Male,4.6,100.0,68.3,46.1,8.8,Medium,Medium,No,No,No,Low,Moderate,No,No,57.9
STU02414,15,Male,6.4,65.6,72.9,54.7,5.0,Medium,Low,Yes,Yes,Yes,High,Near,No,No,58.3
STU02415,20,Male,8.0,77.9,75.7,50.1,9.2,High,High,Yes,No,Yes,Low,Far,No,Yes,66.4
STU02416,20,Female,8.5,86.4,51.4,60.9,7.0,High,Medium,Yes,No,Yes,Low,Moderate,No,No,57.9
STU02417,18,Female,18.4,84.2,65.8,78.6,6.9,Low,High,Yes,No,No,Low,Near,No,No,64.5
STU02418,19,Male,17.0,97.5,48.3,61.7,6.0,Medium,Medium,Yes,No,No,Medium,Moderate,No,No,59.7
STU02419,21,Male,20.3,84.8,44.0,84.4,6.5,High,High,Yes,No,Yes,Medium,Moderate,No,No,73.0
STU02420,20,Male,23.7,87.0,65.0,64.8,7.3,High,Low,No,No,No,Medium,Far,No,No,74.4
STU02421,21,Female,18.2,89.3,44.4,73.3,6.7,Medium,Low,Yes,No,No,High,Far,No,No,64.9
STU02422,15,Male,0.7,78.2,65.2,36.2,5.7,High,Low,Yes,No,Yes,Low,Near,No,No,63.8
STU02423,18,Male,11.7,90.2,78.6,78.8,7.9,High,Medium,Yes,No,No,High,Near,No,No,88.3
STU02424,16,Female,12.7,89.1,58.7,68.0,8.9,Medium,High,Yes,No,Yes,High,Near,No,No,63.3
STU02425,21,Female,17.1,86.0,42.6,80.4,4.6,Medium,High,Yes,No,No,Low,Moderate,No,No,53.4
STU02426,20,Female,7.5,65.8,58.9,66.4,10.0,Medium,Medium,Yes,No,No,Medium,Moderate,No,No,52.2
STU02427,15,Female,26.8,77.4,81.9,100.0,7.4,Medium,High,No,No,No,High,Moderate,No,No,85.0
STU02428,17,Male,11.8,86.9,65.9,62.6,7.7,Medium,High,Yes,No,No,Medium,Near,No,Yes,59.8
STU02429,15,Female,12.4,84.0,53.9,73.2,9.3,Medium,Medium,Yes,No,Yes,Medium,Far,No,No,63.4
STU02430,15,Female,13.4,92.5,35.7,62.5,4.0,Medium,Medium,No,No,Yes,Medium,Far,No,Yes,44.5
STU02431,18,Other,10.9,92.6,64.2,54.2,4.6,Low,Medium,No,No,Yes,Medium,Near,No,No,56.8
STU02432,16,Male,1.1,88.4,56.6,53.1,4.0,Medium,Medium,No,Yes,Yes,Low,Moderate,No,Yes,51.3
STU02433,17,Male,24.9,92.6,49.5,93.0,5.1,High,High,Yes,No,No,Medium,Moderate,No,No,70.2
STU02434,19,Male,9.9,90.0,83.4,58.4,7.9,Medium,Low,Yes,No,Yes,Low,Near,Yes,No,61.9
STU02435,19,Male,20.0,79.7,53.6,67.1,5.2,Medium,High,Yes,No,No,Medium,Near,No,No,53.9
STU02436,21,Female,11.6,84.9,62.1,58.3,5.6,Medium,Medium,No,No,No,High,Near,No,No,61.1
STU02437,15,Male,10.0,74.0,55.0,50.7,5.9,Medium,High,Yes,No,No,Medium,Near,Yes,Yes,46.5
STU02438,18,Male,5.0,99.9,59.7,51.7,6.8,Medium,Medium,Yes,No,No,High,Moderate,No,Yes,61.9
STU02439,18,Male,0.7,72.5,58.9,40.4,6.7,High,Medium,No,No,Yes,Medium,Near,No,No,48.3
STU02440,19,Male,11.4,64.2,66.1,66.7,5.8,Medium,High,Yes,Yes,No,Medium,Near,No,No,68.2
STU02441,21,Male,11.1,100.0,33.5,69.3,5.4,Medium,Medium,Yes,Yes,No,Medium,Moderate,No,No,56.3
STU02442,21,Male,26.5,84.1,63.2,97.9,6.5,Medium,Medium,Yes,No,Yes,High,Near,No,No,87.9
STU02443,21,Male,15.6,93.9,60.9,74.0,7.0,Medium,Low,Yes,Yes,Yes,Medium,Moderate,No,No,62.8
STU02444,17,Female,24.1,92.3,84.3,75.4,9.1,Medium,Medium,Yes,No,Yes,Low,Moderate,No,No,75.4
STU02445,16,Female,3.0,95.5,64.8,43.0,5.5,Medium,High,Yes,No,No,High,Moderate,No,No,67.7
STU02446,17,Male,15.4,90.9,59.9,70.2,6.8,Low,Medium,Yes,Yes,Yes,Medium,Far,Yes,No,57.4
STU02447,20,Other,19.4,91.0,71.8,63.6,4.0,High,High,Yes,No,No,Low,Near,No,No,73.0
STU02448,20,Female,15.9,61.6,69.1,80.4,,Low,Low,No,Yes,Yes,Medium,Moderate,Yes,No,51.5
STU02449,16,Female,,75.4,51.8,64.5,6.8,High,Low,No,Yes,Yes,High,Near,No,No,77.2
STU02450,19,Male,13.0,58.7,68.2,79.4,8.2,High,Medium,Yes,No,Yes,Medium,Far,No,No,67.2
STU02451,16,Male,,76.8,46.1,58.6,8.8,Low,High,Yes,Yes,Yes,Medium,Far,No,Yes,43.3
STU02452,18,Male,4.1,79.7,64.6,48.3,7.7,High,High,Yes,No,No,High,Near,No,No,63.8
STU02453,20,Male,20.7,83.8,60.2,78.4,7.2,Medium,Medium,Yes,No,No,Medium,Moderate,No,No,64.6
STU02454,15,Male,9.7,75.5,53.6,60.1,4.1,Low,Medium,Yes,No,Yes,Medium,Near,Yes,Yes,39.3
STU02455,15,Female,11.6,81.5,56.8,59.3,6.7,High,Medium,Yes,Yes,No,Low,Far,No,No,58.8
STU02456,19,Male,9.7,79.8,53.0,72.1,5.5,Medium,Medium,Yes,No,Yes,Low,Near,Yes,No,44.9
STU02457,18,Male,7.9,88.5,57.2,59.8,5.3,Medium,Low,Yes,No,No,Medium,Far,No,No,58.4
STU02458,17,Female,3.3,92.6,65.2,49.5,4.1,High,High,Yes,Yes,No,High,Near,No,No,72.2
STU02459,18,Male,27.3,87.1,60.9,96.4,6.7,Low,Medium,Yes,Yes,Yes,Low,Moderate,No,Yes,77.0
STU02460,15,Female,0.0,91.3,69.3,60.9,5.7,High,Medium,Yes,No,No,Medium,Far,No,No,65.7
STU02461,15,Female,20.5,86.9,57.7,65.4,5.8,Low,Low,Yes,No,No,Low,Far,No,Yes,57.1
STU02462,20,Female,23.7,96.9,66.6,74.6,5.4,Medium,Medium,Yes,No,Yes,Medium,Near,No,Yes,72.9
STU02463,18,Other,16.1,100.0,50.0,63.4,9.0,Low,High,Yes,No,No,Low,Moderate,No,No,50.3
STU02464,18,Male,13.6,60.5,81.4,94.7,5.4,Medium,Low,Yes,No,No,Low,Near,No,No,69.8
STU02465,15,Female,16.9,96.3,59.5,70.3,6.4,Medium,Low,Yes,No,No,Low,Moderate,No,No,63.0
STU02466,17,Female,11.8,72.1,51.7,64.6,6.7,Low,Medium,Yes,No,No,Medium,Near,No,No,51.3
STU02467,19,Female,22.9,86.9,75.0,72.6,6.6,Low,High,Yes,Yes,No,Medium,Near,No,No,75.1
STU02468,21,Female,24.0,87.6,67.0,67.7,9.6,High,High,No,Yes,Yes,Low,Moderate,No,No,75.4
STU02469,19,Female,19.3,91.1,41.2,85.6,4.0,Medium,Medium,Yes,No,Yes,High,Near,No,Yes,62.1
STU02470,18,Male,1.8,84.5,56.7,53.3,7.3,Medium,High,Yes,No,No,Low,Moderate,No,No,55.2
STU02471,19,Female,20.4,85.0,50.9,88.7,8.3,Medium,Medium,Yes,No,Yes,Medium,Near,No,No,63.6
STU02472,15,Male,25.3,88.4,61.0,79.4,7.4,Medium,Medium,Yes,Yes,Yes,High,Near,No,No,75.5
STU02473,15,Female,19.9,81.5,72.3,70.2,10.0,High,Low,Yes,No,Yes,Medium,Moderate,No,No,67.6
STU02474,18,Female,22.9,66.0,45.6,66.8,9.0,High,Medium,Yes,No,Yes,Medium,Near,No,No,63.1
STU02475,18,Male,9.2,85.0,50.0,56.6,5.9,High,Medium,No,No,Yes,Low,Near,No,No,54.6
STU02476,21,Male,11.2,77.5,63.0,63.6,6.7,High,Low,Yes,Yes,No,Medium,Moderate,No,No,69.4
STU02477,21,Male,25.5,76.7,69.8,87.1,8.1,Low,Medium,Yes,No,No,Medium,Moderate,No,No,72.0
STU02478,20,Female,20.3,75.7,72.5,79.5,6.8,Low,Medium,Yes,No,No,High,Moderate,No,No,75.8
STU02479,18,Female,13.0,65.3,89.5,68.2,6.8,Low,High,Yes,No,No,Low,Near,No,No,55.7
STU02480,17,Female,12.8,81.0,80.2,64.4,10.0,High,High,Yes,No,No,Medium,Near,No,No,69.9
STU02481,19,Female,15.2,85.0,49.9,75.8,8.5,Medium,Medium,Yes,No,Yes,Medium,Far,No,Yes,58.1
STU02482,18,Female,12.6,92.7,60.4,70.5,10.0,Low,Low,Yes,No,No,High,Far,No,No,56.8
STU02483,16,Male,15.0,79.1,49.4,78.6,6.9,Medium,Medium,No,No,Yes,Low,Near,No,No,58.6
STU02484,20,Male,40.0,100.0,55.5,100.0,7.2,High,Low,Yes,No,No,High,Moderate,No,No,92.7
STU02485,16,Female,9.4,90.8,67.2,83.5,7.5,Low,Medium,No,No,Yes,Medium,Near,No,No,59.9
STU02486,15,Male,0.7,73.8,62.1,46.5,8.0,Medium,Medium,Yes,No,No,Medium,Near,No,No,54.7
STU02487,21,Male,9.7,80.1,63.7,64.5,6.5,Low,Low,Yes,No,No,Low,Near,No,No,61.4
STU02488,19,Male,19.4,100.0,49.4,100.0,5.6,High,Medium,Yes,No,Yes,Medium,Moderate,No,No,76.4
STU02489,18,Male,19.8,92.6,49.3,70.4,5.8,Medium,,Yes,No,Yes,Medium,Near,No,No,59.8
STU02490,16,Female,6.4,79.7,66.6,72.7,6.8,Medium,High,Yes,No,No,Medium,Far,No,Yes,60.9
STU02491,19,Male,12.0,93.9,75.0,62.7,4.5,High,High,Yes,No,No,Low,Moderate,No,No,72.7
STU02492,15,Female,21.9,72.4,47.1,75.6,7.6,High,High,Yes,Yes,Yes,Low,Near,No,No,67.5
STU02493,21,Male,,79.5,51.8,66.1,4.0,Medium,Medium,Yes,No,No,High,Moderate,No,No,58.4
STU02494,17,Male,6.8,61.7,62.0,56.9,4.7,Medium,Medium,Yes,No,No,High,Near,No,No,53.6
STU02495,20,Male,8.5,91.0,70.1,70.6,8.8,High,Medium,Yes,No,No,Medium,Moderate,No,No,76.8
STU02496,19,Female,26.3,73.3,70.4,89.4,7.1,Medium,Medium,Yes,No,No,Low,Near,No,No,71.3
STU02497,19,Female,11.4,84.2,55.7,54.9,7.6,High,Low,Yes,No,No,Medium,Near,No,Yes,57.9
STU02498,17,Female,15.4,69.5,49.5,70.4,7.5,High,High,Yes,No,Yes,Medium,Near,No,No,61.3
STU02499,19,Female,2.2,87.0,44.6,63.8,9.9,High,Medium,Yes,No,Yes,High,Near,No,No,54.8
STU02500,15,Female,13.1,84.3,57.2,47.4,8.8,Low,Low,Yes,Yes,No,Medium,Near,No,Yes,54.2
STU02501,15,Female,37.6,70.3,52.2,96.1,9.5,Medium,High,Yes,No,No,High,Near,No,No,73.5
STU02502,17,Female,29.3,80.2,53.9,87.7,6.2,Medium,Medium,Yes,No,No,High,Far,Yes,No,68.7
STU02503,20,Female,17.0,86.3,64.6,79.4,6.8,High,High,Yes,No,No,High,Near,No,No,73.1
STU02504,18,Male,27.9,89.5,55.1,87.4,4.8,Medium,Medium,Yes,Yes,No,Low,Near,No,No,79.6
STU02505,16,Female,19.8,100.0,40.2,76.4,8.4,Medium,Low,Yes,No,No,Low,Far,No,No,59.9
STU02506,18,Female,33.6,97.2,70.0,87.2,8.1,Medium,Medium,Yes,No,Yes,Medium,Moderate,No,No,82.5
STU02507,19,Female,20.3,78.0,47.8,76.8,5.9,High,Medium,Yes,No,No,Medium,Moderate,Yes,No,60.8
STU02508,16,Male,25.7,77.9,66.8,83.8,6.2,Medium,High,Yes,Yes,No,Low,Near,No,No,74.2
STU02509,17,Female,0.0,70.7,67.1,66.8,7.7,High,Medium,Yes,No,No,Low,Moderate,No,No,58.8
STU02510,17,Female,18.1,74.9,59.2,63.8,6.7,High,Medium,Yes,Yes,No,Medium,Near,No,No,76.0
STU02511,20,Male,10.1,93.6,64.1,51.2,6.0,Low,High,Yes,No,Yes,Medium,Moderate,No,No,56.7
STU02512,16,Female,19.5,69.1,66.5,67.2,6.4,Medium,High,No,No,No,Medium,Far,No,No,62.2
STU02513,15,Male,19.2,83.5,37.2,69.4,6.4,Medium,Low,Yes,No,Yes,Medium,Moderate,No,No,53.0
STU02514,16,Male,26.1,82.0,49.1,83.6,,Medium,Medium,Yes,No,Yes,Medium,Near,No,No,68.2
STU02515,19,Male,23.4,77.4,62.8,89.0,6.7,Medium,Low,Yes,No,Yes,Medium,Moderate,No,No,65.7
STU02516,15,Male,3.7,72.0,49.7,56.4,4.0,Medium,Low,Yes,Yes,Yes,Low,Moderate,No,No,49.5
STU02517,21,Female,0.2,66.1,65.4,44.9,6.9,Low,High,Yes,Yes,No,Medium,Moderate,No,No,53.9
STU02518,21,Male,13.4,72.1,52.5,52.7,5.9,High,High,Yes,Yes,No,Medium,Moderate,No,Yes,65.4
STU02519,21,Male,21.0,84.2,47.7,75.3,8.0,Medium,Medium,Yes,No,Yes,Low,Moderate,No,No,59.8
STU02520,17,Male,20.1,91.0,82.0,87.3,7.2,Medium,High,No,Yes,Yes,Medium,Moderate,No,Yes,75.1
STU02521,16,Male,15.5,100.0,56.0,64.8,6.0,Medium,Low,Yes,Yes,Yes,Medium,Far,No,No,66.8
STU02522,21,Male,19.9,88.3,59.1,74.4,6.0,Medium,Medium,Yes,Yes,No,Medium,Far,No,No,75.4
STU02523,18,Female,21.6,90.9,63.5,87.0,7.3,High,Low,Yes,No,No,Medium,Near,No,No,80.8
STU02524,20,Male,15.5,100.0,64.0,52.8,6.9,Medium,High,Yes,No,No,Medium,Moderate,Yes,No,60.1
STU02525,18,Female,20.0,88.4,68.6,72.9,6.5,High,High,Yes,No,Yes,Medium,Near,No,Yes,78.5
STU02526,21,Female,20.7,94.8,49.7,80.1,6.8,Medium,Medium,Yes,No,No,High,Moderate,No,Yes,68.8
STU02527,20,Male,14.7,81.2,72.2,64.4,7.6,High,High,Yes,No,No,Low,Near,No,No,70.9
STU02528,19,Female,26.8,92.2,64.9,83.4,4.5,High,High,Yes,No,Yes,High,Moderate,No,No,83.8
STU02529,18,Male,5.4,87.1,51.8,59.9,9.1,Medium,Low,No,No,No,Medium,Moderate,No,No,47.8
STU02530,16,Male,28.2,82.6,61.9,87.9,6.3,Medium,Medium,Yes,No,Yes,Low,Near,No,No,70.3
STU02531,16,Male,23.4,100.0,68.7,93.4,8.7,Low,Low,No,No,Yes,Low,Far,No,No,73.6
STU02532,18,Male,32.3,73.0,60.5,86.6,10.0,High,Medium,Yes,No,Yes,Medium,Moderate,No,No,73.7
STU02533,21,Female,2.8,76.4,60.5,56.9,7.8,High,Medium,Yes,No,Yes,Medium,Near,No,No,53.4
STU02534,16,Female,12.2,96.8,64.7,64.6,4.1,Medium,Medium,Yes,No,No,Low,Moderate,No,No,55.0
STU02535,19,Male,18.9,94.7,72.4,91.0,5.3,Medium,High,Yes,No,No,Low,Far,No,No,74.4
STU02536,15,Female,17.1,85.1,50.1,72.8,7.6,High,Medium,Yes,No,No,Medium,Near,No,No,72.5
STU02537,21,Male,11.5,88.4,58.8,69.8,6.0,Medium,High,No,No,Yes,Low,Moderate,Yes,No,59.4
STU02538,19,Female,17.5,90.2,69.4,77.0,9.2,Medium,Medium,Yes,Yes,No,High,Moderate,No,No,74.7
STU02539,20,Male,25.0,88.7,63.3,73.6,5.9,Low,Low,Yes,No,No,Medium,Far,No,No,58.6
STU02540,19,Male,16.1,87.4,52.1,73.5,7.8,High,Medium,Yes,No,Yes,Medium,Moderate,No,Yes,76.5
STU02541,21,Male,4.1,76.6,66.9,65.5,6.8,High,Medium,Yes,No,No,Medium,Moderate,Yes,Yes,65.9
STU02542,20,Male,31.4,97.4,55.6,64.7,7.1,Medium,Low,Yes,No,No,Low,Far,No,No,69.7
STU02543,21,Female,7.3,83.0,61.5,51.0,8.0,Low,Low,Yes,Yes,No,High,Far,No,Yes,57.8
STU02544,16,Female,5.3,75.1,74.1,71.9,4.0,Low,Medium,Yes,No,Yes,Low,Moderate,No,No,51.0
STU02545,15,Male,9.2,86.3,70.5,40.4,6.9,Medium,High,Yes,No,Yes,Medium,Near,No,No,59.2
STU02546,21,Female,10.1,88.4,56.6,77.5,8.4,Low,Medium,Yes,No,No,Medium,Near,No,No,58.5
STU02547,21,Female,17.2,89.0,67.7,66.4,5.2,Medium,Low,Yes,No,No,Low,Moderate,Yes,Yes,64.0
STU02548,16,Female,35.9,94.7,35.2,95.2,8.0,High,Medium,Yes,No,No,Medium,Moderate,No,Yes,81.1
STU02549,17,Male,7.8,81.2,60.3,67.4,6.7,Low,High,Yes,No,No,High,Near,No,No,55.9
STU02550,16,Male,23.8,84.3,72.4,83.5,6.0,Medium,Medium,Yes,No,No,Medium,Near,No,No,80.2
STU02551,20,Female,30.6,76.6,55.9,86.9,6.6,Medium,Low,No,Yes,No,High,Moderate,No,No,74.1
STU02552,16,Female,11.6,87.3,57.5,60.9,9.1,Low,Medium,Yes,No,No,High,Near,No,No,58.7
STU02553,16,Male,14.2,76.4,82.8,62.8,7.3,Medium,High,Yes,Yes,No,Medium,Near,No,No,67.0
STU02554,15,Male,17.4,79.1,38.0,55.2,5.1,Medium,Medium,Yes,Yes,No,Medium,Near,No,No,51.6
STU02555,16,Male,11.3,94.8,50.9,71.8,7.4,Medium,Medium,Yes,No,Yes,Medium,Moderate,No,No,63.5
STU02556,21,Female,0.5,86.4,70.2,57.9,7.1,Low,Low,Yes,No,Yes,Medium,Moderate,No,No,50.0
STU02557,15,Female,25.8,99.2,66.3,72.9,8.7,Medium,,Yes,No,Yes,Low,Near,No,No,69.6
STU02558,18,Male,16.3,96.8,64.9,67.6,6.9,Medium,Low,Yes,Yes,No,High,Near,No,No,79.1
STU02559,17,Female,10.5,87.2,56.4,47.5,8.6,Medium,Low,Yes,Yes,No,Medium,Moderate,No,No,54.5
STU02560,15,Female,14.7,88.5,45.2,75.0,7.1,Low,Low,Yes,No,No,Medium,Moderate,No,No,56.4
STU02561,20,Female,12.5,82.6,50.8,61.5,7.6,Medium,Medium,Yes,Yes,Yes,Medium,Moderate,No,Yes,67.3
STU02562,18,Female,19.7,95.4,77.4,66.5,5.9,Medium,Medium,Yes,Yes,No,Medium,Near,No,Yes,81.9
STU02563,15,Female,7.8,88.6,45.1,67.8,7.9,Medium,Medium,Yes,No,No,High,Moderate,No,Yes,67.1
STU02564,15,Male,12.0,94.1,67.2,66.0,10.0,Medium,Medium,Yes,Yes,No,Medium,Far,No,No,68.3
STU02565,17,Female,16.2,78.5,56.7,76.2,9.6,Low,High,No,Yes,No,Low,Near,No,No,57.7
STU02566,21,Male,0.0,71.4,48.5,42.6,5.3,Medium,Low,Yes,No,No,Low,Moderate,No,No,41.0
STU02567,20,Male,13.0,90.0,48.8,49.3,4.4,Medium,Low,Yes,Yes,No,High,Near,No,No,60.8
STU02568,19,Male,9.5,92.0,53.3,54.1,7.6,Low,Medium,Yes,No,Yes,Medium,Near,No,Yes,54.7
STU02569,19,Male,19.9,85.8,52.4,72.2,6.6,Low,High,Yes,No,No,High,Near,No,No,57.2
STU02570,15,Male,17.0,90.8,59.0,70.9,5.7,Medium,Low,Yes,Yes,No,Low,Moderate,No,Yes,67.8
STU02571,16,Male,25.1,76.5,70.1,73.0,10.0,Medium,Low,Yes,No,No,Low,Near,Yes,Yes,72.8
STU02572,20,Female,0.0,94.4,50.0,43.9,10.0,High,Low,Yes,No,Yes,Low,Near,No,No,52.5
STU02573,18,Male,10.1,96.7,47.6,72.0,4.3,High,Medium,Yes,Yes,No,Medium,Near,No,No,62.7
STU02574,16,Female,16.6,95.2,43.2,67.4,5.8,High,Medium,Yes,Yes,Yes,Medium,Near,No,No,70.8
STU02575,16,Male,25.3,86.2,44.5,100.0,5.1,Medium,High,Yes,No,No,Low,Moderate,No,No,57.8
STU02576,20,Female,6.1,96.9,41.6,54.0,5.8,Medium,High,Yes,No,No,Medium,Near,No,No,52.4
STU02577,21,Female,8.6,73.6,58.3,61.5,8.7,Low,Medium,Yes,Yes,Yes,Medium,Near,No,Yes,46.1
STU02578,15,Male,25.5,90.7,77.8,87.1,7.4,Medium,Medium,Yes,No,No,Low,Moderate,No,No,75.5
STU02579,15,Female,33.4,92.2,60.4,86.0,8.2,Medium,Medium,Yes,No,No,Medium,Moderate,No,No,75.6
STU02580,15,Female,28.6,90.0,48.6,62.6,9.0,High,Low,Yes,No,No,Medium,Moderate,No,No,66.2
STU02581,15,Female,28.7,75.6,56.9,98.6,7.5,Medium,Medium,No,No,No,Low,Near,No,No,73.0
STU02582,19,Female,18.4,87.3,43.0,70.7,5.6,High,Medium,Yes,Yes,Yes,Low,Moderate,No,No,62.8
STU02583,15,Female,16.1,82.4,80.1,66.1,7.8,Medium,Low,Yes,No,No,Medium,Near,No,No,66.8
STU02584,19,Female,30.2,65.4,42.7,85.1,6.8,Medium,Low,Yes,Yes,Yes,Medium,Near,No,Yes,66.3
STU02585,19,Male,12.4,73.2,62.7,73.6,6.7,Medium,Low,No,Yes,No,High,Moderate,No,No,65.3
STU02586,21,Male,6.9,96.6,57.4,62.6,5.8,Medium,High,Yes,Yes,No,Medium,Far,No,No,63.4
STU02587,15,Female,17.3,81.0,70.1,59.3,8.4,Low,Medium,Yes,Yes,Yes,Low,Moderate,No,No,61.0
STU02588,17,Male,12.1,95.6,41.4,64.6,7.8,Medium,Medium,Yes,Yes,No,High,Near,No,No,68.1
STU02589,18,Female,8.9,96.4,78.9,60.7,8.3,Low,Medium,No,No,No,High,Far,Yes,No,59.6
STU02590,16,Male,21.8,90.5,50.0,68.2,5.6,High,Low,Yes,No,No,Medium,Near,No,No,66.6
STU02591,19,Female,13.0,78.9,60.4,53.5,8.6,High,Medium,Yes,No,Yes,High,Far,No,Yes,70.3
STU02592,20,Other,16.5,94.4,58.3,60.6,7.5,High,Low,Yes,No,No,Medium,Near,No,No,79.9
STU02593,20,Male,19.3,87.1,80.9,67.8,8.4,High,High,Yes,No,No,Medium,Near,Yes,No,73.6
STU02594,18,Male,0.9,85.4,53.0,42.3,5.8,Medium,High,Yes,No,Yes,Medium,Moderate,No,No,40.1
STU02595,20,Female,,75.9,54.7,87.0,7.2,High,Medium,Yes,No,No,Medium,Far,No,No,74.1
STU02596,17,Female,33.4,80.0,50.2,100.0,8.7,Medium,High,Yes,Yes,No,Low,Far,Yes,No,76.0
STU02597,20,Male,25.2,76.0,41.6,81.9,7.9,Medium,Medium,Yes,No,No,High,Moderate,Yes,No,58.7
STU02598,16,Male,0.0,94.6,71.4,47.4,6.8,Medium,Medium,Yes,Yes,No,High,Moderate,No,No,66.4
STU02599,16,Female,16.8,100.0,62.4,58.2,7.8,Low,Medium,Yes,No,No,Medium,Moderate,No,No,56.8
STU02600,19,Female,0.1,94.2,46.9,44.0,5.6,High,High,No,No,Yes,Medium,Moderate,No,Yes,50.5
STU02601,15,Male,24.5,87.0,68.6,84.2,8.0,Low,High,Yes,Yes,Yes,Low,Far,No,No,69.6
STU02602,21,Male,24.6,81.9,56.3,90.7,8.4,High,Medium,Yes,Yes,No,Low,Near,No,No,82.5
STU02603,17,Female,18.0,89.8,51.5,62.0,7.7,High,High,Yes,No,No,Low,Near,No,No,62.9
STU02604,19,Male,0.0,80.8,69.4,60.9,6.9,Medium,Medium,Yes,No,No,Medium,Far,No,Yes,51.6
STU02605,17,Male,15.1,84.7,46.9,59.6,7.5,Low,High,Yes,No,No,High,Far,No,No,57.4
STU02606,15,Female,6.0,76.8,46.9,66.6,6.9,Medium,Medium,Yes,Yes,Yes,Low,Near,No,Yes,52.7
STU02607,20,Male,16.1,91.5,62.1,58.6,,Low,High,No,Yes,Yes,Low,Near,No,Yes,53.1
STU02608,20,Female,14.9,92.0,60.1,74.7,8.2,Low,Medium,Yes,No,Yes,Medium,Far,No,No,65.2
STU02609,21,Male,23.3,94.1,66.3,71.0,9.4,High,Medium,No,Yes,Yes,Low,Moderate,No,No,74.4
STU02610,15,Female,13.7,90.6,48.9,87.9,7.3,Medium,Low,Yes,No,No,High,Moderate,No,No,72.1
STU02611,19,Female,28.4,89.9,72.5,87.1,6.2,Low,Low,Yes,No,No,Medium,Near,No,No,72.5
STU02612,21,Male,18.2,74.6,61.3,60.6,5.6,Low,Medium,No,No,Yes,Low,Far,No,No,49.4
STU02613,15,Female,10.8,74.1,70.8,62.4,6.0,High,Medium,Yes,No,No,Low,Near,No,No,66.8
STU02614,18,Male,14.3,88.3,74.2,71.2,10.0,Medium,High,Yes,No,No,Low,Near,No,No,68.4
STU02615,16,Female,25.3,96.0,75.0,78.0,9.4,High,Low,Yes,No,No,Medium,Near,No,No,78.4
STU02616,21,Female,26.4,82.3,59.5,83.8,8.4,Medium,High,No,Yes,No,Low,Far,No,No,70.5
STU02617,21,Male,0.0,85.1,65.9,37.8,8.9,Medium,Medium,Yes,Yes,Yes,Medium,Moderate,No,No,66.7
STU02618,19,Male,5.4,85.2,64.5,54.5,6.2,Medium,Low,Yes,No,No,Medium,Moderate,No,No,64.5
STU02619,17,Male,10.0,66.6,50.3,46.4,8.6,Medium,Medium,Yes,No,No,Low,Near,No,No,48.9
STU02620,18,Female,26.3,87.4,86.3,78.8,8.7,Low,Medium,Yes,No,Yes,Low,Far,No,No,84.1
STU02621,19,Male,25.1,79.5,62.0,100.0,6.9,High,Medium,Yes,Yes,Yes,Medium,Moderate,No,No,85.3
STU02622,15,Male,23.0,91.1,70.7,80.0,5.2,High,High,Yes,No,Yes,Medium,Moderate,No,No,75.5
STU02623,15,Male,24.1,84.7,62.2,67.5,4.8,Low,High,No,No,No,High,Far,No,Yes,66.7
STU02624,15,Male,28.7,83.2,60.3,81.0,7.6,Low,Low,Yes,Yes,No,Low,Near,No,No,65.2
STU02625,15,Female,19.5,83.4,59.3,68.8,6.3,High,Low,Yes,Yes,No,Low,Moderate,No,No,68.5
STU02626,17,Male,23.7,81.7,58.7,95.9,7.5,High,Medium,No,No,No,Low,Far,No,No,74.4
STU02627,18,Female,18.5,71.4,54.1,61.2,6.6,Medium,High,Yes,No,No,Medium,Moderate,No,No,64.7
STU02628,20,Male,23.4,94.5,67.0,74.4,5.3,Medium,Medium,No,No,Yes,Medium,Moderate,No,No,74.1
STU02629,16,Male,11.1,78.7,43.9,52.8,9.7,Medium,Medium,Yes,No,No,High,Near,No,No,46.9
STU02630,17,Female,,80.3,69.3,72.3,5.4,Medium,High,Yes,Yes,No,Medium,Moderate,No,No,62.1
STU02631,17,Other,9.7,85.8,62.3,43.6,6.0,Medium,High,Yes,No,No,Low,Moderate,No,No,49.8
STU02632,20,Female,12.8,73.8,49.1,55.3,7.0,High,Medium,Yes,No,Yes,Medium,Near,No,No,59.1
STU02633,20,Male,21.5,80.0,42.1,78.1,7.2,Low,Medium,Yes,Yes,Yes,High,Far,No,No,64.6
STU02634,16,Male,28.2,100.0,57.7,95.7,4.6,Medium,Low,No,No,No,Medium,Near,No,No,70.7
STU02635,16,Female,10.2,88.4,53.8,72.3,8.2,Medium,High,Yes,Yes,No,Medium,Near,No,No,62.4
STU02636,20,Male,35.2,76.4,51.3,100.0,8.0,High,Medium,Yes,No,Yes,High,Moderate,No,No,80.8
STU02637,15,Male,13.2,64.2,67.9,68.4,10.0,High,Medium,Yes,No,No,Medium,Moderate,No,No,70.4
STU02638,17,Female,15.2,95.0,64.8,69.4,7.4,High,Medium,Yes,No,No,Medium,Near,No,Yes,71.1
STU02639,19,Female,17.3,74.9,64.1,83.7,6.9,High,Low,Yes,No,No,Low,Near,No,Yes,65.2
STU02640,16,Other,10.0,79.6,53.2,75.2,5.6,High,Medium,Yes,No,No,Medium,Near,No,Yes,71.5
STU02641,16,Female,11.0,80.8,51.6,59.6,5.1,High,Medium,Yes,No,Yes,Low,Near,No,No,56.5
STU02642,20,Female,12.6,75.9,41.0,61.8,6.7,Medium,High,Yes,No,No,Medium,Near,No,No,53.4
STU02643,18,Male,5.6,84.2,59.7,43.0,5.0,Medium,High,Yes,No,No,Low,Near,No,No,46.3
STU02644,19,Male,8.4,79.5,62.9,62.5,8.2,High,Medium,Yes,Yes,No,High,Near,No,No,72.3
STU02645,19,Female,14.4,91.1,47.2,69.9,6.4,High,Low,Yes,No,No,High,Moderate,No,No,63.8
STU02646,16,Female,11.7,86.4,50.8,52.0,8.8,Medium,High,Yes,No,No,Medium,Far,No,No,50.8
STU02647,15,Male,9.8,99.3,64.0,67.1,7.4,Medium,Medium,Yes,Yes,No,Low,Moderate,Yes,No,59.8
STU02648,18,Male,23.2,99.5,54.4,67.6,7.5,Medium,Low,Yes,Yes,Yes,Low,Moderate,Yes,No,61.8
STU02649,19,Male,1.0,75.5,47.8,49.2,5.5,Medium,Low,Yes,No,Yes,Medium,Near,Yes,No,43.2
STU02650,16,Female,19.7,81.7,82.9,84.7,8.0,Low,High,No,No,No,Medium,Moderate,No,No,70.4
STU02651,19,Male,16.2,100.0,72.0,82.8,7.7,Medium,High,Yes,Yes,No,Medium,Moderate,No,No,84.8
STU02652,21,Male,17.3,73.4,47.9,60.1,4.1,Medium,Low,Yes,Yes,No,Medium,Moderate,Yes,No,52.6
STU02653,18,Female,5.2,93.0,49.1,50.1,8.9,High,Low,Yes,Yes,No,Medium,Near,No,No,71.8
STU02654,18,Female,10.6,90.5,60.7,72.2,8.3,High,High,Yes,No,No,Medium,Near,No,No,66.9
STU02655,21,Male,18.1,76.5,63.9,77.6,5.8,Medium,Low,Yes,No,No,Medium,Moderate,No,No,63.4
STU02656,17,Female,10.7,77.0,50.2,69.6,8.4,High,Medium,Yes,No,No,Medium,Moderate,No,No,63.7
STU02657,21,Female,2.7,100.0,46.5,24.6,6.4,Medium,Medium,Yes,No,Yes,Medium,Far,No,Yes,48.5
STU02658,20,Male,12.8,100.0,50.5,53.7,6.0,Medium,Low,Yes,Yes,No,Low,Near,No,No,58.8
STU02659,20,Male,13.5,89.3,66.8,71.4,7.5,High,Medium,Yes,No,Yes,Low,Near,Yes,No,67.9
STU02660,16,Male,20.8,71.1,68.0,90.2,8.5,High,High,Yes,No,Yes,Medium,Moderate,No,No,71.6
STU02661,18,Male,24.1,97.6,82.8,72.7,9.3,Low,Medium,Yes,Yes,Yes,Low,Far,No,No,78.2
STU02662,17,Female,16.1,71.1,45.7,69.2,9.6,High,Medium,No,No,No,Medium,Near,Yes,No,47.2
STU02663,17,Male,18.5,92.2,46.1,61.0,,High,High,Yes,No,No,Medium,Moderate,No,No,60.6
STU02664,19,Female,23.4,68.8,58.7,93.9,4.4,Medium,High,Yes,No,Yes,High,Near,Yes,No,58.9
STU02665,19,Male,13.5,85.1,65.9,55.7,6.4,Medium,Low,Yes,No,No,Medium,Moderate,No,No,59.9
STU02666,21,Male,19.3,93.8,63.4,81.9,5.6,High,Medium,Yes,No,No,Low,Moderate,No,No,69.9
STU02667,17,Female,3.6,56.7,61.1,44.5,10.0,High,Medium,Yes,Yes,Yes,Low,Far,No,No,54.8
STU02668,21,Male,10.5,79.7,75.9,39.1,7.4,Medium,Medium,Yes,No,No,High,Near,No,No,72.2
STU02669,21,Male,28.7,86.5,45.8,88.2,6.7,Low,Medium,Yes,No,Yes,Low,Near,No,Yes,56.2
STU02670,19,Male,23.2,81.6,56.5,76.9,6.2,High,Medium,Yes,Yes,Yes,Medium,Moderate,No,No,78.9
STU02671,18,Male,21.7,78.3,46.6,81.9,7.3,Low,Medium,Yes,No,Yes,Medium,Near,No,Yes,63.0
STU02672,21,Female,7.9,83.7,55.0,61.5,4.0,Medium,Low,Yes,No,No,Medium,Moderate,No,No,51.7
STU02673,15,Male,2.8,95.4,60.7,43.0,8.4,Low,Low,Yes,No,Yes,Medium,Moderate,No,No,45.3
STU02674,18,Female,7.3,98.7,59.3,56.1,9.1,Medium,Medium,Yes,No,No,Medium,Near,No,Yes,55.2
STU02675,17,Female,15.8,92.1,86.8,80.4,4.4,Low,High,Yes,No,Yes,High,Far,No,No,76.0
STU02676,17,Male,19.2,100.0,79.4,80.6,7.9,Medium,Medium,Yes,Yes,No,Low,Near,No,No,79.4
STU02677,21,Male,27.7,79.7,38.3,88.8,7.7,Medium,Low,No,Yes,Yes,High,Far,No,No,68.9
STU02678,18,Female,5.4,91.0,66.6,77.3,7.8,Low,Medium,Yes,No,Yes,Medium,Far,No,Yes,53.8
STU02679,19,Female,10.5,74.8,68.2,68.2,7.8,Medium,Medium,Yes,Yes,No,High,Moderate,No,No,72.5
STU02680,19,Male,28.1,100.0,56.4,93.3,5.4,Medium,High,Yes,No,Yes,Low,Near,No,Yes,77.2
STU02681,20,Female,2.3,86.0,73.8,37.5,6.8,Medium,High,No,No,No,Low,Far,No,No,48.5
STU02682,17,Male,16.8,93.0,60.7,80.0,,High,Medium,Yes,No,Yes,High,Moderate,No,Yes,74.7
STU02683,16,Female,0.0,67.4,55.3,53.7,4.5,Medium,Low,Yes,No,No,High,Near,No,Yes,41.9
STU02684,20,Male,12.2,92.8,78.0,71.9,7.2,High,High,Yes,No,Yes,Medium,Near,No,No,76.5
STU02685,19,Female,30.7,86.1,64.7,89.1,7.9,Medium,High,Yes,No,No,Medium,Near,Yes,No,73.1
STU02686,18,Female,19.4,89.6,56.6,81.7,6.5,High,High,Yes,No,No,High,Far,No,Yes,76.7
STU02687,19,Male,25.6,85.1,51.3,83.2,7.7,High,Low,Yes,No,No,Low,Far,No,No,77.1
STU02688,18,Male,19.4,83.8,57.6,75.2,7.1,High,Medium,No,No,Yes,Medium,Far,No,No,73.5
STU02689,20,Male,19.2,81.9,66.9,90.9,6.7,Medium,Low,Yes,Yes,No,High,Moderate,No,No,81.7
STU02690,17,Other,1.9,84.1,65.2,55.8,,Medium,Low,Yes,No,No,Medium,Moderate,No,Yes,50.0
STU02691,19,Male,31.5,99.7,52.4,100.0,8.9,Low,Low,No,Yes,No,Medium,Near,No,No,75.5
STU02692,21,Male,28.0,81.3,61.9,89.4,6.8,High,High,Yes,No,Yes,Medium,Near,No,Yes,74.5
STU02693,18,Female,9.0,100.0,57.5,75.0,5.7,Medium,Low,Yes,Yes,Yes,Medium,Near,Yes,No,60.4
STU02694,17,Female,27.3,85.6,59.4,83.8,5.1,High,,Yes,No,No,Low,Moderate,No,No,74.8
STU02695,16,Female,23.5,99.0,69.6,72.5,4.7,Low,High,No,No,No,High,Far,No,Yes,66.2
STU02696,18,Female,20.2,96.4,64.0,68.7,4.8,Medium,Low,No,No,No,Medium,Far,No,No,70.9
STU02697,20,Male,16.7,69.4,67.0,67.4,,Low,High,Yes,Yes,No,High,Near,No,No,64.6
STU02698,16,Female,14.2,71.5,71.2,46.9,6.8,Medium,Medium,Yes,No,No,High,Moderate,No,No,64.8
STU02699,16,Male,28.9,78.2,51.9,75.7,6.5,Low,Medium,No,Yes,Yes,Low,Moderate,No,No,67.1
STU02700,15,Male,16.1,69.6,68.4,79.9,5.7,Medium,Medium,No,No,No,Low,Moderate,No,No,57.3
STU02701,19,Female,18.8,80.9,55.1,81.7,6.2,Medium,Low,Yes,No,No,Medium,Moderate,No,No,63.8
STU02702,18,Female,28.3,85.3,45.0,87.7,8.0,High,Medium,No,No,Yes,Medium,Near,No,Yes,75.5
STU02703,16,Male,24.3,91.5,54.7,99.1,8.5,Medium,Medium,Yes,No,Yes,Medium,Far,No,Yes,75.6
STU02704,15,Female,5.1,86.8,46.1,49.5,9.5,Medium,Medium,Yes,Yes,No,Medium,Moderate,No,No,52.4
STU02705,20,Male,10.3,85.1,76.0,67.1,7.1,Low,Medium,Yes,No,No,Medium,Moderate,No,No,57.1
STU02706,17,Male,8.4,95.2,78.0,67.4,9.0,High,Medium,Yes,Yes,No,Low,Near,No,No,74.6
STU02707,21,Female,18.6,93.9,76.2,70.0,7.2,Medium,Medium,Yes,Yes,Yes,Medium,Near,No,No,74.3
STU02708,21,Male,11.1,100.0,42.5,59.0,9.2,Medium,Medium,No,No,No,Medium,Near,No,No,55.2
STU02709,18,Male,11.9,86.9,48.1,63.9,7.9,Medium,Medium,Yes,No,No,Medium,Moderate,No,No,58.0
STU02710,16,Female,13.1,60.9,73.5,61.4,7.1,Medium,Medium,Yes,No,No,Low,Far,No,No,53.7
STU02711,21,Other,18.0,89.3,56.6,93.8,4.0,High,Medium,Yes,No,No,Medium,Moderate,Yes,Yes,61.7
STU02712,19,Male,12.9,100.0,49.0,64.5,6.8,High,Medium,Yes,No,No,Low,Moderate,No,No,61.0
STU02713,21,Female,22.7,95.3,61.0,82.5,5.8,Low,Medium,Yes,No,No,Medium,Moderate,No,No,61.3
STU02714,21,Female,6.3,97.6,55.6,53.8,6.5,Low,High,Yes,Yes,Yes,Medium,Near,No,No,53.8
STU02715,21,Female,3.2,85.9,69.4,73.4,8.9,Medium,Medium,Yes,Yes,No,Low,Moderate,No,No,66.3
STU02716,15,Female,9.8,94.1,57.5,62.2,7.6,High,Medium,Yes,Yes,No,Medium,Moderate,No,No,67.2
STU02717,16,Male,6.9,98.1,62.3,45.5,8.5,Medium,Medium,Yes,Yes,No,Medium,Near,No,Yes,65.5
STU02718,19,Male,15.4,81.7,65.5,60.1,7.9,Low,Low,Yes,No,Yes,Low,Near,Yes,Yes,53.6
STU02719,16,Male,11.8,80.0,70.8,73.2,5.6,Medium,Medium,No,No,No,Low,Moderate,No,No,61.2
STU02720,18,Female,4.6,89.5,61.3,57.5,9.9,Medium,High,Yes,No,No,High,Near,No,No,52.3
STU02721,18,Female,4.5,94.7,72.7,65.2,6.7,Medium,Medium,Yes,Yes,Yes,Medium,Far,Yes,No,66.9
STU02722,18,Female,16.5,57.4,73.7,80.5,8.6,High,Low,Yes,No,No,High,Moderate,No,No,80.0
STU02723,20,Other,22.2,83.1,70.1,74.3,9.4,Medium,Medium,Yes,No,No,Medium,Near,No,No,69.3
STU02724,21,Male,9.4,65.5,52.1,61.2,5.0,Medium,Medium,Yes,No,No,Medium,Near,Yes,No,41.7
STU02725,20,Male,14.3,83.8,56.2,63.8,6.9,High,Medium,Yes,No,No,Medium,Far,No,No,66.4
STU02726,15,Male,9.9,100.0,70.5,66.7,8.0,Medium,Low,Yes,No,No,Medium,Moderate,No,No,67.6
STU02727,18,Male,13.8,78.8,66.4,52.7,6.6,Low,Medium,Yes,No,No,Low,Moderate,Yes,No,46.4
STU02728,19,Male,29.1,82.1,60.6,83.7,,Medium,High,Yes,Yes,Yes,Medium,Near,No,No,84.6
STU02729,16,Male,35.0,91.6,81.7,88.0,7.4,High,High,Yes,No,No,Medium,Far,No,No,97.9
STU02730,21,Female,11.4,94.9,40.4,65.1,7.9,Low,Medium,Yes,No,No,Low,Moderate,No,No,50.8
STU02731,17,Female,10.9,94.6,49.1,60.1,9.8,High,High,Yes,No,No,Low,Moderate,No,Yes,59.7
STU02732,19,Female,,85.4,76.2,76.9,4.9,High,High,Yes,No,Yes,Low,Far,Yes,No,61.7
STU02733,21,Female,16.0,90.7,69.4,81.7,6.3,Medium,Medium,Yes,No,Yes,Medium,Near,No,No,70.0
STU02734,20,Male,20.4,90.3,68.7,88.6,5.6,High,High,Yes,No,Yes,Medium,Moderate,No,No,76.5
STU02735,20,Female,14.0,78.0,54.4,63.8,7.6,Medium,Low,No,Yes,No,High,Near,No,No,68.2
STU02736,19,Female,13.5,67.5,47.5,77.1,9.5,Medium,High,No,Yes,Yes,Low,Moderate,No,Yes,49.7
STU02737,20,Female,18.5,76.0,51.2,49.0,5.4,Low,High,No,No,No,Low,Near,No,No,46.4
STU02738,18,Male,16.9,99.4,52.1,76.2,4.9,Medium,Low,Yes,No,No,Medium,Far,No,No,60.3
STU02739,15,Male,11.1,100.0,52.8,50.3,7.3,Medium,Medium,Yes,No,Yes,High,Near,No,Yes,63.5
STU02740,16,Male,16.0,84.1,44.5,79.9,9.0,Medium,Medium,Yes,No,Yes,Low,Moderate,No,No,54.8
STU02741,15,Female,16.0,99.0,70.4,82.1,5.8,Medium,Low,Yes,No,No,Medium,Far,No,Yes,73.7
STU02742,21,Female,0.0,82.0,57.7,57.2,5.5,Medium,Medium,Yes,No,No,Medium,Far,No,Yes,51.5
STU02743,16,Female,14.5,88.5,45.2,64.4,9.4,Medium,Medium,Yes,Yes,Yes,Low,Moderate,No,No,59.9
STU02744,16,Male,22.2,78.9,51.6,67.1,6.7,High,Medium,Yes,No,No,Medium,Moderate,No,No,72.0
STU02745,15,Female,11.5,95.1,60.3,64.5,8.0,High,Medium,Yes,Yes,No,Low,Near,No,No,73.9
STU02746,19,Female,9.0,78.6,58.2,59.4,9.1,High,Medium,Yes,No,Yes,High,Near,No,Yes,67.7
STU02747,16,Male,9.1,76.1,60.0,61.4,7.8,Low,Medium,Yes,No,Yes,Medium,Moderate,No,No,59.5
STU02748,15,Male,17.6,85.5,64.8,73.5,7.1,Low,Low,No,No,No,Medium,Near,No,Yes,60.3
STU02749,16,Female,7.1,93.2,58.0,70.2,5.5,Medium,High,Yes,No,No,Medium,Near,No,No,59.4
STU02750,17,Male,16.9,86.6,59.1,63.4,6.2,Medium,Medium,Yes,No,Yes,Medium,Near,No,No,58.6
STU02751,19,Female,16.3,80.3,61.3,58.1,7.5,Medium,Medium,Yes,No,Yes,Medium,Moderate,No,No,61.1
STU02752,18,Other,4.3,76.0,61.4,55.4,8.9,High,Low,No,Yes,Yes,Low,Moderate,No,No,49.8
STU02753,16,Female,22.6,68.1,67.7,76.6,6.3,Medium,Medium,Yes,No,No,Medium,Near,No,No,72.4
STU02754,17,Female,25.0,80.4,52.6,81.7,6.1,High,Medium,Yes,No,No,Low,Near,No,No,68.4
STU02755,18,Female,17.0,83.5,73.7,73.8,7.7,Low,Medium,No,Yes,Yes,Medium,Moderate,No,No,73.8
STU02756,18,Female,15.3,90.5,84.1,69.0,5.9,High,Medium,No,No,Yes,Low,Moderate,No,No,74.6
STU02757,21,Male,11.0,73.3,55.0,55.4,7.7,High,High,Yes,No,No,Medium,Moderate,No,No,57.7
STU02758,16,Male,11.3,91.7,65.0,66.4,5.7,Medium,Medium,Yes,No,No,Low,Far,No,No,55.3
STU02759,15,Male,11.5,79.1,49.0,79.2,,High,Medium,Yes,No,Yes,High,Near,No,No,59.3
STU02760,16,Female,20.9,79.9,47.6,75.4,6.5,Medium,Medium,Yes,Yes,No,Medium,Near,No,No,61.0
STU02761,17,Male,19.6,97.5,62.1,75.9,7.2,High,Low,Yes,No,Yes,Medium,Near,No,No,78.8
STU02762,18,Male,,60.2,84.4,62.6,8.2,High,Low,Yes,No,Yes,High,Moderate,Yes,No,64.8
STU02763,16,Male,3.1,72.7,61.4,44.9,6.9,Medium,High,Yes,Yes,Yes,Medium,Moderate,No,Yes,56.2
STU02764,15,Female,8.4,85.5,55.1,59.3,7.6,Low,High,Yes,No,Yes,High,Near,No,Yes,56.9
STU02765,21,Other,11.3,85.0,49.6,74.9,6.0,Medium,Medium,No,No,No,Low,Moderate,No,No,47.9
STU02766,16,Other,18.4,68.0,56.9,80.5,6.2,Medium,High,Yes,Yes,Yes,Medium,Moderate,No,No,62.6
STU02767,19,Female,10.7,80.1,69.7,70.7,5.4,Medium,High,Yes,No,Yes,Medium,Far,No,Yes,60.1
STU02768,21,Female,18.4,94.6,45.6,49.2,6.9,Low,High,Yes,Yes,Yes,High,Moderate,No,No,61.8
STU02769,15,Female,27.8,73.4,69.7,76.8,7.4,Medium,High,Yes,Yes,No,Low,Moderate,No,Yes,71.8
STU02770,17,Female,10.3,95.8,51.8,48.1,7.6,Medium,High,Yes,No,Yes,High,Moderate,No,Yes,62.9
STU02771,18,Female,7.7,77.8,94.5,73.7,9.5,High,High,Yes,No,No,Medium,Far,No,No,72.0
STU02772,16,Male,6.0,66.3,51.2,62.5,7.7,High,Medium,No,Yes,No,High,Far,No,No,65.3
STU02773,15,Female,6.7,93.2,50.1,58.0,6.4,Medium,Medium,No,Yes,No,Medium,Moderate,Yes,No,45.9
STU02774,21,Male,19.4,87.5,56.0,66.2,10.0,Medium,Medium,Yes,No,No,Low,Moderate,No,No,56.3
STU02775,19,Male,21.1,70.3,52.2,72.1,5.8,High,High,Yes,Yes,No,High,Moderate,No,No,75.2
STU02776,15,Female,20.0,79.6,76.5,96.2,7.3,Medium,High,Yes,Yes,No,High,Moderate,No,No,85.5
STU02777,20,Male,6.6,100.0,67.8,58.3,8.7,Medium,Low,No,No,No,Medium,Moderate,No,No,60.6
STU02778,19,Male,11.9,91.6,71.6,58.5,7.8,Low,Medium,Yes,No,Yes,Low,Near,No,No,62.7
STU02779,21,Female,12.0,96.2,67.1,52.9,4.0,Medium,Low,Yes,No,No,Low,Far,No,No,58.4
STU02780,17,Male,28.7,73.6,43.8,100.0,8.0,Low,Low,Yes,No,No,Medium,Moderate,No,Yes,68.3
STU02781,18,Female,17.4,97.3,52.3,71.0,6.2,Medium,Medium,Yes,Yes,Yes,Low,Far,No,No,64.0
STU02782,21,Female,,70.8,59.3,65.9,5.9,High,Medium,Yes,No,Yes,Medium,Moderate,No,Yes,64.5
STU02783,17,Female,17.2,71.1,58.4,57.6,4.5,Low,Medium,Yes,No,No,Medium,Moderate,No,No,54.1
STU02784,16,Female,11.6,93.4,49.6,55.0,7.2,Medium,Medium,Yes,No,No,Medium,Near,No,No,63.2
STU02785,15,Female,18.2,71.7,63.5,84.1,6.3,Medium,Low,Yes,Yes,Yes,Low,Moderate,No,No,64.9
STU02786,20,Female,11.2,100.0,62.9,47.8,7.5,Medium,Medium,No,No,No,Medium,Moderate,Yes,No,52.8
STU02787,19,Female,26.4,72.5,58.8,69.4,5.7,High,Medium,Yes,No,No,Medium,Near,No,Yes,70.2
STU02788,19,Female,8.0,75.3,49.1,56.2,10.0,Medium,Medium,Yes,Yes,No,Medium,Far,No,Yes,53.3
STU02789,15,Female,16.5,96.5,52.6,74.9,6.4,Medium,Medium,Yes,No,No,Medium,Near,No,No,66.1
STU02790,20,Female,20.4,78.8,38.3,75.9,8.7,High,Medium,Yes,Yes,No,Medium,Moderate,Yes,Yes,68.5
STU02791,15,Male,14.4,93.0,67.1,62.2,8.7,Medium,Medium,No,No,Yes,Medium,Near,No,No,64.7
STU02792,16,Male,16.0,73.9,60.3,63.9,8.5,Medium,High,Yes,No,Yes,High,Far,No,No,62.6
STU02793,17,Female,13.4,82.2,64.0,60.1,5.7,Medium,Medium,Yes,No,No,Medium,Near,No,No,63.9
STU02794,21,Male,7.7,92.4,62.3,58.6,9.9,Medium,Medium,Yes,No,No,High,Moderate,No,No,70.9
STU02795,19,Male,28.9,76.5,57.6,76.5,7.4,Medium,Low,Yes,Yes,No,Medium,Near,No,No,73.3
STU02796,16,Female,12.1,95.2,54.1,67.5,7.6,Medium,High,No,Yes,Yes,Medium,Moderate,No,No,61.7
STU02797,17,Male,4.6,81.4,69.4,68.4,6.9,High,High,Yes,No,No,Low,Far,No,No,60.9
STU02798,16,Male,9.2,86.2,55.4,72.2,7.0,Medium,Low,Yes,Yes,No,Medium,Near,No,No,70.1
STU02799,20,Other,25.6,75.0,74.7,65.1,7.1,High,Low,No,Yes,No,Medium,Moderate,No,No,74.8
STU02800,19,Female,33.2,77.3,56.9,79.9,4.7,High,Low,Yes,No,No,Low,Near,No,No,70.6
STU02801,21,Male,18.0,76.6,50.1,76.8,7.4,High,Low,Yes,No,Yes,Medium,Moderate,No,Yes,70.0
STU02802,15,Other,21.3,78.9,68.3,77.5,8.2,Low,Medium,No,Yes,No,Low,Moderate,No,Yes,61.0
STU02803,15,Other,29.8,100.0,57.9,88.3,6.1,Medium,Medium,Yes,No,No,Medium,Moderate,No,No,79.1
STU02804,17,Male,7.3,96.2,46.3,74.1,6.8,Medium,High,Yes,Yes,No,Medium,Moderate,No,Yes,62.2
STU02805,21,Male,18.1,89.5,56.9,94.4,4.4,Medium,Medium,Yes,No,No,Medium,Moderate,No,Yes,57.4
STU02806,18,Female,29.6,78.4,50.8,93.6,8.7,High,High,Yes,Yes,Yes,High,Near,No,Yes,87.2
STU02807,20,Female,21.7,76.6,52.0,61.4,9.3,High,Low,Yes,No,Yes,Medium,Moderate,No,No,68.5
STU02808,17,Female,12.8,75.3,60.8,63.9,7.3,High,Medium,Yes,Yes,No,Medium,Near,No,No,67.0
STU02809,18,Female,17.9,82.0,58.0,85.6,7.5,Medium,Medium,Yes,No,Yes,Medium,Moderate,No,No,65.6
STU02810,16,Female,29.9,87.8,61.6,100.0,7.4,Medium,High,Yes,No,Yes,High,Far,No,No,81.5
STU02811,20,Male,16.2,91.1,54.8,67.6,8.1,Medium,Medium,Yes,No,No,Medium,Near,No,No,67.0
STU02812,16,Female,7.6,85.1,76.3,64.5,7.4,High,Low,Yes,No,No,Medium,Near,No,No,74.2
STU02813,21,Male,19.9,90.7,74.4,81.2,8.5,High,High,Yes,No,Yes,Low,Near,No,Yes,79.6
STU02814,19,Female,7.8,94.4,66.0,68.3,8.0,Medium,High,Yes,No,No,Medium,Far,No,No,68.9
STU02815,20,Female,9.1,81.3,70.7,72.6,8.2,Medium,Medium,Yes,No,Yes,Low,Far,No,No,59.2
STU02816,18,Male,11.3,96.0,60.7,37.6,7.6,High,High,Yes,No,Yes,Medium,Near,No,No,60.3
STU02817,19,Female,14.9,75.2,69.5,75.1,8.1,Low,High,Yes,No,Yes,High,Moderate,No,No,71.2
STU02818,15,Male,8.2,90.9,61.6,59.2,5.9,High,High,Yes,No,No,Medium,Near,No,No,62.0
STU02819,18,Male,18.3,85.3,62.0,74.1,4.1,High,Medium,Yes,No,No,Medium,Moderate,Yes,No,61.7
STU02820,17,Female,12.2,86.8,61.4,55.4,6.9,Medium,Medium,Yes,Yes,Yes,Medium,Moderate,No,No,63.9
STU02821,15,Male,21.6,81.3,72.2,67.9,9.8,High,Low,Yes,No,No,Medium,Moderate,No,No,72.2
STU02822,15,Female,15.3,97.5,64.6,66.1,8.0,High,Low,Yes,Yes,No,Medium,Far,No,No,77.3
STU02823,17,Male,13.8,79.0,50.4,72.7,8.1,Medium,High,Yes,No,No,Medium,Moderate,No,No,58.4
STU02824,20,Female,14.1,98.9,45.0,53.0,5.5,Medium,High,Yes,Yes,No,Low,Near,No,No,60.0
STU02825,15,Female,26.7,98.9,36.2,82.8,7.7,High,Low,Yes,No,Yes,Low,Moderate,No,No,77.3
STU02826,21,Female,22.1,89.5,55.1,93.2,5.4,High,Medium,Yes,No,No,Medium,Moderate,No,No,73.6
STU02827,18,Female,3.6,81.9,65.0,76.5,7.0,Low,Medium,Yes,Yes,No,Medium,Far,No,No,65.0
STU02828,19,Female,11.0,76.6,39.6,64.4,6.6,High,Medium,Yes,No,No,Low,Near,No,Yes,54.3
STU02829,15,Male,15.8,65.1,65.2,65.9,7.7,Medium,Medium,Yes,No,Yes,Medium,Moderate,No,No,61.1
STU02830,18,Male,0.0,90.4,54.7,46.7,7.0,Medium,Medium,No,No,No,Low,Moderate,No,No,42.1
STU02831,16,Male,18.4,73.9,57.6,78.9,8.3,High,Medium,Yes,No,Yes,Low,Moderate,No,No,65.4
STU02832,18,Male,8.2,75.3,50.9,66.3,8.5,Medium,High,Yes,No,No,Medium,Near,No,No,43.0
STU02833,19,Female,9.1,90.5,52.9,58.5,8.8,Medium,Low,Yes,Yes,No,Medium,Far,No,No,62.6
STU02834,18,Male,9.4,80.7,49.9,53.7,10.0,High,Medium,No,No,No,Medium,Near,No,No,53.8
STU02835,17,Female,25.1,87.2,59.8,68.7,5.9,Low,Medium,Yes,No,No,Medium,Near,No,No,62.8
STU02836,19,Female,19.9,89.6,63.6,72.4,6.4,High,Medium,No,No,Yes,High,Far,No,No,69.8
STU02837,20,Male,11.4,100.0,56.6,75.7,6.4,Medium,,No,Yes,No,Medium,Near,No,No,66.0
STU02838,16,Female,10.5,87.0,54.9,55.1,4.1,Medium,Low,Yes,No,No,Low,Near,No,No,52.3
STU02839,17,Male,16.3,79.5,65.0,64.7,7.4,Medium,High,No,No,No,Medium,Moderate,Yes,No,56.7
STU02840,20,Female,27.8,84.2,73.4,82.0,6.9,Medium,Medium,No,Yes,No,Low,Near,No,No,74.4
STU02841,18,Male,12.9,79.2,57.9,57.6,8.7,High,,Yes,No,Yes,High,Far,No,No,66.3
STU02842,19,Female,0.1,100.0,79.6,70.5,8.4,Medium,Medium,No,Yes,Yes,Low,Moderate,No,Yes,61.2
STU02843,16,Other,16.3,88.7,58.5,75.1,7.7,Medium,Medium,Yes,No,No,Medium,Moderate,No,No,69.4
STU02844,17,Male,17.2,90.8,64.7,78.8,7.4,High,Low,Yes,No,Yes,Low,Near,No,No,76.0
STU02845,20,Male,18.0,98.5,65.9,60.3,6.2,Low,Medium,Yes,No,Yes,High,Near,No,No,73.0
STU02846,20,Female,14.7,76.5,53.3,65.3,7.3,High,Medium,Yes,No,Yes,Medium,Moderate,No,No,60.3
STU02847,16,Male,16.1,70.7,74.0,77.0,7.6,Low,Medium,No,No,No,High,Moderate,No,No,63.2
STU02848,21,Female,7.2,84.8,56.4,61.8,7.0,Medium,Low,Yes,Yes,No,Low,Moderate,No,Yes,58.9
STU02849,18,Female,23.7,70.8,43.0,100.0,7.0,Medium,Low,Yes,Yes,No,Low,Near,No,No,63.4
STU02850,16,Male,10.8,80.9,57.8,70.5,7.2,Medium,High,Yes,Yes,Yes,Low,Moderate,No,No,59.3
STU02851,20,Female,12.9,63.2,55.4,59.5,7.3,High,Medium,Yes,No,Yes,High,Near,No,No,62.5
STU02852,15,Female,18.1,71.5,52.6,72.3,8.4,High,Medium,Yes,No,No,High,Moderate,No,No,63.1
STU02853,17,Female,16.7,97.2,71.0,74.3,4.0,High,Low,No,No,No,Low,Moderate,No,Yes,72.3
STU02854,16,Female,27.6,89.0,54.9,93.8,7.4,Medium,Medium,Yes,Yes,Yes,Low,Near,No,No,76.1
STU02855,21,Male,25.5,100.0,63.1,56.2,7.4,Medium,Medium,Yes,Yes,Yes,Medium,Moderate,No,No,77.4
STU02856,20,Male,11.1,84.7,65.2,54.8,8.3,Medium,Medium,No,No,No,Low,Near,No,No,57.4
STU02857,18,Other,30.8,84.3,50.0,90.5,6.8,High,Low,Yes,No,No,Low,Moderate,No,No,76.4
STU02858,20,Female,22.6,87.2,62.2,54.0,4.0,High,Medium,Yes,No,No,Low,Moderate,No,No,67.4
STU02859,18,Male,16.0,100.0,63.9,81.6,4.3,Medium,Low,No,Yes,Yes,Low,Near,Yes,No,59.0
STU02860,16,Female,9.7,95.5,68.1,63.0,4.0,Low,Medium,No,No,No,Low,Far,No,Yes,60.1
STU02861,18,Male,14.5,76.6,58.3,66.2,8.5,High,Medium,No,Yes,No,Low,Moderate,No,No,64.2
STU02862,19,Male,0.0,89.1,75.5,35.9,4.8,Medium,Low,Yes,No,No,Medium,Far,No,No,50.9
STU02863,19,Female,19.3,86.5,50.1,89.9,9.0,Medium,Medium,Yes,No,Yes,High,Near,No,Yes,63.5
STU02864,19,Male,4.4,92.2,74.4,42.6,6.4,Medium,Low,Yes,No,No,Medium,Far,No,No,54.4
STU02865,21,Female,18.9,100.0,53.9,84.3,6.7,Low,High,Yes,No,Yes,Medium,Near,No,No,78.3
STU02866,21,Male,11.2,90.9,67.6,86.1,9.6,Low,High,Yes,No,No,Low,Moderate,No,Yes,61.5
STU02867,15,Female,16.0,81.3,65.7,87.1,7.4,Medium,,Yes,No,No,Medium,Far,Yes,No,62.0
STU02868,21,Male,,100.0,54.9,64.9,5.0,Medium,High,No,Yes,Yes,Medium,Near,No,No,56.6
STU02869,16,Female,9.2,71.9,57.9,58.8,7.2,Medium,High,Yes,No,Yes,Medium,Near,No,No,59.1
STU02870,20,Female,20.9,82.3,48.9,84.6,8.4,High,High,Yes,No,No,Low,Moderate,No,No,64.7
STU02871,20,Male,10.0,94.0,52.2,61.3,6.2,Medium,Low,Yes,Yes,Yes,High,Moderate,No,No,66.6
STU02872,15,Female,7.8,77.1,50.1,62.8,9.7,High,Low,Yes,No,No,Low,Moderate,No,No,57.2
STU02873,21,Male,6.6,84.5,62.7,46.2,5.1,Medium,High,Yes,Yes,Yes,Medium,Near,No,Yes,58.9
STU02874,18,Male,21.8,78.0,67.5,85.2,4.0,Medium,Medium,Yes,No,No,High,Moderate,No,No,63.6
STU02875,15,Female,6.0,84.6,63.6,50.8,9.6,High,High,No,Yes,Yes,Medium,Near,No,No,66.8
STU02876,18,Male,15.0,78.0,56.1,82.3,5.7,High,High,Yes,No,No,Medium,Far,No,No,69.6
STU02877,18,Female,32.7,85.8,55.4,76.8,5.5,Low,High,Yes,No,Yes,High,Moderate,No,No,77.3
STU02878,17,Female,9.5,81.7,61.0,56.5,6.2,Medium,Medium,No,No,No,Medium,Moderate,No,No,57.2
STU02879,20,Female,8.7,98.3,52.8,58.5,5.5,Medium,Low,Yes,No,Yes,Low,Near,No,No,51.8
STU02880,19,Male,23.7,88.9,65.3,72.7,8.3,High,Medium,Yes,No,No,High,Far,No,No,78.5
STU02881,21,Male,5.5,92.4,65.2,51.3,6.3,High,Medium,Yes,No,No,Low,Moderate,No,Yes,61.2
STU02882,18,Male,23.7,86.4,74.9,79.6,5.2,Medium,High,Yes,Yes,Yes,High,Far,No,No,80.4
STU02883,17,Female,12.0,80.7,58.3,58.4,,Medium,High,Yes,No,No,Low,Near,No,No,54.2
STU02884,20,Female,22.2,88.3,60.5,69.4,5.6,High,High,Yes,No,Yes,Medium,Moderate,No,No,73.1
STU02885,19,Female,,87.0,60.0,69.9,6.9,Medium,Medium,No,Yes,No,Medium,Moderate,No,Yes,65.4
STU02886,18,Male,19.6,60.8,65.8,82.5,5.6,Low,Medium,Yes,No,No,High,Near,No,No,69.0
STU02887,18,Male,11.5,85.3,68.8,76.4,6.7,Low,High,Yes,No,Yes,Medium,Moderate,No,No,56.5
STU02888,15,Male,11.9,91.7,44.9,58.3,6.7,Low,Medium,Yes,No,Yes,Low,Near,Yes,No,42.1
STU02889,15,Male,10.8,77.8,57.9,65.5,9.8,Low,High,Yes,Yes,Yes,Medium,Near,Yes,No,46.1
STU02890,20,Male,25.6,93.7,56.3,84.7,8.8,Medium,Low,Yes,No,Yes,Low,Near,No,Yes,69.2
STU02891,19,Male,15.0,88.6,36.1,82.6,7.3,High,Medium,Yes,Yes,No,Medium,Moderate,No,No,71.0
STU02892,18,Male,30.6,81.0,54.9,100.0,6.5,Medium,High,Yes,No,No,High,Moderate,No,No,79.9
STU02893,20,Male,16.9,90.4,69.3,47.3,6.5,High,Low,Yes,No,No,Medium,Moderate,No,No,76.7
STU02894,20,Male,13.5,81.3,75.9,47.9,,High,,Yes,No,Yes,Medium,Near,No,No,65.3
STU02895,16,Male,13.3,87.8,70.7,64.9,5.7,High,Low,Yes,No,Yes,Low,Moderate,No,No,62.5
STU02896,21,Male,9.4,82.4,60.3,49.8,6.4,Medium,Medium,Yes,No,Yes,Medium,Far,No,No,52.5
STU02897,15,Male,16.8,90.5,43.2,61.7,6.6,Medium,Medium,No,Yes,No,Medium,Near,No,Yes,53.3
STU02898,19,Female,14.3,98.5,83.6,52.5,7.0,Medium,Medium,Yes,No,No,Medium,Near,No,No,74.8
STU02899,18,Male,10.1,80.6,73.7,65.1,7.2,Medium,Medium,No,Yes,No,Low,Moderate,No,No,68.5
STU02900,20,Male,14.5,94.0,60.2,64.0,8.1,Medium,Medium,Yes,No,No,Medium,Moderate,No,No,70.6
STU02901,18,Male,11.0,82.0,58.5,74.6,8.4,Medium,Medium,Yes,No,No,Low,Moderate,No,No,53.5
STU02902,16,Male,17.3,82.1,28.2,68.9,7.8,Medium,Medium,No,No,No,Medium,Moderate,Yes,No,40.9
STU02903,19,Male,20.7,81.0,78.8,76.0,9.6,Medium,Medium,Yes,Yes,Yes,Low,Near,Yes,Yes,67.5
STU02904,20,Male,10.0,68.1,55.1,78.1,8.0,Medium,Medium,Yes,No,No,High,Far,No,No,57.4
STU02905,18,Female,11.3,90.0,47.7,66.2,6.9,High,Medium,Yes,No,Yes,Low,Moderate,No,No,63.2
STU02906,15,Male,7.8,87.8,62.1,60.6,6.9,High,High,Yes,No,Yes,Medium,Near,No,No,57.3
STU02907,21,Male,24.1,86.6,71.2,67.2,8.4,Medium,High,Yes,No,No,Low,Near,No,Yes,66.4
STU02908,16,Female,0.8,100.0,63.0,52.2,6.6,Medium,Medium,Yes,Yes,No,Medium,Moderate,No,No,61.5
STU02909,19,Male,9.7,100.0,68.1,55.8,7.6,High,Medium,Yes,Yes,No,Medium,Moderate,No,No,67.6
STU02910,16,Male,20.7,98.1,66.6,75.7,7.8,Medium,Medium,Yes,No,Yes,Medium,Moderate,No,No,78.9
STU02911,15,Female,10.0,82.6,58.0,47.0,4.0,Medium,Medium,Yes,No,No,Low,Far,No,No,47.1
STU02912,19,Female,,82.1,70.5,59.1,4.8,High,High,Yes,No,No,Medium,Near,No,No,72.6
STU02913,16,Male,20.4,74.8,77.1,62.9,8.3,High,Medium,Yes,No,No,Low,Far,No,No,73.8
STU02914,17,Female,0.0,85.6,54.0,66.8,,Medium,Medium,Yes,No,Yes,Low,Moderate,No,No,51.2
STU02915,15,Male,15.2,85.1,51.2,78.1,4.0,Medium,Medium,Yes,Yes,Yes,Medium,Moderate,No,No,57.7
STU02916,15,Male,10.6,90.4,49.6,63.1,4.0,Medium,High,Yes,No,No,Low,Far,Yes,No,40.8
STU02917,15,Female,10.8,74.3,62.0,63.8,9.2,Low,Low,Yes,No,No,Low,Moderate,No,Yes,46.1
STU02918,17,Male,23.5,81.3,67.9,78.2,,Low,High,Yes,No,No,High,Near,Yes,No,66.6
STU02919,17,Male,14.8,68.1,69.2,79.7,9.1,Low,Low,Yes,No,No,High,Far,Yes,No,62.1
STU02920,18,Female,5.8,77.8,54.2,51.4,5.5,Low,Medium,Yes,Yes,Yes,Medium,Moderate,No,No,51.5
STU02921,20,Female,3.2,93.9,67.9,88.8,6.1,Medium,Medium,Yes,No,No,Low,Moderate,No,No,58.1
STU02922,21,Male,14.5,74.0,54.1,65.5,9.7,Medium,Medium,Yes,Yes,No,Low,Far,No,No,58.5
STU02923,16,Female,4.0,100.0,53.3,38.8,7.6,Medium,,Yes,No,No,Medium,Moderate,Yes,Yes,51.2
STU02924,18,Male,24.6,95.1,54.3,81.6,7.1,Medium,Low,Yes,No,Yes,Low,Moderate,No,No,68.5
STU02925,16,Female,6.2,90.0,53.1,59.0,6.8,High,Low,Yes,No,No,High,Moderate,No,No,55.8
STU02926,21,Male,14.9,98.3,51.7,63.4,4.4,Medium,Medium,No,No,Yes,Low,Moderate,No,No,43.6
STU02927,20,Male,0.0,83.8,48.1,40.4,8.7,High,Medium,Yes,No,Yes,High,Near,Yes,No,44.7
STU02928,17,Male,0.0,77.6,55.8,33.7,4.0,Medium,Medium,Yes,Yes,Yes,Medium,Moderate,Yes,No,37.2
STU02929,20,Male,13.3,84.0,45.7,59.7,8.0,High,Medium,Yes,No,Yes,Medium,Near,No,No,65.3
STU02930,17,Male,40.0,67.8,58.7,100.0,7.1,Medium,High,Yes,No,No,Low,Moderate,No,No,80.3
STU02931,21,Female,10.5,96.9,67.4,71.8,7.4,Medium,High,Yes,No,Yes,High,Far,No,No,73.1
STU02932,20,Female,20.5,81.5,41.3,93.5,6.1,High,High,Yes,Yes,Yes,Low,Near,No,No,66.7
STU02933,18,Male,11.1,77.4,58.2,81.5,9.2,High,Low,No,No,No,Medium,Near,No,No,68.4
STU02934,19,Male,23.1,78.6,57.0,65.7,6.1,High,High,Yes,Yes,No,High,Near,No,No,83.4
STU02935,18,Male,14.3,85.2,55.0,53.8,7.0,Medium,High,No,No,Yes,Low,Moderate,No,No,56.7
STU02936,16,Female,5.0,86.2,67.3,48.1,7.0,Low,Medium,Yes,Yes,Yes,Medium,Far,No,No,55.5
STU02937,18,Female,13.0,83.5,75.7,67.4,6.5,Medium,Low,Yes,No,Yes,Medium,Moderate,No,No,67.5
STU02938,21,Other,0.7,83.5,63.5,42.8,7.6,High,Medium,Yes,No,No,Medium,Near,No,Yes,69.0
STU02939,15,Female,7.9,90.5,73.3,58.2,8.1,Medium,Medium,Yes,No,No,Medium,Moderate,No,No,66.2
STU02940,16,Male,18.1,74.0,59.3,69.8,6.8,Low,Medium,Yes,No,No,Medium,Moderate,No,No,63.6
STU02941,20,Male,9.8,87.3,57.5,65.9,7.9,Medium,Low,No,No,Yes,Medium,Near,No,No,56.7
STU02942,16,Female,11.5,81.8,67.2,64.4,8.0,Medium,Medium,Yes,Yes,No,Medium,Moderate,No,No,64.4
STU02943,19,Female,22.5,65.0,53.7,84.8,7.6,Low,,Yes,No,No,Medium,Near,No,No,57.2
STU02944,17,Male,11.0,74.2,68.3,60.3,9.3,Medium,Medium,Yes,No,Yes,Low,Moderate,No,Yes,47.9
STU02945,20,Male,19.1,77.1,55.2,82.4,9.4,Medium,Medium,Yes,No,No,High,Near,No,No,64.2
STU02946,16,Female,10.2,100.0,69.2,43.9,6.4,Medium,Medium,Yes,No,No,High,Near,No,No,73.3
STU02947,20,Male,22.3,89.5,52.9,72.8,6.5,Low,Medium,Yes,No,No,Medium,Far,No,Yes,62.3
STU02948,20,Male,25.5,87.7,76.5,84.8,8.0,High,Medium,Yes,No,Yes,Medium,Moderate,Yes,No,77.3
STU02949,20,Female,0.0,80.1,80.5,48.5,6.9,Medium,Medium,Yes,No,Yes,Medium,Near,No,No,55.5
STU02950,17,Male,7.1,79.9,77.2,41.4,7.5,Low,Medium,Yes,Yes,No,Medium,Far,No,No,62.9
STU02951,21,Male,13.1,73.2,63.7,53.8,,Medium,Medium,Yes,No,No,Medium,Moderate,No,Yes,59.1
STU02952,18,Female,9.5,81.7,61.5,53.0,6.6,High,Medium,Yes,No,No,Low,Near,No,No,62.9
STU02953,20,Female,21.9,98.8,38.8,66.0,7.1,Medium,Medium,Yes,No,No,Medium,Moderate,No,No,59.5
STU02954,15,Other,16.8,71.8,73.6,70.2,5.6,Low,Medium,Yes,Yes,Yes,Low,Far,No,No,61.8
STU02955,21,Male,7.4,79.1,76.1,47.5,4.5,Low,High,Yes,No,No,Low,Moderate,No,Yes,50.9
STU02956,19,Male,26.3,94.3,62.7,91.9,8.9,Low,Medium,No,Yes,No,Medium,Near,Yes,No,60.7
STU02957,17,Female,26.2,94.2,45.0,74.0,4.7,Medium,Medium,Yes,No,No,Medium,Moderate,Yes,Yes,66.1
STU02958,16,Female,4.4,77.8,71.8,44.9,,Low,Low,Yes,Yes,Yes,Medium,Moderate,No,Yes,49.9
STU02959,17,Male,10.2,96.6,68.1,72.1,8.7,High,Medium,Yes,No,Yes,Medium,Far,Yes,No,74.5
STU02960,16,Female,21.7,80.7,38.2,75.0,7.5,Low,Medium,Yes,No,Yes,High,Near,No,No,59.2
STU02961,17,Male,22.4,73.5,60.5,67.6,7.7,Medium,Medium,Yes,Yes,Yes,Medium,Moderate,Yes,No,66.2
STU02962,16,Male,26.2,100.0,61.6,86.9,8.1,High,Medium,Yes,No,Yes,Medium,Near,No,No,76.7
STU02963,20,Male,34.8,85.9,43.9,82.7,6.4,High,Medium,Yes,No,No,Low,Moderate,No,Yes,73.8
STU02964,18,Male,18.3,83.3,49.1,76.5,6.4,Medium,High,Yes,Yes,No,Low,Far,Yes,No,62.1
STU02965,16,Male,25.2,86.7,71.5,76.3,6.7,Medium,Low,No,No,Yes,Medium,Near,No,No,73.7
STU02966,16,Female,36.4,75.3,60.5,74.1,7.5,High,Low,No,No,No,Medium,Near,No,No,77.7
STU02967,15,Female,14.9,79.4,49.1,63.0,6.0,Medium,Low,No,Yes,Yes,Medium,Moderate,No,No,56.3
STU02968,16,Female,8.7,99.4,55.5,82.5,6.2,High,High,Yes,No,Yes,Medium,Moderate,No,No,70.5
STU02969,15,Male,17.0,100.0,54.1,87.8,10.0,Medium,Low,Yes,Yes,Yes,Medium,Near,Yes,No,63.4
STU02970,19,Male,27.7,73.9,59.1,91.2,7.5,Low,High,Yes,Yes,No,Low,Moderate,Yes,No,65.7
STU02971,20,Male,29.5,81.1,64.8,100.0,5.3,Low,High,No,No,Yes,Low,Far,No,No,72.7
STU02972,15,Male,16.2,85.0,73.6,69.9,8.3,High,High,Yes,No,No,High,Moderate,No,No,83.2
STU02973,18,Female,13.7,87.0,53.9,71.3,6.6,High,High,Yes,Yes,No,Medium,Moderate,No,No,71.4
STU02974,21,Female,4.8,75.5,51.6,55.1,6.1,Medium,Low,Yes,Yes,No,Low,Near,No,No,47.5
STU02975,20,Female,15.6,91.5,61.3,60.0,10.0,Low,Medium,No,No,No,Medium,Far,No,Yes,53.0
STU02976,15,Male,5.6,92.3,66.6,47.0,7.1,Low,Medium,No,No,No,Medium,Near,No,No,53.5
STU02977,20,Male,7.2,93.5,58.5,65.7,5.8,High,Medium,Yes,Yes,No,Medium,Near,No,No,70.4
STU02978,20,Female,16.9,92.5,74.9,55.1,6.1,Low,Medium,Yes,Yes,No,Low,Near,No,No,70.4
STU02979,20,Male,4.8,85.8,82.0,50.5,7.2,Medium,Medium,Yes,No,No,Medium,Moderate,No,No,60.2
STU02980,19,Female,17.8,94.9,39.6,80.1,7.2,High,High,Yes,No,No,Low,Far,Yes,No,63.5
STU02981,18,Other,22.6,90.4,68.4,94.6,7.7,Low,Medium,Yes,No,No,High,Near,No,Yes,79.1
STU02982,17,Male,6.6,70.2,73.8,67.7,4.4,Medium,Medium,Yes,Yes,No,Medium,Far,No,No,68.0
STU02983,17,Female,10.3,70.2,48.4,53.6,5.3,Medium,Medium,Yes,Yes,No,Medium,Far,No,No,48.0
STU02984,15,Female,3.4,88.1,76.1,55.5,6.7,Low,Medium,Yes,No,No,Medium,Moderate,No,Yes,70.5
STU02985,20,Male,19.7,97.9,69.7,66.4,6.2,Medium,Medium,Yes,Yes,No,Low,Moderate,No,No,69.7
STU02986,15,Female,3.1,89.5,43.5,53.4,5.4,Medium,Medium,Yes,Yes,No,Low,Near,No,No,46.8
STU02987,19,Male,20.6,90.9,54.6,85.2,7.6,Low,High,Yes,Yes,No,High,Near,No,No,69.5
STU02988,19,Male,17.3,74.4,63.1,59.4,7.7,Medium,Low,Yes,No,No,Low,Far,No,Yes,63.9
STU02989,16,Female,32.3,85.7,48.9,86.5,9.6,High,Low,Yes,No,Yes,Low,Moderate,No,No,74.1
STU02990,19,Female,28.4,96.4,56.1,60.0,8.1,High,Low,Yes,No,No,High,Near,No,Yes,77.1
STU02991,16,Male,5.5,89.5,74.3,52.3,7.7,Medium,High,Yes,No,No,Medium,Moderate,No,No,69.5
STU02992,18,Male,29.6,86.0,80.7,86.4,6.7,Low,Low,No,No,No,Medium,Far,No,No,78.6
STU02993,15,Female,10.7,90.9,58.2,53.8,10.0,High,Low,Yes,Yes,No,Low,Moderate,No,Yes,61.9
STU02994,21,Female,8.5,87.3,40.0,41.5,6.5,Low,Low,No,No,Yes,Medium,Near,No,No,35.3
STU02995,18,Female,10.9,96.7,67.3,55.8,6.5,High,,Yes,No,No,Medium,Moderate,No,No,73.8
STU02996,19,Male,12.7,87.3,75.6,51.3,8.5,Low,Medium,Yes,Yes,No,Medium,Moderate,No,No,61.1
STU02997,18,Female,32.3,84.7,57.0,100.0,4.6,Medium,High,Yes,No,Yes,Low,Near,No,No,75.1
STU02998,18,Male,0.0,74.5,58.2,48.0,6.9,Medium,Medium,Yes,No,Yes,Medium,Near,No,No,40.3
STU02999,18,Female,29.8,97.1,46.5,96.0,7.2,Low,Medium,Yes,Yes,No,Medium,Moderate,No,No,73.5
STU03000,19,Male,21.6,75.6,66.1,65.2,6.4,Low,High,Yes,No,No,Medium,Moderate,No,No,67.9
STU03001,21,Female,16.3,87.4,66.4,60.1,8.6,Medium,Medium,Yes,No,No,Medium,Near,No,No,67.6
STU03002,20,Male,10.2,93.0,49.2,49.2,7.7,High,Low,Yes,Yes,Yes,Low,Near,No,No,69.5
STU03003,18,Male,14.3,100.0,55.0,69.5,7.4,High,High,Yes,Yes,No,Low,Near,No,No,71.0
STU03004,16,Male,21.8,87.3,54.1,67.6,7.1,High,Low,Yes,Yes,No,Medium,Near,No,No,76.0
STU03005,19,Male,22.7,98.9,70.4,77.8,6.5,Medium,Low,Yes,No,Yes,Medium,Near,No,Yes,75.6
STU03006,18,Female,8.3,85.3,36.0,59.6,4.0,Medium,Medium,Yes,No,Yes,High,Moderate,No,Yes,48.5
STU03007,21,Female,21.2,79.4,67.2,79.6,7.8,High,Low,Yes,Yes,No,Medium,Moderate,No,No,77.1
STU03008,20,Female,10.3,100.0,52.9,55.6,8.4,Medium,Medium,Yes,No,No,Medium,Moderate,No,No,59.2
STU03009,19,Male,13.6,72.8,78.3,62.1,7.0,Medium,Medium,Yes,Yes,Yes,High,Moderate,No,No,73.3
STU03010,17,Female,25.5,100.0,69.9,100.0,4.8,Medium,Medium,Yes,No,No,Low,Near,Yes,No,69.6
STU03011,20,Female,21.3,100.0,64.6,63.3,6.3,Medium,High,Yes,No,No,Medium,Moderate,No,No,68.1
STU03012,16,Male,2.1,79.3,51.7,53.1,6.3,Medium,Medium,Yes,Yes,No,Low,Near,Yes,No,43.8
STU03013,18,Male,16.1,91.5,59.1,70.1,6.3,Medium,Low,No,No,No,Low,Near,No,No,64.0
STU03014,21,Female,18.4,71.0,65.3,67.1,7.8,Low,Low,No,No,No,Medium,Near,No,No,58.3
STU03015,17,Female,16.2,90.9,59.1,54.3,5.0,High,Medium,No,No,Yes,Medium,Far,No,No,61.1
STU03016,21,Female,0.0,88.2,58.8,40.9,6.7,Medium,Medium,Yes,No,No,Medium,Near,No,No,53.0
STU03017,17,Male,4.2,93.7,57.5,49.8,6.8,High,Medium,Yes,Yes,Yes,Medium,Far,Yes,No,60.3
STU03018,19,Female,0.8,81.0,40.8,46.4,9.3,Medium,High,Yes,No,Yes,Medium,Near,No,No,41.9
STU03019,17,Male,9.9,86.6,57.6,51.9,7.6,Medium,High,Yes,Yes,No,Low,Moderate,No,No,55.9
STU03020,16,Female,16.1,89.8,71.4,65.8,6.3,Low,Medium,No,No,Yes,Medium,Moderate,No,No,51.3
STU03021,16,Female,10.8,80.1,52.3,65.1,9.1,Low,Medium,Yes,No,Yes,Medium,Near,No,No,58.0
STU03022,15,Male,10.0,99.1,88.2,48.3,5.2,Medium,High,Yes,No,No,High,Near,No,No,71.7
STU03023,16,Female,,86.3,58.5,49.9,6.0,Medium,High,Yes,No,Yes,Low,Far,No,No,46.4
STU03024,20,Male,5.0,88.4,43.1,55.1,4.3,Medium,Low,Yes,Yes,No,Low,Moderate,No,No,45.4
STU03025,17,Other,7.4,76.7,65.4,56.9,9.4,High,Medium,Yes,No,No,Medium,Near,No,Yes,65.4
STU03026,16,Male,22.1,68.5,44.9,87.2,7.3,Low,Medium,Yes,No,No,High,Near,No,No,69.1
STU03027,19,Male,18.4,71.5,62.0,83.3,6.7,Medium,High,Yes,No,Yes,Medium,Far,No,No,70.8
STU03028,21,Male,21.3,91.0,44.1,80.3,8.9,Low,Low,No,No,No,Medium,Far,No,No,52.2
STU03029,21,Male,18.7,77.1,53.0,80.8,6.1,Medium,High,Yes,No,No,High,Moderate,No,Yes,72.8
STU03030,15,Male,21.6,92.3,76.5,80.7,6.3,Medium,Medium,Yes,No,No,High,Near,No,No,87.6
STU03031,21,Female,4.1,100.0,34.6,59.0,8.6,High,Medium,No,No,Yes,Medium,Far,No,No,43.0
STU03032,17,Female,25.7,92.7,50.8,70.5,6.1,Medium,High,Yes,Yes,Yes,Medium,Near,No,Yes,77.4
STU03033,15,Female,23.4,89.3,51.7,77.2,6.3,High,Low,Yes,Yes,Yes,Low,Moderate,No,No,70.2
STU03034,17,Male,12.0,91.6,62.7,78.1,7.1,Low,Medium,No,No,No,High,Moderate,No,No,63.6
STU03035,19,Female,22.8,96.0,46.5,73.6,7.5,Low,High,Yes,No,No,Medium,Near,No,No,69.1
STU03036,15,Male,24.7,88.1,60.9,78.1,8.1,High,High,No,No,Yes,High,Moderate,No,Yes,73.5
STU03037,18,Female,14.6,91.6,65.2,78.2,6.7,Medium,Low,Yes,No,No,Low,Far,No,No,70.3
STU03038,20,Male,19.3,79.3,56.1,72.6,4.5,High,High,Yes,No,No,Medium,Moderate,No,No,69.7
STU03039,20,Female,10.8,75.2,54.3,62.0,7.5,Medium,Low,No,Yes,No,Medium,Near,Yes,No,54.1
STU03040,17,Female,25.6,79.9,69.8,80.6,,Medium,,Yes,No,No,Medium,Near,No,No,70.9
STU03041,21,Female,11.4,81.7,29.7,60.1,7.3,Low,Low,Yes,No,Yes,Low,Near,No,No,42.4
STU03042,18,Male,17.5,81.3,55.6,73.9,5.9,High,Low,Yes,No,No,Medium,Near,No,No,64.3
STU03043,15,Male,14.7,96.5,60.4,62.7,4.2,High,High,Yes,No,No,Medium,Moderate,Yes,No,63.2
STU03044,18,Male,10.3,57.8,72.1,56.2,7.0,High,High,Yes,No,Yes,Medium,Moderate,Yes,Yes,67.4
STU03045,18,Female,1.4,82.9,63.2,57.8,5.6,Medium,Medium,Yes,No,No,Low,Near,No,No,58.2
STU03046,21,Female,22.1,92.4,56.8,67.7,7.8,Medium,High,Yes,No,No,Medium,Near,Yes,No,67.2
STU03047,15,Male,14.7,92.1,58.5,82.6,8.1,Medium,Medium,Yes,No,No,Low,Near,No,No,58.4
STU03048,19,Female,29.7,76.8,64.9,69.4,4.7,Medium,High,Yes,Yes,Yes,Low,Moderate,No,No,65.6
STU03049,21,Female,24.7,100.0,61.6,58.3,5.9,Medium,Low,Yes,Yes,No,Medium,Moderate,No,Yes,67.6
STU03050,18,Female,24.6,71.2,52.5,75.7,9.6,Medium,Medium,Yes,No,No,High,Moderate,No,No,64.5
STU03051,18,Male,20.9,81.5,84.3,77.9,6.3,Medium,Medium,Yes,Yes,Yes,Medium,Moderate,No,Yes,84.9
STU03052,19,Male,21.0,81.9,51.8,60.3,7.3,High,High,Yes,Yes,Yes,Medium,Moderate,Yes,No,65.0
STU03053,18,Male,16.3,81.8,63.8,72.1,8.3,High,Medium,Yes,No,Yes,Medium,Moderate,No,No,68.9
STU03054,18,Female,21.6,98.6,62.9,76.0,7.3,High,High,Yes,No,No,Medium,Near,No,No,71.7
STU03055,18,Male,11.4,85.2,67.3,73.8,8.6,Medium,Medium,Yes,No,No,Low,Moderate,No,No,68.6
STU03056,20,Female,0.0,88.2,48.5,49.0,8.4,Low,Medium,Yes,No,Yes,High,Near,No,No,49.2
STU03057,21,Female,20.7,93.8,53.9,73.2,9.0,Medium,Medium,Yes,Yes,No,High,Near,No,Yes,74.8
STU03058,16,Female,20.8,78.6,52.9,79.1,7.3,Medium,Medium,No,No,Yes,Medium,Far,No,No,60.2
STU03059,21,Female,4.4,83.5,65.1,58.4,6.4,High,Medium,Yes,No,Yes,Medium,Near,No,No,64.6
STU03060,19,Male,19.1,100.0,39.3,71.5,5.0,High,Medium,Yes,No,Yes,Medium,Moderate,No,No,61.5
STU03061,18,Male,19.0,88.8,66.3,59.7,7.6,High,Medium,No,No,No,Medium,Moderate,No,No,70.3
STU03062,21,Female,23.6,74.1,75.7,81.7,8.9,Medium,Medium,Yes,No,No,Low,Near,No,No,75.5
STU03063,20,Male,14.2,76.4,77.2,77.3,5.9,Medium,High,Yes,Yes,Yes,Low,Near,No,No,66.5
STU03064,19,Male,2.8,93.9,52.4,38.2,6.1,Medium,Medium,No,No,No,Medium,Moderate,No,Yes,47.2
STU03065,17,Male,11.1,73.7,56.4,52.8,6.5,High,Medium,No,No,Yes,High,Near,No,No,65.2
STU03066,21,Male,11.1,80.3,58.5,56.0,5.6,Medium,Medium,Yes,Yes,No,Low,Near,No,No,66.2
STU03067,17,Male,14.1,87.0,75.7,73.9,7.2,Medium,High,Yes,Yes,Yes,Low,Far,No,Yes,69.3
STU03068,18,Female,16.0,85.1,54.2,71.7,6.2,Medium,Medium,Yes,No,No,Medium,Moderate,No,No,62.9
STU03069,20,Female,13.1,99.8,54.8,54.5,5.2,Medium,High,Yes,Yes,No,High,Near,No,No,63.5
STU03070,20,Female,18.2,60.5,77.1,72.5,5.8,High,High,Yes,No,No,Low,Near,No,Yes,75.6
STU03071,21,Male,6.2,89.8,57.8,51.2,9.2,Low,Low,Yes,No,Yes,Low,Moderate,No,No,43.5
STU03072,19,Male,17.9,82.2,54.9,67.1,7.2,Medium,Medium,Yes,Yes,No,Medium,Near,No,No,70.0
STU03073,19,Male,8.9,98.2,53.5,53.3,9.2,High,High,Yes,No,No,Medium,Near,No,No,53.5
STU03074,20,Female,,82.6,71.1,57.5,6.2,Medium,High,Yes,No,Yes,Low,Moderate,No,No,64.4
STU03075,19,Male,0.4,82.9,60.9,34.8,4.8,High,Low,Yes,No,No,Low,Near,No,No,53.7
STU03076,20,Female,22.5,85.0,60.3,82.5,6.6,High,Medium,Yes,No,No,Medium,Moderate,No,No,73.1
STU03077,21,Female,12.6,78.4,43.8,87.4,9.5,Medium,Low,Yes,No,Yes,Medium,Moderate,No,No,48.2
STU03078,16,Male,,79.1,70.3,69.9,4.0,Medium,High,No,Yes,No,High,Near,No,No,72.7
STU03079,20,Male,8.4,83.5,51.5,63.9,4.4,High,Low,Yes,Yes,Yes,Medium,Near,No,No,53.9
STU03080,17,Other,10.5,100.0,63.6,65.4,6.6,Low,Low,Yes,No,Yes,Low,Moderate,No,Yes,50.7
STU03081,19,Other,,80.1,47.1,63.0,8.6,Medium,Medium,Yes,No,No,Medium,Moderate,No,No,54.2
STU03082,20,Male,16.3,78.1,52.1,59.4,5.4,High,Low,Yes,Yes,No,Medium,Near,No,Yes,68.8
STU03083,20,Male,19.6,81.0,67.9,70.7,7.3,Medium,High,Yes,No,No,Low,Near,No,No,68.5
STU03084,21,Other,7.0,85.0,59.5,54.2,6.9,Low,Low,Yes,Yes,No,High,Far,No,No,51.8
STU03085,19,Male,16.1,100.0,64.1,75.6,8.8,High,Medium,Yes,No,No,High,Near,No,No,70.5
STU03086,16,Male,13.0,77.4,87.8,66.6,10.0,High,Low,Yes,Yes,No,Low,Far,No,No,76.2
STU03087,21,Male,16.6,100.0,70.9,79.4,5.8,Medium,High,Yes,No,No,Low,Near,Yes,No,71.0
STU03088,16,Female,7.8,89.5,56.0,62.1,6.5,High,Medium,No,No,Yes,Low,Near,No,No,63.5
STU03089,21,Male,18.7,75.0,46.5,84.1,6.9,Medium,Medium,Yes,No,No,Low,Moderate,No,No,60.2
STU03090,19,Male,12.8,79.5,74.7,73.4,5.8,Medium,Low,Yes,No,Yes,Medium,Near,No,No,65.6
STU03091,15,Male,13.9,65.6,45.6,65.9,9.7,Low,Medium,Yes,No,No,Medium,Near,No,No,38.5
STU03092,19,Female,33.7,86.1,64.3,75.2,5.3,Medium,High,No,Yes,No,High,Near,No,Yes,76.9
STU03093,19,Other,0.9,95.5,59.2,56.8,8.9,Medium,High,No,Yes,Yes,Low,Far,No,No,51.0
STU03094,16,Female,19.3,85.3,59.8,84.0,6.4,Medium,High,Yes,No,Yes,Medium,Near,No,Yes,73.6
STU03095,16,Female,18.5,93.0,69.6,72.6,6.9,Medium,Medium,Yes,Yes,No,High,Moderate,No,No,79.4
STU03096,19,Female,20.0,89.3,49.3,72.9,7.2,High,High,Yes,Yes,No,Medium,Moderate,No,No,71.6
STU03097,19,Male,19.7,97.1,60.6,71.6,6.3,Medium,Medium,Yes,No,No,Low,Moderate,No,No,65.9
STU03098,19,Male,16.5,75.2,77.5,68.2,8.2,High,Medium,Yes,No,No,Low,Moderate,No,Yes,72.5
STU03099,16,Female,18.3,93.8,76.2,71.5,7.6,Low,Medium,No,No,No,Medium,Near,No,No,69.2
STU03100,19,Male,36.5,100.0,83.2,100.0,9.3,High,Low,Yes,No,No,High,Near,No,Yes,100.0
STU03101,19,Male,13.6,100.0,47.5,62.4,8.0,Low,Low,Yes,No,No,High,Near,No,No,54.6
STU03102,18,Female,13.5,99.2,56.5,71.5,5.2,Medium,High,Yes,Yes,No,High,Near,No,No,62.8
STU03103,15,Male,6.5,86.7,48.9,62.7,6.8,Medium,,Yes,No,Yes,High,Near,No,No,53.1
STU03104,17,Male,8.4,75.3,62.2,61.9,9.4,Medium,Low,Yes,Yes,No,Medium,Near,No,No,59.7
STU03105,15,Other,16.8,76.8,56.5,82.4,6.1,High,Medium,Yes,Yes,No,High,Far,No,No,73.9
STU03106,18,Female,18.0,83.3,72.2,58.8,9.2,Medium,High,No,No,No,High,Far,No,No,62.1
STU03107,17,Male,14.1,100.0,54.7,53.3,8.1,Low,Low,No,No,No,Medium,Near,No,No,64.4
STU03108,21,Other,20.2,79.7,76.8,66.5,8.2,Medium,High,Yes,No,Yes,Low,Near,No,No,74.5
STU03109,19,Female,11.8,86.8,67.8,59.2,4.0,Medium,High,Yes,Yes,No,Medium,Near,No,No,60.8
STU03110,18,Female,34.9,94.4,56.8,96.8,7.6,Medium,High,Yes,No,No,Low,Near,Yes,No,73.2
STU03111,21,Male,16.2,52.1,60.8,66.3,10.0,High,High,Yes,Yes,No,Low,Near,No,No,65.7
STU03112,19,Male,20.4,74.4,72.9,68.9,5.7,Medium,High,Yes,No,No,High,Far,No,No,73.6
STU03113,16,Female,16.3,100.0,48.1,83.4,9.4,Medium,High,Yes,No,No,High,Near,No,No,68.1
STU03114,20,Female,10.2,95.4,62.4,59.8,7.3,Medium,High,Yes,No,No,Low,Near,No,Yes,58.2
STU03115,18,Female,10.9,95.5,82.8,65.9,5.8,Medium,Medium,No,No,Yes,Medium,Near,No,Yes,71.1
STU03116,16,Male,5.8,75.6,69.2,55.2,6.6,Medium,Low,Yes,No,No,High,Far,No,Yes,63.8
STU03117,18,Male,1.2,99.5,62.5,69.2,4.4,High,Medium,Yes,Yes,Yes,Medium,Far,No,No,66.9
STU03118,18,Female,22.6,76.8,53.5,81.3,7.1,Medium,High,Yes,No,No,Medium,Moderate,No,No,64.7
STU03119,16,Male,10.1,85.9,55.3,68.7,7.6,Medium,High,Yes,Yes,No,Medium,Moderate,No,No,65.0
STU03120,17,Female,14.5,91.9,65.2,62.6,10.0,Medium,Medium,Yes,No,No,High,Near,No,No,66.4
STU03121,15,Male,27.3,93.3,82.5,98.5,7.6,High,Medium,Yes,No,No,High,Near,Yes,No,80.2
STU03122,19,Male,24.4,89.9,43.0,85.8,9.1,Medium,High,Yes,No,No,Medium,Moderate,No,No,61.0
STU03123,18,Female,16.2,83.0,84.6,60.4,5.5,High,Medium,Yes,No,No,Low,Moderate,No,Yes,71.3
STU03124,19,Female,13.3,66.5,51.6,67.6,6.7,Medium,Low,Yes,No,No,High,Near,No,No,56.7
STU03125,20,Male,13.8,85.8,73.3,83.0,7.5,Low,Medium,Yes,No,No,Low,Near,No,Yes,60.7
STU03126,16,Male,32.6,63.3,38.6,100.0,5.7,Low,High,Yes,Yes,Yes,Medium,Moderate,No,No,57.4
STU03127,19,Female,16.4,90.7,51.9,47.0,6.7,Medium,Low,Yes,No,Yes,Low,Near,No,Yes,56.2
STU03128,16,Male,38.9,75.2,75.6,94.2,8.5,Low,Low,Yes,Yes,Yes,Medium,Moderate,No,No,87.9
STU03129,19,Female,4.6,83.4,77.7,53.8,10.0,Medium,Low,No,Yes,No,Medium,Near,Yes,No,51.9
STU03130,15,Other,15.4,79.9,59.9,67.4,,Low,Medium,Yes,Yes,Yes,Low,Near,No,No,62.9
STU03131,15,Male,24.3,90.7,60.9,67.4,5.9,Medium,High,No,No,No,High,Moderate,No,No,67.7
STU03132,15,Female,23.6,77.1,58.8,79.2,6.9,Medium,Medium,Yes,Yes,No,Low,Far,No,No,75.1
STU03133,15,Male,20.1,87.6,51.6,67.6,5.4,Medium,Low,Yes,No,No,High,Near,No,No,65.8
STU03134,15,Female,10.1,86.8,60.8,75.1,7.4,Medium,Medium,Yes,No,Yes,High,Near,No,No,66.0
STU03135,15,Male,4.5,85.7,50.5,52.1,9.2,Medium,Medium,Yes,No,Yes,Medium,Near,No,No,60.1
STU03136,16,Other,13.6,88.9,48.1,48.3,7.5,High,Medium,No,No,Yes,Medium,Moderate,No,Yes,56.6
STU03137,18,Male,23.3,73.0,57.6,89.2,7.0,Low,High,Yes,No,Yes,Low,Far,No,Yes,62.9
STU03138,19,Male,28.6,73.3,44.7,73.6,6.9,Medium,Medium,Yes,No,Yes,Medium,Near,No,No,66.9
STU03139,15,Other,15.9,99.3,66.7,77.9,7.3,High,Medium,Yes,No,Yes,Medium,Near,Yes,No,68.4
STU03140,16,Female,14.2,69.6,56.6,52.2,9.5,Medium,Low,No,No,Yes,Medium,Far,No,No,46.1
STU03141,16,Female,16.7,100.0,57.8,57.3,8.2,High,Medium,Yes,Yes,No,Medium,Moderate,No,No,75.1
STU03142,16,Male,16.8,83.6,62.3,52.6,5.5,Low,Low,Yes,Yes,No,Medium,Moderate,Yes,No,54.8
STU03143,18,Female,24.5,76.5,83.8,80.4,6.1,Medium,Medium,Yes,No,No,High,Near,No,No,78.7
STU03144,19,Male,12.1,93.6,73.6,79.5,8.8,Low,Medium,Yes,Yes,No,Low,Near,No,No,69.6
STU03145,18,Male,14.1,79.4,55.1,49.9,7.6,Medium,Low,No,No,Yes,Medium,Moderate,No,Yes,57.2
STU03146,17,Female,18.7,88.4,51.0,63.1,4.3,Medium,High,Yes,Yes,No,Low,Moderate,Yes,No,50.5
STU03147,21,Male,9.9,97.4,74.8,74.0,8.6,Medium,Medium,No,No,Yes,High,Moderate,No,Yes,74.4
STU03148,16,Female,7.6,92.1,55.4,74.0,6.4,Low,High,Yes,Yes,No,Low,Near,No,No,53.4
STU03149,17,Female,26.2,89.3,57.1,83.9,5.9,Medium,Medium,Yes,No,No,Medium,Moderate,No,No,74.4
STU03150,20,Female,14.8,91.5,47.4,61.9,8.6,High,Low,Yes,No,No,Low,Far,No,No,68.2
STU03151,15,Female,22.1,85.4,61.1,80.9,8.5,Medium,Medium,Yes,No,Yes,Medium,Far,No,No,71.7
STU03152,21,Female,20.5,93.1,62.9,74.2,6.8,Low,,Yes,No,No,High,Near,No,No,66.6
STU03153,15,Male,4.0,74.3,63.9,61.6,7.7,Low,High,Yes,Yes,Yes,Medium,Moderate,Yes,No,55.1
STU03154,18,Female,9.8,99.6,59.0,61.2,6.1,Medium,High,Yes,No,No,Medium,Moderate,No,Yes,61.7
STU03155,21,Male,15.5,83.4,54.5,62.4,5.9,Medium,Medium,Yes,No,Yes,Medium,Far,No,No,60.0
STU03156,19,Male,13.1,86.8,50.0,54.8,6.5,High,High,Yes,Yes,Yes,High,Moderate,No,No,72.9
STU03157,17,Female,17.0,81.9,58.1,61.8,6.5,High,Medium,Yes,Yes,Yes,Medium,Far,No,No,79.8
STU03158,19,Female,16.5,91.1,62.5,71.7,6.1,High,Medium,No,No,No,High,Far,No,No,74.9
STU03159,18,Female,21.3,95.5,49.9,65.4,8.3,Medium,Medium,Yes,No,Yes,Medium,Near,No,No,66.5
STU03160,15,Male,14.7,75.1,63.0,76.8,7.2,Low,Low,Yes,No,Yes,Medium,Moderate,No,Yes,57.6
STU03161,21,Female,15.6,84.3,78.0,58.6,5.6,Medium,High,Yes,No,No,Low,Moderate,No,No,66.2
STU03162,19,Male,3.5,86.7,47.7,51.9,6.1,Medium,Medium,No,No,Yes,Medium,Near,Yes,No,44.2
STU03163,19,Female,10.2,89.4,73.1,36.1,5.2,High,Medium,Yes,No,Yes,Low,Near,No,Yes,62.6
STU03164,15,Female,10.6,82.1,42.3,62.4,6.9,Low,Medium,Yes,No,Yes,High,Near,No,No,58.1
STU03165,21,Female,11.4,80.7,48.3,68.0,9.2,Medium,Low,Yes,Yes,Yes,Medium,Moderate,Yes,Yes,65.2
STU03166,17,Male,12.0,93.9,56.2,71.7,7.4,Medium,High,Yes,Yes,Yes,High,Near,No,Yes,77.9
STU03167,15,Male,19.8,90.1,77.1,75.2,7.2,Medium,Medium,Yes,No,No,Low,Far,No,Yes,77.6
STU03168,19,Male,29.2,87.2,65.3,85.5,4.8,Medium,Low,Yes,Yes,No,Low,Moderate,No,No,73.1
STU03169,17,Female,4.2,97.5,53.6,54.9,9.1,Medium,Low,Yes,No,No,High,Moderate,No,No,55.1
STU03170,17,Female,13.4,71.6,46.5,59.6,7.1,Medium,Medium,Yes,No,No,Medium,Near,No,Yes,53.4
STU03171,15,Male,8.1,93.0,55.6,62.3,7.2,Medium,Low,Yes,No,No,Medium,Moderate,No,No,55.5
STU03172,19,Female,4.3,88.7,51.5,72.5,5.3,Low,Low,Yes,No,No,High,Moderate,No,No,52.5
STU03173,18,Female,10.8,70.5,71.2,71.9,6.8,Low,High,No,No,No,Medium,Near,No,No,54.3
STU03174,19,Female,6.6,96.7,44.6,61.6,5.6,Low,Medium,Yes,No,No,Low,Far,No,No,47.8
STU03175,16,Female,16.9,90.9,65.1,69.5,6.0,Medium,Medium,Yes,No,Yes,High,Moderate,No,Yes,68.9
STU03176,21,Female,13.7,92.2,55.2,66.8,4.4,High,Low,Yes,No,Yes,Low,Near,No,No,65.0
STU03177,20,Male,12.6,82.0,75.7,75.6,4.1,Medium,Low,Yes,No,Yes,High,Far,No,No,64.8
STU03178,18,Male,17.5,92.6,48.6,79.9,10.0,Medium,Medium,Yes,No,No,Low,Near,No,No,54.3
STU03179,17,Male,3.5,77.7,60.5,63.8,7.3,Medium,High,Yes,Yes,No,Medium,Moderate,No,No,59.8
STU03180,18,Other,6.9,71.5,63.0,75.7,8.7,Medium,Medium,No,No,Yes,Low,Moderate,No,Yes,57.9
STU03181,21,Female,17.8,84.9,51.5,77.9,6.6,Medium,Low,Yes,Yes,No,Medium,Near,No,No,69.4
STU03182,17,Female,6.8,91.8,65.0,75.3,6.7,Medium,High,Yes,No,No,Low,Moderate,No,No,62.9
STU03183,21,Male,0.0,95.1,71.2,77.3,5.4,High,Low,Yes,No,Yes,High,Moderate,No,No,74.7
STU03184,17,Male,27.8,86.5,65.2,67.7,7.9,Medium,,Yes,Yes,No,Medium,Moderate,No,No,79.8
STU03185,18,Male,17.7,85.7,59.7,71.8,8.1,High,High,Yes,No,Yes,Low,Near,No,No,75.7
STU03186,17,Male,23.1,95.1,52.1,69.9,7.8,High,Low,Yes,No,No,Medium,Near,No,No,72.0
STU03187,17,Female,9.2,81.7,67.3,60.5,,Medium,High,Yes,No,Yes,Medium,Near,Yes,No,58.7
STU03188,16,Other,3.9,79.4,55.8,73.7,7.4,Medium,High,Yes,No,Yes,Low,Far,No,No,59.9
STU03189,19,Female,17.3,100.0,63.8,86.1,6.4,Medium,Medium,Yes,No,No,Low,Near,No,No,68.8
STU03190,19,Female,6.2,82.2,57.8,60.7,8.6,Medium,High,Yes,No,Yes,Medium,Moderate,No,No,58.5
STU03191,20,Male,23.2,94.2,47.4,82.0,5.0,High,Medium,No,No,Yes,Low,Far,Yes,No,63.5
STU03192,20,Male,16.9,98.6,59.5,64.3,5.8,High,Medium,Yes,No,No,Low,Moderate,Yes,No,64.1
STU03193,16,Male,16.6,87.1,57.5,82.4,6.7,High,Low,Yes,Yes,No,Low,Far,No,No,68.7
STU03194,20,Female,16.6,87.6,58.4,64.4,5.1,Medium,Medium,Yes,No,No,Medium,Far,No,No,64.9
STU03195,21,Female,31.3,100.0,79.6,94.1,4.7,Low,Medium,Yes,No,No,Medium,Near,No,Yes,83.4
STU03196,18,Male,20.2,71.9,60.6,68.0,6.7,High,Medium,No,No,No,Low,Near,No,No,57.6
STU03197,15,Male,13.4,71.8,70.3,59.6,6.3,Low,Low,Yes,No,Yes,High,Near,No,No,61.4
STU03198,21,Male,16.1,93.2,50.2,79.8,6.8,Low,Medium,Yes,No,No,High,Near,Yes,No,59.4
STU03199,15,Male,8.0,80.9,55.0,56.4,7.0,High,Low,Yes,No,Yes,Low,Moderate,No,No,63.0
STU03200,15,Male,10.8,93.6,74.5,65.6,7.9,Medium,Low,Yes,Yes,No,Low,Near,No,No,70.6
STU03201,16,Male,25.0,84.4,37.4,76.3,7.1,High,,Yes,Yes,No,High,Moderate,No,No,75.1
STU03202,21,Male,15.3,93.3,57.4,71.7,9.6,Medium,Medium,Yes,No,Yes,Medium,Near,No,No,55.9
STU03203,16,Female,21.1,76.2,58.0,75.7,7.3,High,Medium,No,Yes,Yes,Medium,Near,No,No,76.9
STU03204,17,Female,7.9,91.1,64.7,61.7,9.3,Medium,Medium,Yes,No,No,Medium,Moderate,No,No,57.9
STU03205,15,Male,21.8,80.0,51.2,79.4,8.6,Medium,Medium,Yes,Yes,Yes,Medium,Near,Yes,No,65.0
STU03206,18,Male,13.4,92.2,51.2,80.6,8.7,High,Medium,Yes,No,No,Low,Moderate,No,No,61.5
STU03207,20,Male,16.8,100.0,58.7,64.4,4.7,High,Medium,Yes,No,Yes,Medium,Far,No,Yes,70.7
STU03208,18,Male,15.5,77.0,52.8,95.0,7.3,Low,Medium,No,No,No,Medium,Moderate,No,Yes,58.7
STU03209,20,Male,16.5,81.5,67.9,65.5,7.6,Medium,Medium,No,No,No,Medium,Near,Yes,No,58.0
STU03210,15,Female,14.1,83.7,67.5,60.3,6.6,High,Medium,Yes,No,No,High,Far,No,No,60.8
STU03211,15,Female,25.3,88.2,53.9,78.6,7.2,Medium,Medium,Yes,No,No,Low,Near,No,No,64.2
STU03212,15,Female,3.0,62.1,54.8,59.5,5.5,Medium,High,Yes,No,No,Medium,Moderate,No,No,48.7
STU03213,16,Male,19.3,85.3,57.4,63.1,9.2,Medium,Medium,Yes,Yes,No,Medium,Near,No,No,62.1
STU03214,21,Female,9.7,82.8,57.5,72.6,7.0,Medium,Medium,Yes,Yes,Yes,Medium,Near,No,No,64.6
STU03215,20,Male,7.4,82.9,46.4,57.2,7.6,Medium,Low,Yes,Yes,No,Low,Far,No,No,52.5
STU03216,21,Male,32.1,87.9,64.4,65.3,5.8,Low,Medium,No,Yes,No,Medium,Near,No,No,73.3
STU03217,16,Female,7.4,88.5,60.6,68.9,9.4,Low,Medium,Yes,No,No,Low,Far,No,No,45.8
STU03218,16,Female,0.5,88.4,65.3,47.1,8.2,High,High,Yes,No,No,Low,Near,No,No,56.4
STU03219,19,Female,22.6,74.2,59.2,71.8,8.6,High,Medium,No,Yes,No,Low,Far,No,No,68.9
STU03220,18,Female,11.1,82.5,62.3,70.8,10.0,High,Low,No,No,No,Medium,Far,Yes,No,61.3
STU03221,18,Female,25.2,82.1,54.7,79.2,6.7,Medium,High,Yes,No,No,Low,Moderate,No,No,68.6
STU03222,17,Female,0.0,90.3,57.8,41.9,7.9,Medium,Medium,Yes,No,Yes,Medium,Moderate,No,No,55.8
STU03223,16,Female,29.8,75.3,65.4,80.3,7.8,Medium,Medium,Yes,No,Yes,Low,Moderate,No,Yes,71.2
STU03224,20,Female,22.5,86.9,57.7,64.2,6.2,Medium,High,Yes,Yes,Yes,Low,Far,No,Yes,67.3
STU03225,19,Female,13.3,100.0,68.2,67.6,7.6,High,Low,Yes,Yes,No,Medium,Near,No,No,78.9
STU03226,19,Other,1.1,58.4,52.8,59.1,5.8,High,Medium,No,No,No,Low,Moderate,No,No,46.3
STU03227,21,Female,4.3,83.3,52.1,73.5,7.0,Low,Low,Yes,No,No,Medium,Near,No,No,54.9
STU03228,18,Male,9.5,65.2,55.8,46.2,4.6,High,Medium,Yes,No,No,Medium,Near,No,No,55.3
STU03229,16,Female,20.7,85.0,89.1,77.4,5.8,Low,High,Yes,No,No,High,Near,No,No,84.1
STU03230,17,Male,8.1,93.4,53.9,55.8,4.3,Medium,Low,Yes,No,Yes,High,Moderate,No,Yes,60.5
STU03231,16,Male,0.0,79.9,41.7,54.5,9.3,Medium,Medium,Yes,No,No,Medium,Far,No,No,44.3
STU03232,21,Male,16.8,94.3,54.2,70.8,8.0,High,High,Yes,No,Yes,Medium,Near,No,No,67.4
STU03233,15,Female,23.0,98.6,50.0,65.4,6.3,Low,Low,Yes,No,No,Low,Moderate,No,No,60.8
STU03234,16,Female,32.6,89.0,60.0,85.0,5.9,Medium,Low,Yes,No,Yes,Medium,Moderate,No,No,68.7
STU03235,21,Male,6.8,79.9,41.2,61.2,8.7,Low,Low,Yes,Yes,Yes,Medium,Moderate,No,No,45.4
STU03236,15,Male,7.6,90.4,71.8,56.5,9.7,High,High,Yes,Yes,Yes,Low,Far,No,No,69.3
STU03237,15,Male,0.0,100.0,64.3,31.8,8.2,Low,High,Yes,No,Yes,Low,Near,No,No,51.7
STU03238,17,Female,2.6,71.7,61.8,49.7,9.0,Low,High,Yes,Yes,No,Low,Near,No,No,47.2
STU03239,20,Male,6.5,96.1,62.5,64.6,7.0,Medium,High,Yes,No,Yes,Medium,Near,No,Yes,64.0
STU03240,18,Male,7.9,72.1,59.9,67.8,4.0,Medium,High,Yes,No,Yes,Medium,Far,No,Yes,51.5
STU03241,16,Male,10.7,69.8,64.7,72.5,6.8,High,High,Yes,No,No,Medium,Far,No,No,75.3
STU03242,15,Female,19.7,72.7,50.9,72.7,7.2,Medium,Medium,Yes,No,No,Medium,Near,No,No,65.8
STU03243,16,Male,19.1,84.6,44.8,67.2,8.6,Medium,Medium,Yes,No,No,Medium,Near,No,No,60.2
STU03244,20,Female,10.9,97.6,68.6,66.9,6.4,Medium,Medium,No,No,Yes,Medium,Moderate,No,Yes,67.4
STU03245,18,Male,15.1,64.9,69.7,66.6,5.3,Medium,Medium,Yes,Yes,Yes,Low,Moderate,No,No,61.5
STU03246,20,Female,4.1,94.9,81.0,41.3,4.3,High,High,Yes,No,Yes,Medium,Moderate,No,No,63.5
STU03247,18,Male,10.5,83.5,52.0,52.7,8.0,High,High,Yes,No,Yes,Medium,Far,No,No,64.5
STU03248,19,Female,4.7,74.0,51.4,61.7,6.6,Medium,Low,Yes,No,Yes,Medium,Far,No,No,54.6
STU03249,18,Male,9.1,90.9,77.1,58.4,5.3,Low,Low,Yes,Yes,No,Medium,Far,No,No,66.3
STU03250,17,Female,29.8,80.3,79.0,75.6,7.9,Low,Medium,Yes,No,No,Medium,Moderate,Yes,No,64.1
STU03251,20,Female,16.2,100.0,58.2,61.3,8.2,Medium,Medium,Yes,No,No,Low,Near,No,No,66.4
STU03252,15,Female,10.2,90.0,70.8,66.3,6.7,Low,Low,Yes,No,No,Medium,Moderate,No,No,65.1
STU03253,19,Female,18.8,85.6,61.3,54.1,8.5,Medium,High,Yes,No,Yes,High,Moderate,No,No,69.5
STU03254,17,Male,11.8,91.5,54.4,63.5,8.0,Medium,Low,Yes,Yes,Yes,Medium,Near,No,No,68.9
STU03255,16,Female,28.5,98.4,62.6,88.8,6.8,Low,Medium,Yes,Yes,Yes,Low,Near,No,No,77.1
STU03256,20,Female,17.8,99.4,73.9,81.0,6.7,Medium,Low,Yes,No,No,Low,Moderate,No,No,80.5
STU03257,21,Male,5.7,94.3,64.5,57.2,6.5,Medium,Medium,Yes,No,No,High,Moderate,No,No,68.6
STU03258,21,Female,25.6,98.8,68.9,61.7,7.0,Low,Medium,Yes,Yes,No,Low,Moderate,No,No,72.4
STU03259,15,Male,20.0,97.0,46.6,79.4,9.2,High,High,Yes,No,No,Low,Near,No,No,63.1
STU03260,18,Male,18.7,94.1,86.1,76.3,8.8,Medium,Medium,Yes,No,No,Medium,Moderate,No,No,80.3
STU03261,15,Male,21.6,81.1,53.7,90.5,7.8,Medium,High,Yes,Yes,No,High,Near,No,No,75.9
STU03262,21,Male,20.8,97.6,37.8,90.2,9.7,Low,Medium,Yes,Yes,Yes,Medium,Moderate,No,No,66.2
STU03263,16,Female,19.1,80.7,91.3,73.4,8.7,Medium,High,No,No,No,Medium,Moderate,No,No,72.3
STU03264,19,Male,13.7,87.6,47.5,56.9,6.8,Medium,Medium,No,No,No,Medium,Far,No,Yes,48.2
STU03265,19,Male,22.3,81.2,58.0,82.3,7.9,High,High,Yes,Yes,No,Low,Moderate,No,No,68.7
STU03266,20,Male,13.6,91.7,50.5,76.1,9.0,Medium,Medium,Yes,No,No,High,Moderate,No,Yes,69.4
STU03267,19,Female,25.6,97.8,63.0,81.6,7.1,High,Medium,No,Yes,Yes,Medium,Moderate,No,No,87.8
STU03268,20,Female,19.0,80.9,72.4,70.9,6.7,Medium,Medium,Yes,Yes,No,Medium,Moderate,No,No,82.8
STU03269,20,Male,16.5,70.9,67.8,86.3,,Low,Low,Yes,No,Yes,High,Near,No,No,72.8
STU03270,20,Male,20.1,95.1,42.5,65.3,7.8,High,Medium,Yes,No,No,High,Moderate,No,No,76.3
STU03271,21,Male,16.3,95.4,56.9,64.8,8.6,Low,Low,Yes,No,No,Medium,Moderate,No,No,62.6
STU03272,21,Female,25.2,100.0,71.1,84.7,5.9,Medium,Medium,Yes,No,No,Low,Moderate,No,No,75.0
STU03273,18,Female,22.6,93.9,67.1,74.6,8.4,High,Medium,Yes,Yes,No,High,Near,No,No,83.1
STU03274,17,Male,15.6,94.2,55.0,71.8,6.7,High,High,Yes,No,No,Medium,Far,No,No,70.0
STU03275,20,Male,0.0,77.8,58.5,59.9,6.9,Medium,Medium,Yes,No,No,High,Near,No,No,60.3
STU03276,20,Female,21.9,92.4,54.9,64.6,5.6,Medium,Low,Yes,No,Yes,High,Near,No,No,63.5
STU03277,17,Female,18.3,100.0,49.0,66.7,6.7,Medium,High,Yes,No,No,Low,Far,No,No,57.6
STU03278,15,Male,34.4,79.5,33.4,100.0,4.9,Medium,Medium,Yes,Yes,Yes,High,Far,No,No,74.8
STU03279,20,Male,4.6,72.8,68.0,58.0,8.7,High,Medium,Yes,No,Yes,Medium,Near,No,No,57.9
STU03280,18,Male,13.3,86.4,58.4,65.1,6.2,High,High,Yes,No,No,Medium,Far,No,No,59.9
STU03281,19,Female,2.6,94.4,55.9,48.5,7.5,High,Medium,No,Yes,No,Low,Near,Yes,Yes,56.7
STU03282,19,Female,9.2,87.2,26.5,68.9,5.3,High,Medium,No,No,No,High,Moderate,No,No,54.2
STU03283,16,Female,27.5,100.0,64.4,74.4,7.7,Medium,Medium,Yes,Yes,No,Medium,Moderate,No,No,78.1
STU03284,16,Female,1.7,76.4,57.7,61.3,4.0,Medium,,Yes,No,No,Medium,Moderate,No,Yes,44.4
STU03285,19,Male,3.9,69.8,48.4,49.7,5.6,Medium,Medium,Yes,No,No,High,Moderate,No,No,43.5
STU03286,19,Female,19.6,99.3,60.5,64.9,9.0,Low,Medium,Yes,No,No,Medium,Near,No,No,63.0
STU03287,21,Female,16.5,70.9,55.4,57.9,6.0,Medium,Medium,Yes,Yes,No,Medium,Near,No,No,60.5
STU03288,18,Male,12.4,88.2,53.6,64.1,6.7,Medium,Low,Yes,No,No,High,Moderate,No,No,60.6
STU03289,17,Female,0.0,99.0,75.2,50.2,4.0,Medium,High,Yes,No,Yes,Medium,Near,No,No,56.2
STU03290,16,Male,25.1,87.2,68.3,70.9,9.0,High,,No,Yes,No,High,Far,No,No,82.6
STU03291,21,Male,13.1,78.0,96.5,58.7,6.6,Low,High,Yes,No,No,High,Moderate,No,No,72.3
STU03292,21,Female,6.8,97.7,42.6,38.1,9.0,Medium,Medium,Yes,Yes,No,Medium,Near,No,Yes,49.9
STU03293,17,Female,17.6,86.7,60.3,67.2,6.0,Medium,High,Yes,No,No,Medium,Moderate,No,No,69.0
STU03294,21,Female,25.0,82.8,76.2,100.0,4.8,Low,Medium,Yes,Yes,No,Low,Near,No,No,80.7
STU03295,18,Male,12.9,100.0,50.0,43.8,9.1,High,Medium,Yes,Yes,No,Medium,Near,No,No,61.3
STU03296,19,Female,9.8,81.2,86.7,65.1,7.6,Medium,Low,Yes,Yes,Yes,Medium,Moderate,No,Yes,70.8
STU03297,20,Female,15.3,79.0,67.8,72.3,7.2,High,Low,Yes,Yes,Yes,Medium,Far,No,No,76.2
STU03298,17,Male,18.1,76.0,45.1,67.4,6.1,Low,High,Yes,No,No,Low,Moderate,No,No,51.5
STU03299,19,Other,18.8,97.2,47.7,74.0,8.8,Medium,High,Yes,Yes,No,Low,Near,No,Yes,65.8
STU03300,19,Female,13.0,89.3,52.5,58.3,4.2,Medium,Medium,Yes,No,No,Low,Moderate,No,No,61.9
STU03301,15,Male,24.8,80.1,57.8,72.9,8.2,Low,Medium,Yes,Yes,Yes,Low,Near,No,No,65.9
STU03302,17,Female,8.0,70.6,68.2,65.5,5.2,Medium,High,Yes,No,Yes,Medium,Near,No,No,58.9
STU03303,21,Male,13.6,99.1,60.2,41.8,7.7,Medium,High,Yes,Yes,No,Low,Far,No,No,66.0
STU03304,20,Male,13.6,80.3,65.8,61.7,10.0,Medium,Low,Yes,No,No,Low,Far,No,No,59.5
STU03305,17,Male,2.7,66.8,68.4,56.5,6.9,Medium,Medium,Yes,Yes,No,Low,Near,No,No,58.2
STU03306,21,Other,17.9,85.9,60.4,69.0,6.9,High,Low,Yes,No,Yes,Medium,Moderate,No,No,65.4
STU03307,19,Male,15.7,95.3,63.9,80.4,,Medium,Medium,Yes,No,No,High,Far,No,No,71.3
STU03308,20,Female,13.5,92.2,74.3,67.2,6.8,High,Medium,Yes,No,No,Low,Near,No,No,72.3
STU03309,21,Male,19.0,85.8,60.9,74.8,6.3,Medium,Low,Yes,No,No,Medium,Near,No,No,69.5
STU03310,18,Female,13.4,80.6,54.9,69.7,7.0,Low,Medium,Yes,No,Yes,Medium,Far,No,No,61.4
STU03311,21,Female,26.3,79.4,61.2,72.2,6.6,Medium,High,Yes,Yes,Yes,Low,Moderate,No,No,72.5
STU03312,15,Female,18.8,97.8,54.9,77.4,6.7,Low,Medium,Yes,Yes,Yes,Medium,Near,No,No,65.1
STU03313,19,Male,18.0,65.5,51.0,88.8,6.2,Medium,High,Yes,No,Yes,Low,Near,Yes,No,47.4
STU03314,21,Female,9.6,75.5,80.2,42.4,6.8,Medium,High,Yes,Yes,No,Medium,Near,No,No,73.5
STU03315,16,Other,0.0,84.0,59.3,40.3,6.9,Medium,High,Yes,No,No,Low,Moderate,No,No,47.2
STU03316,16,Female,21.4,65.1,85.6,79.6,9.5,Medium,Low,Yes,No,Yes,High,Moderate,No,Yes,80.5
STU03317,15,Female,0.0,82.8,65.2,47.3,9.4,Medium,Medium,No,No,No,Low,Moderate,Yes,Yes,46.7
STU03318,18,Female,12.9,72.7,60.2,64.5,7.5,Medium,Medium,Yes,No,Yes,Medium,Moderate,No,Yes,65.8
STU03319,19,Male,22.0,89.7,48.0,78.5,6.3,Medium,Medium,Yes,No,No,High,Near,No,No,61.6
STU03320,17,Female,8.1,79.3,47.0,47.2,7.5,Medium,Medium,Yes,No,No,Low,Near,No,No,44.6
STU03321,15,Female,11.3,81.0,63.7,55.8,5.8,Medium,Low,Yes,No,No,Medium,Near,No,No,55.6
STU03322,18,Male,3.8,78.6,52.8,57.4,,High,Low,Yes,No,No,Medium,Far,No,No,65.0
STU03323,17,Male,7.6,91.8,33.9,53.4,7.1,Medium,Medium,No,No,No,Medium,Moderate,No,No,41.7
STU03324,16,Male,8.6,84.3,46.4,46.2,6.0,High,Medium,Yes,No,No,Low,Near,Yes,Yes,48.7
STU03325,16,Female,11.3,94.5,50.3,58.4,6.0,Medium,High,Yes,Yes,No,Low,Moderate,Yes,No,51.6
STU03326,17,Female,16.0,97.1,62.6,71.4,6.3,Medium,High,No,No,No,Medium,Far,No,No,68.7
STU03327,15,Male,16.9,82.1,53.8,86.9,10.0,High,Low,Yes,No,Yes,Medium,Moderate,No,No,77.2
STU03328,16,Male,26.6,78.0,69.0,78.3,7.3,High,Medium,Yes,Yes,Yes,Medium,Near,No,No,87.6
STU03329,19,Male,11.1,80.8,50.4,64.8,4.4,Medium,Low,Yes,No,No,Low,Near,No,No,50.9
STU03330,20,Male,19.5,100.0,61.2,62.1,7.3,Medium,Medium,Yes,Yes,Yes,Medium,Near,No,No,66.7
STU03331,21,Male,9.9,78.8,76.0,41.1,7.7,Medium,High,No,Yes,No,Medium,Far,No,Yes,66.3
STU03332,17,Female,28.4,83.3,51.7,72.8,6.9,Medium,Low,Yes,No,No,Medium,Moderate,No,No,69.6
STU03333,17,Male,16.0,87.1,53.4,67.6,7.9,Medium,Medium,No,No,No,Medium,Moderate,No,No,60.9
STU03334,16,Female,13.3,90.5,59.2,72.6,6.1,High,High,Yes,No,No,Low,Far,No,No,67.9
STU03335,15,Female,8.7,86.0,56.9,53.4,6.8,High,Low,Yes,No,No,Low,Far,No,No,61.7
STU03336,19,Male,22.2,100.0,66.4,75.8,6.9,High,Low,Yes,No,No,Low,Near,No,No,84.6
STU03337,15,Female,16.0,87.4,64.0,73.2,6.0,Medium,,Yes,Yes,No,Medium,Near,No,No,63.9
STU03338,18,Female,16.6,83.5,58.2,47.5,5.6,Medium,Medium,Yes,Yes,No,Low,Moderate,No,No,62.6
STU03339,18,Female,6.6,94.6,56.9,65.8,,Medium,High,No,No,No,Medium,Near,No,No,59.1
STU03340,20,Male,8.7,76.1,57.1,52.0,7.3,Medium,Medium,Yes,No,Yes,Medium,Moderate,No,No,57.5
STU03341,16,Male,0.9,90.4,50.8,57.4,4.0,Medium,Medium,Yes,No,No,Medium,Far,No,No,43.6
STU03342,16,Male,10.9,81.3,61.4,69.1,6.2,Medium,Medium,No,No,No,Medium,Moderate,Yes,No,47.8
STU03343,16,Male,11.2,97.9,66.8,75.4,6.6,Medium,Low,Yes,Yes,No,Low,Near,No,No,69.8
STU03344,20,Male,4.2,98.6,67.4,57.7,7.3,High,Low,Yes,No,Yes,Medium,Near,Yes,No,63.9
STU03345,18,Male,14.4,83.3,49.7,71.4,8.2,High,Medium,Yes,Yes,No,High,Near,No,No,74.7
STU03346,15,Male,12.2,76.3,48.6,77.3,6.5,High,Low,No,No,No,Medium,Far,No,Yes,62.1
STU03347,20,Male,9.2,66.4,41.6,51.6,7.9,High,High,Yes,No,No,Medium,Near,No,No,58.1
STU03348,20,Male,8.1,87.3,53.0,61.7,4.9,High,Medium,Yes,No,No,High,Near,No,No,63.6
STU03349,15,Male,16.3,63.7,70.2,69.5,9.0,Medium,,Yes,Yes,No,Medium,Near,No,No,66.3
STU03350,16,Other,8.8,84.1,48.3,74.8,6.9,Medium,Low,Yes,No,Yes,Low,Far,No,No,65.3
STU03351,19,Male,28.2,79.4,62.6,78.3,4.7,Medium,Medium,No,No,Yes,Medium,Moderate,No,No,67.7
STU03352,15,Female,13.5,90.6,51.9,75.7,7.9,Medium,Low,Yes,No,No,Low,Far,No,Yes,62.5
STU03353,18,Male,22.3,84.9,50.2,76.9,6.6,High,Low,Yes,No,No,Medium,Moderate,No,No,68.3
STU03354,17,Female,5.8,79.3,40.1,50.4,9.8,Medium,Medium,Yes,No,No,Medium,Moderate,Yes,Yes,42.1
STU03355,17,Male,13.7,93.5,64.8,78.2,9.4,Low,Medium,Yes,No,No,Medium,Near,No,No,61.9
STU03356,21,Female,7.4,74.1,72.0,55.7,8.3,Medium,High,Yes,No,No,Medium,Near,No,No,64.5
STU03357,21,Female,18.4,90.6,61.3,64.6,4.0,Low,High,Yes,No,Yes,Medium,Moderate,No,No,58.6
STU03358,20,Male,14.5,100.0,68.7,58.8,6.7,Low,Low,Yes,No,No,Medium,Far,No,Yes,65.5
STU03359,17,Female,30.8,94.7,63.3,96.7,8.9,High,High,Yes,No,No,High,Near,No,Yes,83.8
STU03360,19,Female,12.0,80.9,45.0,67.6,8.3,Medium,Low,Yes,No,Yes,Medium,Near,No,No,54.8
STU03361,16,Male,0.9,74.8,51.2,42.1,5.6,Medium,Medium,Yes,No,Yes,High,Moderate,No,No,54.5
STU03362,18,Female,14.5,94.3,42.2,69.2,6.8,Low,Low,No,No,Yes,Low,Near,No,No,50.8
STU03363,21,Female,16.6,72.8,65.3,70.5,7.9,Medium,High,Yes,No,Yes,Medium,Moderate,Yes,No,58.4
STU03364,19,Female,10.0,85.1,55.6,69.7,4.6,Medium,High,Yes,No,Yes,Low,Near,No,No,54.2
STU03365,18,Male,9.0,92.2,53.7,73.0,4.7,Medium,Medium,Yes,Yes,No,Low,Near,No,No,52.8
STU03366,18,Female,5.4,74.9,83.3,48.9,10.0,Low,Low,Yes,No,Yes,High,Near,Yes,No,51.1
STU03367,16,Female,18.9,74.4,58.1,61.5,6.5,Medium,High,Yes,Yes,No,High,Moderate,No,No,72.9
STU03368,20,Female,19.7,71.8,85.6,84.6,4.1,Medium,Medium,Yes,No,Yes,Low,Moderate,No,No,66.4
STU03369,17,Female,34.5,100.0,70.0,92.1,6.0,Medium,Medium,Yes,Yes,No,Low,Near,Yes,No,83.8
STU03370,16,Male,13.7,100.0,55.0,71.3,7.5,High,Medium,Yes,Yes,Yes,Low,Far,No,Yes,76.7
STU03371,19,Female,16.2,100.0,61.2,66.1,8.2,Medium,Medium,Yes,No,No,High,Near,No,No,70.5
STU03372,20,Male,,100.0,78.1,62.4,6.0,High,Low,Yes,Yes,Yes,Low,Near,No,Yes,78.9
STU03373,19,Male,36.7,78.7,58.3,82.6,5.2,High,Medium,Yes,Yes,Yes,Low,Moderate,No,No,86.0
STU03374,20,Female,19.9,66.9,54.3,83.9,8.3,Medium,Medium,Yes,No,No,Low,Near,No,No,56.0
STU03375,21,Female,15.0,100.0,68.4,69.0,5.6,High,Medium,Yes,No,No,Medium,Moderate,No,No,76.6
STU03376,19,Male,31.8,94.3,67.3,95.9,6.6,Medium,High,Yes,No,Yes,High,Far,No,No,81.2
STU03377,16,Female,14.5,93.5,45.1,72.8,8.0,Medium,Medium,Yes,Yes,No,Low,Moderate,No,No,66.3
STU03378,20,Male,40.0,74.6,47.4,93.7,6.3,Medium,Medium,Yes,No,Yes,Medium,Moderate,No,No,69.6
STU03379,20,Male,28.3,86.0,62.2,91.9,10.0,Low,Low,Yes,No,Yes,Low,Moderate,Yes,No,66.0
STU03380,18,Female,14.8,86.6,60.7,72.2,5.7,Medium,Medium,Yes,Yes,Yes,Medium,Near,No,No,66.3
STU03381,18,Male,19.1,84.4,53.5,78.3,6.4,Medium,Low,Yes,Yes,No,Medium,Moderate,No,No,62.4
STU03382,15,Male,16.0,76.5,55.6,54.3,6.4,Medium,Low,Yes,No,No,Low,Near,No,Yes,54.9
STU03383,19,Male,21.0,66.0,41.1,54.4,6.0,High,Medium,Yes,No,No,Low,Far,No,No,51.2
STU03384,18,Female,10.4,77.5,43.8,45.9,8.6,Low,,Yes,No,Yes,High,Near,No,No,50.8
STU03385,15,Male,31.8,56.3,45.2,100.0,6.5,Medium,Medium,Yes,No,No,Low,Moderate,No,No,70.5
STU03386,21,Male,9.8,80.9,52.7,56.6,10.0,High,Medium,Yes,Yes,Yes,Medium,Far,No,No,59.3
STU03387,21,Female,17.0,78.9,45.1,59.9,7.2,Medium,Low,Yes,No,No,Medium,Moderate,No,No,58.5
STU03388,18,Female,17.9,73.3,53.6,86.5,7.3,Low,High,Yes,No,Yes,Low,Far,No,No,59.7
STU03389,19,Male,12.5,89.0,57.5,69.7,4.7,Medium,Medium,Yes,Yes,No,Medium,Moderate,No,No,61.7
STU03390,20,Female,,81.6,63.8,46.9,6.1,Low,High,Yes,Yes,Yes,High,Near,No,No,56.2
STU03391,17,Male,16.9,82.3,66.8,52.7,8.0,Medium,Medium,Yes,No,No,Medium,Far,No,No,62.5
STU03392,19,Other,17.0,98.9,76.3,71.3,7.8,High,Low,Yes,No,Yes,Low,Near,No,Yes,76.5
STU03393,16,Male,12.4,81.8,43.3,59.0,5.4,Medium,Medium,Yes,Yes,No,Medium,Near,No,No,59.0
STU03394,21,Male,12.7,89.5,62.9,71.7,6.3,High,High,Yes,No,No,Medium,Moderate,No,No,70.0
STU03395,18,Male,16.2,74.2,77.0,81.4,4.0,High,Low,Yes,Yes,No,Medium,Moderate,No,No,80.2
STU03396,18,Male,25.0,87.6,48.4,88.6,5.8,Medium,Low,No,Yes,No,Medium,Far,No,No,74.7
STU03397,20,Female,24.4,84.0,60.9,74.6,,Medium,Low,No,Yes,Yes,Low,Far,No,No,67.9
STU03398,16,Male,18.9,85.9,69.0,71.6,7.3,High,Medium,No,No,Yes,Medium,Far,No,No,69.3
STU03399,20,Male,11.6,72.8,34.0,73.9,8.7,Medium,Medium,Yes,Yes,No,Medium,Near,No,No,55.5
STU03400,16,Female,12.3,73.7,70.8,58.9,4.5,High,Medium,Yes,No,No,Medium,Moderate,No,No,65.7
STU03401,17,Female,13.1,81.5,77.9,63.9,7.1,Medium,Medium,No,No,No,Medium,Moderate,No,No,64.7
STU03402,21,Male,11.4,98.3,69.4,84.2,6.8,High,Medium,Yes,No,Yes,Low,Far,No,No,77.9
STU03403,18,Male,6.2,70.6,52.3,48.0,6.1,Low,Medium,Yes,Yes,Yes,Medium,Near,No,No,46.1
STU03404,18,Male,8.8,100.0,68.3,67.5,6.7,High,Low,Yes,No,Yes,High,Near,No,No,73.6
STU03405,17,Male,19.8,77.9,54.7,74.3,6.2,Medium,Medium,No,No,No,Medium,Far,Yes,No,51.9
STU03406,15,Male,9.9,85.8,65.4,60.5,5.3,Medium,Medium,No,No,Yes,Medium,Near,No,No,57.8
STU03407,21,Female,15.3,95.0,54.5,68.0,7.2,Medium,High,Yes,Yes,Yes,Medium,Moderate,No,No,69.6
STU03408,20,Female,15.0,81.4,70.3,50.0,8.3,Medium,Medium,Yes,No,Yes,High,Near,No,Yes,67.9
STU03409,17,Male,18.7,82.6,64.3,78.7,5.8,Medium,Low,No,No,No,High,Moderate,No,No,70.8
STU03410,20,Male,9.7,99.5,67.3,53.5,5.9,Low,High,No,Yes,No,Medium,Moderate,No,No,59.9
STU03411,19,Male,0.0,96.0,46.9,50.7,8.2,High,High,Yes,No,Yes,Low,Near,No,No,50.4
STU03412,18,Male,10.1,92.0,52.8,56.2,7.1,Medium,Low,Yes,Yes,No,High,Moderate,Yes,No,59.3
STU03413,20,Male,7.6,83.5,45.1,55.8,,Low,High,Yes,No,Yes,Medium,Near,No,Yes,41.8
STU03414,16,Female,0.0,84.2,43.0,43.3,7.1,Medium,High,Yes,No,Yes,Medium,Near,No,Yes,50.5
STU03415,20,Female,10.6,74.3,65.4,59.8,10.0,High,,Yes,No,No,High,Near,No,Yes,59.0
STU03416,19,Other,9.5,82.2,76.2,48.1,8.7,Low,Low,Yes,No,No,Medium,Moderate,No,No,57.7
STU03417,21,Female,14.8,85.7,85.4,88.9,9.6,Low,High,No,No,No,Low,Near,No,No,67.4
STU03418,18,Male,19.2,84.7,66.5,70.5,8.1,Medium,Low,Yes,No,Yes,High,Moderate,No,No,76.6
STU03419,17,Female,30.0,88.0,79.9,100.0,5.9,High,Medium,Yes,Yes,Yes,Medium,Moderate,Yes,No,85.5
STU03420,19,Male,15.7,96.1,60.0,65.0,6.3,Medium,Medium,Yes,No,No,Medium,Moderate,No,No,67.2
STU03421,18,Male,15.2,69.9,43.9,65.9,5.9,Medium,Medium,Yes,Yes,No,Low,Moderate,No,No,47.8
STU03422,20,Female,31.0,78.7,62.2,77.3,7.9,High,High,Yes,No,No,Medium,Moderate,No,No,81.2
STU03423,21,Male,4.8,96.4,67.8,64.4,6.5,Low,High,Yes,Yes,Yes,Low,Near,No,No,61.2
STU03424,15,Female,5.4,100.0,63.3,47.0,5.7,High,High,Yes,No,No,Medium,Moderate,No,No,60.0
STU03425,21,Male,19.8,74.3,63.6,63.8,6.8,Low,Medium,Yes,No,Yes,Medium,Near,No,No,58.6
STU03426,15,Female,25.5,78.7,58.5,81.0,4.9,Low,Low,Yes,No,No,High,Far,Yes,No,60.5
STU03427,16,Female,26.5,71.9,74.9,81.8,8.5,Medium,Medium,Yes,No,Yes,Medium,Far,No,No,75.6
STU03428,21,Female,0.6,64.6,61.9,43.3,5.6,High,Medium,Yes,Yes,Yes,Medium,Near,No,No,56.4
STU03429,18,Female,0.8,87.7,61.9,54.8,8.4,Medium,High,Yes,Yes,No,Medium,Moderate,No,No,59.5
STU03430,15,Male,14.1,90.9,65.7,45.4,7.7,Medium,Medium,Yes,No,Yes,Medium,Far,No,Yes,63.6
STU03431,17,Female,20.7,82.0,48.0,68.5,7.9,Medium,Medium,No,No,Yes,Low,Near,No,No,61.7
STU03432,18,Other,11.9,82.1,58.0,50.2,5.3,Medium,Low,Yes,No,No,High,Moderate,No,No,61.3
STU03433,17,Female,5.6,83.9,53.7,54.6,7.1,Medium,Medium,No,No,Yes,Medium,Near,No,Yes,52.5
STU03434,21,Female,4.8,79.3,55.1,69.6,6.2,High,Low,Yes,Yes,Yes,Low,Moderate,No,No,63.2
STU03435,17,Female,23.3,84.6,51.6,57.4,4.4,Low,High,Yes,Yes,No,Low,Far,No,No,55.0
STU03436,15,Female,23.5,98.9,56.2,82.3,9.2,Medium,High,Yes,No,Yes,Medium,Moderate,No,No,77.5
STU03437,18,Female,20.0,76.7,45.9,69.7,6.9,Medium,Low,Yes,No,Yes,Low,Moderate,No,No,55.2
STU03438,20,Female,14.6,82.2,55.4,60.8,6.3,Medium,Medium,Yes,No,Yes,Low,Far,No,No,51.4
STU03439,19,Female,8.1,83.7,57.0,67.6,,High,Low,Yes,Yes,Yes,Medium,Moderate,No,No,62.6
STU03440,15,Male,0.0,79.3,51.1,29.7,8.5,Medium,Medium,Yes,No,No,High,Moderate,No,No,39.3
STU03441,15,Male,3.0,85.7,52.0,44.0,10.0,High,Low,Yes,No,Yes,Medium,Moderate,No,No,56.0
STU03442,20,Male,0.0,60.0,41.0,38.2,5.6,High,High,Yes,No,No,Low,Moderate,No,No,33.2
STU03443,18,Male,12.6,90.7,68.8,47.6,6.1,High,Low,No,No,No,Low,Far,No,No,67.1
STU03444,18,Male,18.7,75.3,69.7,76.4,9.9,Low,Medium,Yes,No,No,Medium,Far,No,No,59.8
STU03445,21,Female,15.5,76.6,61.8,68.1,5.7,High,Medium,No,No,No,Low,Moderate,No,No,55.7
STU03446,17,Male,26.3,83.3,56.1,86.1,5.9,High,Medium,Yes,Yes,Yes,Medium,Moderate,Yes,No,72.6
STU03447,21,Male,16.4,71.1,40.2,75.6,6.9,Medium,Low,Yes,No,No,Low,Near,No,No,60.4
STU03448,20,Female,1.8,98.3,45.4,62.2,9.5,Low,Medium,Yes,No,Yes,High,Far,No,No,47.7
STU03449,21,Other,13.9,76.8,60.0,70.2,6.2,Medium,Medium,Yes,No,No,Medium,Moderate,No,No,70.3
STU03450,20,Female,14.1,100.0,74.2,62.5,10.0,High,High,Yes,No,Yes,Low,Moderate,No,No,65.7
STU03451,18,Other,19.0,91.3,54.0,77.3,7.0,Medium,Medium,Yes,No,No,High,Near,No,No,71.0
STU03452,17,Female,21.8,79.3,72.7,73.2,9.0,Medium,Low,Yes,No,No,Low,Far,No,No,71.1
STU03453,21,Male,18.8,81.9,57.9,82.2,6.5,Medium,Low,Yes,Yes,Yes,Medium,Near,No,No,74.2
STU03454,15,Female,11.1,86.5,72.3,73.2,5.5,Low,Low,No,Yes,Yes,High,Near,No,No,69.1
STU03455,16,Female,26.0,100.0,49.1,72.5,7.9,Medium,Medium,Yes,No,No,Medium,Moderate,No,No,69.8
STU03456,19,Male,21.7,94.5,32.7,60.2,4.8,High,Medium,Yes,No,No,Medium,Moderate,No,No,63.7
STU03457,15,Male,0.0,93.8,72.1,42.0,4.5,Low,Low,Yes,No,No,Medium,Near,No,Yes,47.1
STU03458,18,Female,21.1,81.9,54.4,88.9,8.1,High,Low,Yes,No,No,Low,Moderate,No,No,69.4
STU03459,19,Male,7.9,79.3,40.3,81.0,6.1,Medium,Medium,Yes,No,Yes,Low,Near,Yes,Yes,48.2
STU03460,16,Female,1.0,91.4,66.4,34.0,4.9,High,Medium,Yes,Yes,No,Medium,Near,No,No,59.1
STU03461,16,Male,17.0,98.3,46.2,80.6,6.1,Medium,Medium,No,No,No,Medium,Near,No,Yes,61.5
STU03462,17,Female,33.6,83.6,46.4,82.5,7.8,Low,Low,No,No,Yes,Low,Far,No,No,63.6
STU03463,19,Female,14.6,78.2,78.2,61.9,5.6,High,Low,Yes,No,Yes,Low,Near,No,No,69.2
STU03464,17,Male,12.7,74.7,55.0,77.7,4.0,High,High,Yes,Yes,Yes,High,Near,No,No,66.1
STU03465,15,Male,15.8,68.3,45.2,72.7,6.8,Low,Low,No,Yes,Yes,High,Moderate,No,No,58.0
STU03466,20,Female,34.1,80.5,50.7,100.0,7.5,Medium,Low,Yes,No,Yes,Medium,Moderate,No,No,78.6
STU03467,20,Female,12.9,82.5,84.4,61.4,8.2,Medium,Medium,Yes,No,No,High,Moderate,No,No,71.0
STU03468,20,Female,22.9,84.8,61.9,88.6,8.5,High,Low,Yes,No,Yes,Medium,Far,No,No,71.5
STU03469,19,Female,11.8,90.4,50.4,61.5,6.8,Low,Medium,Yes,Yes,No,Low,Far,No,Yes,58.9
STU03470,20,Female,10.4,80.3,67.1,62.8,9.9,Medium,Medium,Yes,No,Yes,Low,Near,No,No,59.4
STU03471,15,Male,26.3,100.0,55.3,87.2,6.8,Medium,Low,Yes,No,No,Low,Moderate,No,Yes,66.6
STU03472,17,Male,6.2,73.6,57.4,53.8,6.7,Medium,Medium,Yes,No,Yes,High,Moderate,No,No,59.0
STU03473,19,Male,21.0,91.8,48.8,95.4,6.6,Low,Medium,Yes,Yes,No,Medium,Near,No,No,68.3
STU03474,17,Female,12.3,72.8,66.9,55.9,7.2,Medium,Low,Yes,No,Yes,Medium,Near,No,No,63.6
STU03475,19,Male,8.9,76.5,62.6,68.0,7.8,Medium,Low,Yes,No,No,Low,Moderate,No,Yes,58.1
STU03476,17,Male,11.7,87.8,77.7,59.4,9.1,Medium,Medium,No,Yes,No,Medium,Near,No,No,65.2
STU03477,16,Female,0.0,95.4,58.2,58.2,6.2,High,High,Yes,No,Yes,Medium,Far,Yes,No,61.9
STU03478,17,Female,6.6,82.2,75.8,59.8,5.8,Medium,Medium,Yes,No,No,High,Moderate,No,No,69.7
STU03479,20,Male,16.1,85.8,71.5,77.4,7.2,Low,Medium,Yes,No,No,Low,Near,No,Yes,66.0
STU03480,16,Male,13.0,97.6,57.7,56.4,6.3,Medium,Low,No,No,Yes,Medium,Near,No,No,57.5
STU03481,17,Male,7.4,72.8,57.1,59.5,5.3,Low,Medium,Yes,Yes,No,Low,Far,No,No,55.6
STU03482,19,Male,26.9,92.7,75.6,79.4,8.8,High,Low,Yes,No,Yes,Medium,Near,Yes,Yes,92.6
STU03483,19,Female,7.1,78.1,70.4,51.4,8.8,Low,Medium,Yes,No,No,Medium,Moderate,No,No,50.9
STU03484,19,Male,26.5,87.4,76.6,78.1,4.8,Medium,Medium,Yes,No,Yes,Low,Moderate,No,No,74.2
STU03485,18,Female,16.2,90.4,40.0,66.4,6.8,Medium,Low,Yes,No,No,Medium,Far,No,No,56.4
STU03486,15,Female,12.9,73.2,38.5,66.3,7.9,High,Medium,No,Yes,No,Low,Moderate,No,No,56.8
STU03487,19,Male,15.7,77.5,53.7,65.0,9.9,Low,Medium,No,No,No,High,Near,No,No,61.8
STU03488,16,Other,17.3,91.7,65.4,60.4,6.9,Medium,High,Yes,No,No,Low,Near,No,No,61.4
STU03489,19,Male,7.4,82.4,48.9,67.6,8.3,High,Medium,Yes,Yes,No,Medium,Moderate,Yes,No,57.7
STU03490,18,Male,7.6,77.9,57.1,57.9,6.4,Medium,Medium,No,Yes,Yes,High,Far,No,No,53.3
STU03491,20,Male,13.4,86.9,55.9,62.1,7.7,Medium,Low,Yes,No,Yes,Medium,Near,Yes,No,59.6
STU03492,16,Male,18.5,74.2,45.5,70.7,8.4,High,High,Yes,No,No,Medium,Moderate,No,Yes,59.1
STU03493,18,Male,20.3,73.2,62.4,75.3,7.5,Medium,Low,Yes,Yes,No,Medium,Near,No,No,68.2
STU03494,20,Male,25.0,61.1,59.7,64.4,7.0,Low,Low,Yes,No,No,Low,Far,No,No,57.1
STU03495,21,Female,5.2,88.6,75.0,27.5,8.5,Low,Low,Yes,No,Yes,Medium,Moderate,Yes,No,42.3
STU03496,21,Female,17.9,85.3,55.8,87.9,9.1,Medium,High,Yes,No,No,Medium,Near,No,No,67.7
STU03497,16,Female,14.9,90.4,76.0,66.5,7.2,Medium,Low,Yes,Yes,No,High,Near,No,Yes,84.3
STU03498,17,Male,10.7,97.2,52.2,64.1,8.5,Medium,High,Yes,Yes,Yes,High,Near,No,No,72.8
STU03499,15,Female,31.0,82.6,61.7,96.3,6.2,Medium,Low,No,Yes,Yes,Medium,Moderate,No,No,81.1
STU03500,15,Female,18.5,84.3,73.8,63.0,6.4,Medium,High,Yes,No,Yes,Medium,Moderate,No,Yes,70.5
STU03501,18,Female,26.4,88.4,66.2,70.8,9.4,Low,Medium,Yes,No,No,High,Near,No,No,72.0
STU03502,20,Female,0.0,79.3,56.9,53.6,,High,Medium,No,No,Yes,Medium,Far,No,No,41.4
STU03503,15,Female,23.4,70.4,65.4,81.5,6.6,High,Low,Yes,No,No,Low,Moderate,No,No,66.5
STU03504,20,Male,19.3,73.5,66.4,70.5,7.3,Medium,Medium,Yes,No,No,Medium,Moderate,No,No,69.5
STU03505,20,Female,20.6,84.6,68.9,75.8,5.3,Medium,Medium,Yes,No,No,High,Near,No,No,67.1
STU03506,18,Male,12.7,95.0,59.7,71.0,8.6,High,Low,Yes,Yes,No,Medium,Near,No,No,68.6
STU03507,18,Other,31.9,100.0,41.3,66.6,6.9,Medium,Low,Yes,No,Yes,Medium,Moderate,No,Yes,66.4
STU03508,18,Male,13.4,82.2,49.7,61.8,8.1,Medium,Low,Yes,Yes,No,Low,Moderate,No,Yes,63.7
STU03509,15,Male,14.9,86.7,70.7,66.8,9.3,Medium,Medium,Yes,Yes,Yes,High,Moderate,No,No,67.9
STU03510,21,Male,7.2,100.0,60.6,35.0,8.8,High,Low,Yes,No,No,Medium,Far,No,No,66.5
STU03511,18,Female,14.7,90.2,58.3,63.6,6.5,Medium,High,Yes,Yes,Yes,Medium,Moderate,No,No,63.2
STU03512,15,Male,13.6,86.4,74.0,63.2,5.3,Medium,High,No,Yes,No,Low,Near,No,No,61.1
STU03513,18,Male,23.6,87.1,39.7,61.6,6.4,Low,Low,Yes,Yes,No,Low,Far,No,No,59.4
STU03514,19,Female,20.1,90.8,49.9,95.8,7.2,Medium,Low,Yes,No,No,Medium,Moderate,No,No,67.4
STU03515,20,Female,24.4,72.8,67.4,78.4,4.3,Low,High,Yes,No,Yes,High,Near,No,Yes,69.1
STU03516,18,Male,14.1,92.6,76.6,87.3,9.4,Low,Medium,Yes,No,No,Medium,Near,No,No,63.2
STU03517,16,Male,12.3,89.4,66.6,48.5,7.2,Medium,Medium,Yes,Yes,No,Low,Moderate,No,No,65.9
STU03518,20,Female,22.1,95.9,68.8,65.3,6.6,Medium,Medium,Yes,No,No,Medium,Far,No,Yes,65.8
STU03519,20,Female,16.3,89.9,64.8,53.1,4.1,High,Medium,Yes,No,Yes,Low,Near,No,Yes,57.5
STU03520,18,Female,0.0,95.2,62.3,55.7,7.0,Medium,High,Yes,No,No,Low,Near,No,Yes,57.0
STU03521,21,Female,11.4,75.8,54.2,68.8,7.1,Low,Medium,Yes,Yes,No,Medium,Moderate,No,No,61.9
STU03522,17,Male,0.0,79.0,62.6,55.6,5.7,High,Medium,No,No,No,High,Far,No,No,58.4
STU03523,21,Female,8.5,86.5,68.8,47.7,7.4,Medium,Medium,Yes,No,No,Low,Near,No,No,61.5
STU03524,18,Female,23.2,77.5,55.8,93.5,6.8,High,Low,Yes,No,No,Medium,Far,No,No,74.3
STU03525,20,Female,12.3,93.6,71.9,81.2,4.6,Medium,,Yes,No,No,Low,Near,No,No,64.7
STU03526,16,Male,12.8,70.8,69.5,79.2,8.0,Medium,,Yes,No,No,Low,Near,No,No,63.2
STU03527,20,Female,13.4,83.4,77.4,55.9,10.0,Medium,Low,No,Yes,Yes,Low,Near,No,No,66.9
STU03528,21,Female,15.1,79.3,49.6,83.5,9.7,Medium,High,Yes,Yes,Yes,Medium,Near,No,No,62.5
STU03529,16,Male,12.3,77.6,49.4,73.0,7.7,Medium,Medium,No,No,Yes,Low,Near,No,No,52.5
STU03530,15,Female,29.5,71.3,69.5,83.8,7.4,Medium,Medium,Yes,No,No,Medium,Far,No,No,71.8
STU03531,19,Female,1.4,85.4,59.8,41.3,4.7,Low,Medium,Yes,No,Yes,Low,Near,No,No,46.5
STU03532,20,Female,16.8,84.2,59.7,69.1,7.4,High,Medium,Yes,No,No,Low,Near,Yes,No,64.6
STU03533,18,Female,19.4,100.0,43.4,85.6,6.6,High,Low,Yes,Yes,Yes,Low,Near,Yes,Yes,75.0
STU03534,15,Female,7.8,100.0,42.3,65.8,4.0,High,High,No,No,No,High,Moderate,No,Yes,55.5
STU03535,19,Female,20.2,74.3,63.5,67.8,,Low,High,Yes,Yes,No,Medium,Far,No,No,69.3
STU03536,18,Male,9.7,66.0,45.9,62.0,6.1,Low,Medium,Yes,No,No,High,Near,No,No,42.5
STU03537,17,Male,18.8,73.0,68.5,60.5,4.7,Medium,Medium,Yes,Yes,No,Medium,Moderate,No,Yes,61.8
STU03538,18,Male,4.9,84.4,46.3,56.3,6.8,High,High,No,No,Yes,Medium,Near,No,Yes,51.9
STU03539,16,Female,15.7,96.3,46.1,51.5,4.8,Low,Medium,Yes,No,No,Medium,Moderate,No,Yes,48.6
STU03540,16,Female,32.8,80.2,40.6,83.8,7.6,Medium,Medium,No,Yes,Yes,Low,Near,No,No,69.7
STU03541,17,Female,7.8,90.8,70.3,73.4,7.8,Low,Low,Yes,No,Yes,Medium,Moderate,No,No,64.2
STU03542,15,Female,11.7,77.0,68.1,83.1,4.0,Medium,Medium,Yes,Yes,Yes,Medium,Moderate,No,No,60.6
STU03543,19,Female,28.2,80.1,44.8,80.1,6.4,Medium,High,Yes,Yes,Yes,Medium,Moderate,No,No,69.0
STU03544,18,Other,24.9,86.7,47.8,86.0,6.3,Low,Low,Yes,No,No,Medium,Near,No,No,67.1
STU03545,16,Male,29.0,84.9,54.7,100.0,6.6,Medium,High,No,No,No,Medium,Near,No,No,71.5
STU03546,15,Female,12.0,84.6,64.4,86.3,4.0,Medium,Medium,Yes,No,Yes,High,Moderate,No,No,62.8
STU03547,17,Male,17.8,74.2,57.8,67.4,7.6,Medium,High,Yes,Yes,No,Medium,Moderate,No,No,63.3
STU03548,21,Female,18.7,97.3,52.7,60.5,9.3,High,High,Yes,No,No,Medium,Near,No,No,66.6
STU03549,20,Female,8.8,97.2,74.9,60.6,9.3,Low,High,Yes,No,No,Medium,Far,Yes,No,57.3
STU03550,21,Female,6.1,97.4,54.1,80.0,8.4,Medium,High,Yes,Yes,No,High,Moderate,No,No,76.8
STU03551,21,Male,5.1,78.2,54.7,45.6,4.0,High,Medium,Yes,No,No,Medium,Near,No,No,48.0
STU03552,16,Male,11.0,86.2,66.0,42.8,6.1,High,Medium,Yes,Yes,Yes,Medium,Near,No,No,65.7
STU03553,17,Female,4.8,79.8,63.1,62.2,7.8,Medium,Low,Yes,No,No,Low,Far,No,No,62.4
STU03554,18,Female,9.6,75.3,51.1,63.7,7.7,High,Medium,Yes,No,Yes,Medium,Near,Yes,No,55.0
STU03555,21,Male,7.0,87.8,67.9,60.6,8.7,Medium,Medium,Yes,No,No,Low,Far,No,No,68.7
STU03556,21,Female,19.1,63.8,66.4,72.7,6.6,High,High,Yes,Yes,No,Medium,Moderate,No,No,74.1
STU03557,19,Male,18.2,93.5,64.7,70.4,5.2,Medium,Medium,No,No,Yes,High,Near,No,Yes,70.4
STU03558,16,Female,10.4,73.4,55.6,50.3,7.8,Medium,Medium,Yes,No,Yes,High,Moderate,No,Yes,54.8
STU03559,16,Female,12.3,81.9,42.7,69.2,6.3,Medium,Low,No,Yes,No,Medium,Near,No,No,42.0
STU03560,18,Female,19.8,62.3,60.1,74.1,9.1,Medium,High,Yes,Yes,Yes,High,Near,No,No,68.8
STU03561,20,Other,12.2,100.0,49.6,86.1,8.0,Medium,Medium,No,No,No,Low,Near,No,Yes,56.2
STU03562,15,Female,10.2,91.6,37.3,59.6,6.4,Low,High,Yes,No,No,High,Far,No,No,45.0
STU03563,19,Female,4.4,85.9,49.9,56.6,7.3,Medium,High,Yes,No,No,Medium,Moderate,No,Yes,55.1
STU03564,16,Male,25.4,78.1,68.4,64.7,8.7,High,High,Yes,No,No,Medium,Near,Yes,No,68.6
STU03565,19,Male,2.0,74.3,69.0,40.6,7.8,Low,Medium,Yes,No,No,High,Near,No,Yes,53.0
STU03566,16,Male,12.5,83.0,52.0,71.8,7.2,High,High,Yes,Yes,Yes,High,Moderate,No,No,66.0
STU03567,19,Female,7.9,88.0,65.2,80.7,7.4,High,Medium,No,Yes,Yes,Low,Near,No,No,68.6
STU03568,17,Male,16.2,82.7,45.0,72.3,6.5,Low,Medium,Yes,No,Yes,Medium,Near,No,Yes,59.6
STU03569,21,Male,11.4,90.3,76.0,61.0,7.6,Medium,Medium,Yes,No,Yes,Low,Near,No,Yes,62.4
STU03570,16,Male,15.7,100.0,50.7,51.2,7.0,Low,Medium,No,Yes,Yes,High,Moderate,Yes,No,49.8
STU03571,19,Male,8.3,74.3,49.8,61.6,5.4,Medium,,No,No,No,Medium,Near,No,No,52.1
STU03572,15,Male,11.4,87.4,61.8,77.1,7.6,Medium,Medium,Yes,No,No,Low,Moderate,No,Yes,64.9
STU03573,17,Female,4.2,100.0,70.9,48.5,7.8,Medium,High,Yes,No,Yes,Medium,Moderate,No,No,62.8
STU03574,17,Female,6.9,81.9,45.9,51.8,8.5,Medium,Medium,Yes,No,No,Medium,Far,No,No,51.0
STU03575,15,Female,11.3,83.6,62.4,53.2,4.6,High,Medium,Yes,No,Yes,Medium,Moderate,No,Yes,57.6
STU03576,19,Female,16.3,89.6,55.2,79.4,7.4,Medium,Medium,No,No,No,Low,Moderate,No,No,56.9
STU03577,18,Male,13.8,91.8,81.7,67.0,6.4,Medium,Low,Yes,No,No,Low,Moderate,No,No,64.6
STU03578,15,Female,25.9,95.5,48.1,77.5,7.9,Medium,Medium,Yes,No,Yes,Medium,Far,No,Yes,75.1
STU03579,19,Male,2.9,86.1,23.4,60.4,5.2,High,Medium,Yes,No,No,Low,Moderate,No,No,36.3
STU03580,15,Male,12.9,77.1,78.3,58.5,8.9,Medium,,Yes,No,No,Medium,Moderate,No,No,65.9
STU03581,15,Female,0.0,90.6,59.8,37.8,5.4,High,Medium,Yes,Yes,No,Medium,Near,No,No,56.3
STU03582,16,Male,13.7,75.3,54.3,69.0,6.2,Medium,Medium,Yes,No,No,Low,Far,No,No,61.0
STU03583,19,Female,9.6,88.3,58.2,59.4,10.0,Medium,,Yes,No,Yes,Medium,Near,No,No,57.0
STU03584,18,Male,10.9,85.8,43.4,63.7,7.1,High,Low,No,No,No,Medium,Near,No,Yes,52.0
STU03585,21,Female,9.5,85.5,40.1,76.2,8.6,Medium,Medium,Yes,No,No,Medium,Moderate,No,Yes,55.6
STU03586,16,Female,18.5,84.2,56.1,78.2,7.4,Medium,High,Yes,Yes,No,Medium,Far,No,No,72.2
STU03587,15,Male,17.2,95.0,65.2,58.8,8.9,Low,High,Yes,No,Yes,Medium,Moderate,No,No,58.0
STU03588,21,Female,5.4,91.2,53.4,55.7,8.2,Medium,Medium,Yes,No,No,Medium,Moderate,No,No,54.1
STU03589,20,Male,13.2,91.9,46.1,61.8,5.8,Medium,Medium,Yes,Yes,No,High,Far,No,Yes,67.0
STU03590,21,Female,2.8,80.4,46.4,49.9,4.3,Medium,Medium,Yes,No,No,Low,Moderate,No,Yes,47.6
STU03591,15,Male,1.3,68.6,60.2,39.6,,Medium,Medium,Yes,No,No,High,Moderate,No,No,48.9
STU03592,15,Female,18.2,81.0,51.3,68.3,6.2,Medium,High,Yes,No,Yes,Medium,Moderate,No,No,65.9
STU03593,19,Female,5.9,89.4,75.1,49.5,7.8,Medium,High,Yes,No,No,High,Far,No,No,67.5
STU03594,19,Male,10.1,85.3,62.9,57.9,8.5,Medium,Medium,Yes,No,Yes,Medium,Moderate,No,No,58.9
STU03595,16,Female,16.8,80.7,50.0,70.3,6.9,Medium,Medium,Yes,No,No,Medium,Far,Yes,No,55.4
STU03596,18,Female,14.9,87.2,65.6,64.5,7.2,Medium,Medium,Yes,No,Yes,High,Near,No,No,66.4
STU03597,16,Female,26.2,82.3,56.3,64.6,4.0,Medium,,Yes,No,Yes,Low,Near,No,No,58.7
STU03598,17,Female,4.9,85.5,58.1,50.6,6.6,High,High,Yes,Yes,No,Low,Near,No,No,65.2
STU03599,15,Male,24.8,65.1,70.2,73.6,6.9,Medium,Low,Yes,No,No,Low,Moderate,No,No,59.5
STU03600,21,Female,19.6,92.7,67.5,80.1,7.7,Medium,High,Yes,No,No,High,Far,No,No,75.5
STU03601,20,Male,21.1,91.1,65.9,78.5,6.5,Low,High,Yes,No,Yes,Medium,Near,No,No,67.5
STU03602,15,Male,11.9,100.0,49.6,71.2,6.2,Medium,Medium,No,No,No,Medium,Near,No,No,61.5
STU03603,15,Other,7.4,77.9,58.3,61.4,9.8,Medium,High,Yes,No,No,Medium,Near,No,No,53.3
STU03604,16,Female,15.8,80.0,44.4,69.8,4.9,Low,Low,Yes,No,No,Medium,Moderate,No,No,52.8
STU03605,20,Male,7.3,86.7,65.7,58.4,9.0,High,Medium,Yes,Yes,Yes,Medium,Near,No,No,69.4
STU03606,20,Male,7.1,84.7,64.2,69.7,7.9,Medium,,Yes,No,No,Medium,Near,No,Yes,57.2
STU03607,20,Female,16.2,100.0,68.1,83.8,6.8,High,High,No,Yes,Yes,High,Far,No,No,81.0
STU03608,16,Male,23.4,80.9,56.0,82.1,10.0,Medium,Medium,Yes,No,No,Low,Near,No,No,63.7
STU03609,15,Male,2.2,83.5,56.2,58.3,6.9,High,Medium,Yes,Yes,No,Low,Moderate,No,No,62.1
STU03610,16,Male,25.5,79.4,44.0,68.9,5.7,Low,Low,Yes,No,No,Medium,Moderate,No,No,53.6
STU03611,19,Female,,100.0,53.1,53.2,7.3,Medium,High,Yes,Yes,Yes,Medium,Moderate,No,Yes,58.3
STU03612,19,Female,12.5,89.9,55.5,63.5,8.3,Medium,High,Yes,No,No,Medium,Near,No,Yes,63.2
STU03613,16,Male,12.7,100.0,65.7,60.0,7.8,Medium,High,Yes,No,No,Medium,Far,Yes,No,60.0
STU03614,20,Female,11.1,100.0,55.0,81.1,6.2,High,High,Yes,No,Yes,Low,Moderate,No,No,69.0
STU03615,15,Male,13.1,77.4,64.5,68.0,8.0,Medium,Low,Yes,No,No,Medium,Near,No,No,65.8
STU03616,16,Female,16.1,95.8,61.7,67.5,,Low,Low,Yes,No,No,Medium,Near,No,No,64.4
STU03617,16,Other,25.2,82.4,78.3,66.8,9.0,Medium,High,Yes,No,No,Low,Near,No,Yes,74.2
STU03618,16,Female,13.4,78.1,60.5,73.0,8.2,High,High,Yes,Yes,No,Medium,Moderate,No,Yes,74.4
STU03619,17,Female,7.7,70.3,46.8,64.3,4.0,Medium,Medium,Yes,Yes,No,Medium,Moderate,No,No,52.9
STU03620,19,Female,6.4,100.0,82.6,50.7,5.9,Low,Medium,No,Yes,Yes,Medium,Near,No,Yes,63.3
STU03621,21,Female,17.6,95.0,73.2,65.9,8.9,High,Medium,No,No,Yes,Low,Near,No,No,66.5
STU03622,20,Female,21.5,82.7,65.0,70.0,6.7,High,Medium,Yes,No,No,High,Far,No,No,75.4
STU03623,18,Female,9.8,91.2,49.1,64.4,6.9,Medium,Medium,Yes,Yes,Yes,Medium,Far,No,Yes,56.8
STU03624,21,Male,22.3,66.9,58.7,72.7,9.1,High,Low,Yes,No,No,Low,Moderate,No,No,62.7
STU03625,20,Male,32.3,84.1,38.1,77.9,6.1,High,Low,Yes,Yes,Yes,Medium,Moderate,No,No,71.9
STU03626,18,Female,25.6,77.4,60.9,99.6,4.0,Medium,Medium,Yes,Yes,Yes,High,Far,Yes,No,74.1
STU03627,17,Female,9.2,99.5,67.6,63.2,9.1,High,Low,No,Yes,No,Medium,Moderate,No,No,69.3
STU03628,16,Male,23.3,100.0,57.3,65.1,6.3,Medium,High,Yes,No,Yes,High,Moderate,No,No,68.5
STU03629,17,Male,22.4,93.9,74.9,64.2,7.0,High,High,Yes,No,Yes,Low,Near,No,No,76.3
STU03630,17,Female,15.5,94.5,56.9,76.0,6.7,High,Medium,Yes,No,Yes,High,Moderate,No,No,79.6
STU03631,21,Female,22.2,78.5,69.5,66.1,6.3,Medium,Low,Yes,No,No,Medium,Near,No,No,63.9
STU03632,15,Female,21.1,92.2,67.3,68.6,5.7,Medium,Medium,Yes,Yes,No,Low,Near,No,No,73.9
STU03633,21,Female,25.0,71.2,63.3,67.2,6.7,High,Medium,Yes,No,Yes,Medium,Far,Yes,Yes,72.5
STU03634,19,Female,19.6,69.9,65.9,66.4,5.6,Medium,Low,Yes,Yes,Yes,High,Moderate,No,No,74.3
STU03635,18,Female,21.0,83.9,38.8,82.5,9.1,Medium,Medium,Yes,No,No,Medium,Far,No,No,57.0
STU03636,16,Female,6.8,90.3,62.0,58.0,8.8,High,Medium,No,No,Yes,Medium,Moderate,No,No,57.1
STU03637,21,Female,15.0,91.0,41.2,61.6,7.8,Medium,High,Yes,No,Yes,Low,Far,No,Yes,51.0
STU03638,18,Female,9.0,72.4,43.5,44.6,7.8,Medium,Medium,Yes,Yes,No,Medium,Near,No,No,53.8
STU03639,20,Male,24.6,69.5,65.2,67.5,4.5,Low,Medium,Yes,No,Yes,Low,Moderate,No,No,57.3
STU03640,18,Male,4.1,80.5,46.0,49.9,8.7,Medium,High,Yes,No,No,Low,Near,No,Yes,41.6
STU03641,20,Other,0.0,76.2,41.0,50.2,,Medium,Medium,Yes,No,No,Medium,Near,No,No,38.5
STU03642,21,Male,3.7,91.1,52.5,59.1,9.0,Low,High,Yes,No,No,High,Near,No,No,48.8
STU03643,19,Male,13.2,74.9,55.7,53.8,9.5,Medium,Medium,Yes,No,No,Medium,Moderate,No,No,52.3
STU03644,21,Female,0.0,100.0,68.5,53.9,6.6,Medium,Medium,Yes,No,No,Low,Near,No,No,54.9
STU03645,20,Female,0.0,88.6,79.0,52.8,4.0,High,Low,Yes,No,No,Medium,Moderate,No,No,62.5
STU03646,18,Male,20.3,83.5,68.9,76.7,7.3,Low,Medium,Yes,Yes,Yes,High,Near,No,No,74.1
STU03647,18,Male,3.9,73.5,47.1,34.6,5.3,Medium,High,Yes,No,No,Medium,Near,No,Yes,36.8
STU03648,20,Male,23.0,71.8,67.7,78.7,6.1,Low,High,Yes,Yes,Yes,Medium,Moderate,Yes,No,60.3
STU03649,17,Female,4.4,81.8,56.7,51.6,6.7,Medium,High,Yes,Yes,Yes,High,Far,No,No,64.1
STU03650,19,Male,,79.2,58.1,47.8,8.4,Medium,Medium,Yes,No,Yes,Medium,Near,No,No,51.8
STU03651,15,Male,6.8,67.7,44.7,75.6,7.7,High,Medium,Yes,No,Yes,Low,Moderate,No,No,52.5
STU03652,16,Male,4.7,98.7,79.3,39.0,9.3,Low,Low,Yes,No,No,Medium,Far,No,No,59.4
STU03653,18,Female,4.7,73.9,40.5,75.3,5.8,High,Low,Yes,No,No,High,Moderate,No,No,61.2
STU03654,16,Male,14.1,88.5,70.3,41.7,8.7,High,Medium,Yes,No,Yes,Medium,Moderate,Yes,No,60.9
STU03655,15,Male,16.4,89.4,50.1,66.5,8.2,Medium,Medium,No,Yes,No,Low,Near,No,No,65.6
STU03656,21,Female,26.1,68.8,74.5,86.7,8.0,Medium,Medium,No,No,Yes,Medium,Moderate,No,No,76.5
STU03657,16,Other,12.1,81.2,48.9,53.3,8.7,Low,High,No,No,No,Medium,Near,No,Yes,48.0
STU03658,15,Female,17.3,70.9,41.5,73.5,8.2,Medium,Medium,Yes,No,Yes,High,Moderate,No,No,56.7
STU03659,20,Other,4.4,89.1,53.4,47.8,4.6,Medium,Low,Yes,Yes,No,Medium,Far,No,No,46.7
STU03660,17,Female,7.7,85.6,66.2,61.6,6.1,Low,Low,Yes,Yes,No,Medium,Moderate,No,No,54.7
STU03661,18,Male,25.4,84.2,57.0,78.8,8.5,Medium,High,Yes,No,No,High,Near,No,No,66.8
STU03662,15,Female,26.2,76.8,66.1,79.8,7.7,Medium,High,No,No,Yes,Medium,Far,Yes,No,67.6
STU03663,16,Male,27.7,96.8,66.5,98.1,8.6,Medium,Low,Yes,No,No,Low,Moderate,No,No,77.5
STU03664,18,Female,14.0,81.2,49.2,76.9,7.3,Medium,High,Yes,Yes,No,High,Far,No,No,67.2
STU03665,17,Male,4.4,70.2,70.0,49.3,6.2,High,Medium,Yes,Yes,No,Medium,Moderate,Yes,Yes,68.5
STU03666,20,Male,8.7,75.6,67.7,66.9,5.8,Medium,High,Yes,No,No,Medium,Near,No,No,54.4
STU03667,21,Female,12.4,64.9,57.4,66.5,4.5,Medium,High,Yes,Yes,No,Medium,Moderate,No,Yes,60.0
STU03668,18,Male,10.5,78.5,52.1,54.3,7.8,Medium,High,Yes,No,No,Low,Moderate,No,No,52.0
STU03669,21,Female,15.9,75.9,52.1,65.5,4.8,High,Medium,Yes,No,Yes,High,Near,No,No,56.5
STU03670,15,Male,21.0,91.9,63.7,84.1,7.0,Medium,Low,Yes,Yes,Yes,Medium,Moderate,No,No,78.4
STU03671,17,Male,6.8,90.7,57.1,48.9,6.8,Low,,Yes,No,Yes,Medium,Moderate,No,No,46.6
STU03672,16,Female,30.3,87.1,65.2,82.6,8.7,Medium,Medium,Yes,Yes,No,Low,Moderate,No,Yes,70.0
STU03673,17,Female,15.6,94.5,84.5,77.5,10.0,Medium,Low,Yes,No,Yes,Medium,Near,No,Yes,66.7
STU03674,17,Female,25.9,73.2,53.3,90.9,6.4,Low,Low,Yes,Yes,No,High,Moderate,No,No,67.0
STU03675,19,Male,18.4,88.2,59.5,73.7,7.8,Medium,Low,Yes,No,Yes,Medium,Near,No,No,65.4
STU03676,17,Female,32.2,70.6,75.7,81.3,7.0,Low,Medium,Yes,No,No,High,Moderate,No,Yes,76.2
STU03677,17,Female,5.7,80.2,65.6,61.8,5.7,High,Medium,Yes,No,No,Medium,Near,No,Yes,54.0
STU03678,18,Female,10.9,88.4,51.2,45.8,8.8,Medium,High,Yes,No,No,Medium,Near,No,No,51.1
STU03679,16,Male,10.9,79.7,62.9,52.2,7.6,Medium,High,Yes,Yes,No,Medium,Near,Yes,No,59.5
STU03680,18,Female,16.5,100.0,49.7,83.1,7.9,High,High,Yes,Yes,No,High,Near,No,No,80.3
STU03681,18,Female,16.0,81.5,78.2,81.8,8.3,Medium,High,Yes,No,Yes,Medium,Moderate,No,No,68.8
STU03682,15,Female,18.1,93.0,68.4,64.1,8.4,Medium,High,No,No,No,Medium,Far,No,No,72.1
STU03683,18,Female,16.1,82.4,45.8,56.0,6.8,Low,High,Yes,No,No,Medium,Moderate,No,No,44.9
STU03684,19,Female,,86.3,55.8,60.3,8.6,High,High,Yes,No,No,Low,Moderate,No,Yes,58.6
STU03685,19,Male,11.1,81.3,78.8,56.5,6.8,Low,Low,No,No,No,Medium,Far,No,No,58.9
STU03686,21,Male,18.7,86.8,53.6,74.1,5.2,Low,High,No,No,No,High,Far,No,No,53.7
STU03687,15,Female,37.5,100.0,49.3,86.4,7.7,Medium,Low,Yes,No,No,Low,Far,No,No,78.6
STU03688,21,Male,15.0,100.0,60.1,64.4,9.0,Medium,Medium,Yes,No,No,Low,Near,No,Yes,59.0
STU03689,21,Male,3.4,80.1,65.2,50.7,6.0,Medium,Medium,Yes,Yes,Yes,Low,Moderate,No,Yes,58.7
STU03690,20,Male,10.0,82.7,56.1,69.8,4.6,High,Medium,Yes,Yes,No,Medium,Far,No,No,71.5
STU03691,16,Male,11.3,85.5,74.9,54.9,7.2,Low,Medium,Yes,Yes,Yes,Medium,Far,Yes,No,62.5
STU03692,16,Female,7.9,91.4,48.3,58.8,5.4,Medium,Medium,No,No,No,Low,Moderate,No,Yes,45.9
STU03693,18,Female,16.0,100.0,55.7,90.6,6.1,Low,Medium,Yes,Yes,Yes,Medium,Near,No,No,65.9
STU03694,18,Female,21.4,97.9,58.3,74.9,7.1,High,Medium,Yes,Yes,No,Medium,Far,No,No,77.4
STU03695,20,Male,4.6,82.3,62.2,54.3,4.0,High,Low,Yes,Yes,No,Medium,Moderate,No,No,62.8
STU03696,18,Female,1.4,89.0,59.0,48.5,6.3,Medium,Medium,Yes,Yes,No,Medium,Near,No,No,54.8
STU03697,16,Female,34.8,87.3,57.1,92.3,6.4,Low,Medium,Yes,No,Yes,Medium,Near,No,No,68.6
STU03698,21,Other,7.5,78.9,50.1,59.1,9.8,High,Medium,No,No,Yes,Medium,Moderate,No,No,53.4
STU03699,17,Female,26.3,95.1,49.5,85.3,6.8,High,Low,Yes,No,No,Low,Near,Yes,No,72.2
STU03700,19,Male,21.1,59.9,60.6,90.3,10.0,Low,Medium,Yes,Yes,No,Low,Near,No,No,62.1
STU03701,17,Female,10.2,95.1,52.3,57.6,8.9,Medium,High,Yes,No,No,Medium,Far,Yes,Yes,60.6
STU03702,17,Other,8.7,89.1,59.1,56.5,7.7,High,Medium,Yes,Yes,No,Medium,Near,No,Yes,68.1
STU03703,16,Female,10.2,66.9,56.6,78.0,7.5,Medium,Medium,Yes,No,No,Medium,Moderate,No,No,59.3
STU03704,17,Female,11.5,74.6,59.3,58.9,7.5,High,Low,Yes,No,No,Low,Far,No,Yes,62.8
STU03705,20,Male,20.0,64.3,42.4,71.5,7.2,Medium,Medium,Yes,No,Yes,Low,Moderate,No,No,58.5
STU03706,15,Female,3.9,100.0,67.0,55.3,4.8,Low,Medium,Yes,Yes,Yes,High,Near,No,No,61.3
STU03707,18,Female,25.3,75.1,61.6,75.2,7.5,Medium,High,Yes,Yes,No,Medium,Moderate,No,No,69.5
STU03708,15,Male,9.9,94.1,50.9,63.7,7.1,Medium,Low,Yes,No,No,Medium,Near,No,No,67.4
STU03709,21,Female,3.3,94.5,63.6,42.2,7.3,High,High,Yes,Yes,No,High,Near,No,No,75.1
STU03710,19,Male,16.5,83.8,47.6,51.7,9.6,Medium,Medium,Yes,No,Yes,Medium,Moderate,No,No,56.5
STU03711,18,Male,34.2,78.4,58.1,77.3,6.7,Medium,Medium,Yes,No,No,Medium,Far,No,No,70.5
STU03712,17,Male,8.3,90.1,51.9,71.6,5.4,High,High,Yes,Yes,No,Medium,Moderate,Yes,No,58.3
STU03713,19,Male,16.0,87.2,74.8,89.5,6.2,High,Low,Yes,No,No,Low,Near,No,No,79.7
STU03714,18,Female,16.1,94.4,61.9,53.1,8.3,Medium,Low,No,No,No,Medium,Moderate,No,No,57.9
STU03715,20,Male,30.1,73.3,59.2,87.0,7.4,Medium,High,Yes,No,No,Medium,Near,No,Yes,72.3
STU03716,20,Male,7.5,95.2,54.7,66.1,7.1,Medium,High,Yes,Yes,No,Medium,Moderate,No,No,61.4
STU03717,20,Female,22.5,98.5,67.4,67.7,4.9,Medium,,Yes,No,No,Medium,Near,No,No,71.0
STU03718,20,Female,3.6,82.4,57.9,60.3,8.8,Medium,Low,Yes,No,Yes,Medium,Far,No,No,56.1
STU03719,17,Female,16.8,75.4,71.4,76.5,6.1,Medium,Medium,Yes,No,Yes,Low,Near,Yes,No,63.2
STU03720,15,Male,20.9,80.2,67.4,76.0,7.5,Low,Medium,Yes,Yes,Yes,Low,Near,No,No,63.9
STU03721,18,Female,23.0,78.6,62.9,86.8,6.8,Medium,High,No,No,No,Low,Moderate,No,No,64.4
STU03722,17,Male,4.1,83.2,33.1,54.1,4.6,Medium,Low,Yes,No,No,Low,Near,No,No,36.6
STU03723,20,Female,0.0,77.6,62.0,61.0,7.6,Low,High,No,Yes,Yes,Medium,Moderate,No,No,48.7
STU03724,21,Male,13.4,89.6,60.2,68.8,5.2,Medium,Medium,Yes,Yes,Yes,Medium,Far,No,Yes,66.3
STU03725,15,Female,10.4,91.4,58.6,69.2,7.5,Low,Medium,No,Yes,Yes,Low,Near,No,No,55.2
STU03726,21,Male,3.6,81.4,55.4,70.6,6.2,Low,Low,Yes,Yes,No,High,Near,No,Yes,52.6
STU03727,19,Female,4.6,65.5,65.5,52.0,6.7,Low,Low,Yes,Yes,No,High,Far,No,No,56.5
STU03728,21,Female,11.2,89.4,77.8,57.0,8.1,Medium,Medium,Yes,No,No,Medium,Moderate,No,No,59.3
STU03729,19,Male,28.7,70.2,66.3,85.7,5.1,Medium,Low,Yes,Yes,No,Medium,Far,No,No,73.2
STU03730,19,Male,5.1,87.5,58.7,45.9,10.0,High,Medium,Yes,No,No,Medium,Near,No,No,61.3
STU03731,20,Female,22.1,85.7,72.5,57.2,5.7,Medium,High,Yes,No,No,Low,Near,No,No,72.4
STU03732,19,Other,3.2,81.7,51.3,36.7,8.0,Medium,High,Yes,No,Yes,High,Near,No,No,53.4
STU03733,16,Female,9.0,91.4,45.4,69.2,8.4,High,Low,Yes,No,No,Low,Near,No,Yes,57.8
STU03734,18,Male,2.7,88.6,71.1,47.5,9.3,Medium,Medium,Yes,No,Yes,High,Moderate,No,No,63.0
STU03735,18,Male,32.4,88.9,59.7,72.3,6.0,Medium,Low,Yes,No,No,Medium,Near,Yes,No,75.4
STU03736,20,Female,22.7,93.2,78.0,71.5,5.9,Medium,Medium,Yes,Yes,Yes,Medium,Moderate,No,No,81.4
STU03737,16,Female,20.6,80.9,73.1,65.8,8.6,Medium,High,Yes,No,No,Medium,Near,No,No,73.4
STU03738,21,Female,20.2,80.7,42.1,63.3,7.8,Medium,Medium,Yes,No,No,Medium,Far,No,No,66.3
STU03739,17,Female,8.5,95.8,61.9,55.9,7.9,Low,High,No,No,Yes,Low,Near,No,No,54.4
STU03740,21,Female,15.3,91.4,70.0,79.2,9.1,Medium,High,Yes,Yes,No,Medium,Near,No,No,71.4
STU03741,17,Female,6.6,80.3,46.7,62.4,7.1,Medium,Low,Yes,No,No,Medium,Moderate,No,No,45.7
STU03742,19,Male,36.6,65.0,64.2,90.9,7.3,Medium,Low,Yes,Yes,Yes,Medium,Near,No,No,84.6
STU03743,15,Male,6.0,88.9,67.8,60.3,9.0,Low,Medium,Yes,Yes,Yes,Low,Moderate,No,Yes,54.4
STU03744,17,Female,8.1,89.9,54.5,66.5,7.3,Low,Medium,Yes,No,Yes,Medium,Moderate,No,No,56.6
STU03745,15,Male,27.8,72.9,56.3,87.2,5.5,High,Medium,Yes,Yes,No,High,Far,No,No,75.7
STU03746,18,Male,14.2,76.5,74.0,70.8,5.7,High,Medium,Yes,Yes,Yes,Medium,Moderate,No,Yes,73.3
STU03747,15,Male,19.8,80.9,40.6,70.5,6.6,Low,Low,Yes,No,Yes,Medium,Moderate,No,No,56.3
STU03748,18,Male,14.3,89.5,68.5,86.1,7.5,High,High,Yes,No,No,High,Far,No,No,72.4
STU03749,16,Female,9.5,100.0,55.1,59.8,8.4,Medium,Low,Yes,Yes,Yes,Medium,Far,No,Yes,73.6
STU03750,16,Female,9.5,96.2,82.5,65.4,10.0,Medium,Low,Yes,No,Yes,Medium,Moderate,No,No,63.9
STU03751,20,Female,21.9,69.9,53.9,69.8,6.6,Medium,High,Yes,Yes,No,High,Moderate,No,No,66.9
STU03752,20,Male,16.8,80.6,72.5,77.1,4.9,Medium,Medium,Yes,No,No,Medium,Moderate,No,Yes,67.0
STU03753,19,Female,24.6,84.1,53.7,89.8,4.6,Medium,High,Yes,No,No,Low,Near,No,No,64.0
STU03754,17,Male,24.5,90.0,52.2,84.1,6.7,Medium,High,No,No,No,Low,Far,No,No,61.4
STU03755,19,Female,19.6,76.9,45.6,83.1,7.0,High,Medium,Yes,No,Yes,Medium,Moderate,No,Yes,73.8
STU03756,18,Female,23.4,90.8,69.8,88.3,7.9,Medium,Low,Yes,No,No,Low,Near,No,No,73.4
STU03757,19,Male,19.3,79.9,57.0,82.5,10.0,Medium,Medium,Yes,No,Yes,High,Near,No,No,71.3
STU03758,15,Female,18.0,90.8,68.5,70.9,7.9,Low,Low,Yes,Yes,No,Low,Near,No,No,64.0
STU03759,18,Female,12.4,85.8,45.4,71.0,7.1,Low,Low,Yes,Yes,No,Medium,Near,No,No,51.1
STU03760,20,Male,1.5,100.0,57.2,49.0,8.5,Medium,High,No,No,Yes,Low,Near,No,No,53.0
STU03761,16,Female,9.9,94.8,77.7,62.9,4.6,Medium,High,Yes,No,No,Medium,Moderate,Yes,No,65.2
STU03762,20,Male,26.6,98.1,49.7,77.3,7.4,High,Medium,No,No,No,High,Near,No,No,76.5
STU03763,17,Male,17.3,74.4,74.8,56.7,4.6,Low,Medium,Yes,No,No,Medium,Moderate,No,No,68.0
STU03764,18,Female,11.8,79.7,56.9,71.4,9.1,Low,Medium,Yes,No,No,High,Near,No,No,56.6
STU03765,18,Female,24.6,88.3,47.6,72.2,5.0,Low,Low,Yes,No,No,Low,Near,No,Yes,56.6
STU03766,15,Female,11.4,72.7,58.7,69.7,8.5,Medium,Low,Yes,No,No,Low,Moderate,No,No,54.7
STU03767,17,Male,20.7,95.5,74.7,83.6,8.2,Low,Medium,Yes,No,No,High,Far,No,No,74.0
STU03768,16,Male,25.6,86.3,52.4,78.9,9.2,Medium,Low,No,No,No,High,Moderate,No,No,72.0
STU03769,21,Female,19.9,96.0,47.1,85.5,5.6,Medium,High,Yes,Yes,No,High,Moderate,No,Yes,78.7
STU03770,18,Male,23.5,89.8,60.1,74.4,6.9,High,Medium,Yes,No,No,Medium,Moderate,No,No,80.1
STU03771,18,Female,,85.4,55.1,68.6,8.5,High,Low,Yes,Yes,Yes,Medium,Near,No,No,69.4
STU03772,15,Female,0.0,83.8,43.9,46.2,7.5,Medium,Medium,Yes,No,Yes,Low,Near,Yes,No,36.9
STU03773,19,Female,25.5,77.3,57.7,77.9,7.7,High,Medium,Yes,No,Yes,High,Near,No,Yes,71.0
STU03774,16,Female,21.4,76.7,58.3,72.8,8.1,Medium,Medium,Yes,No,Yes,Medium,Moderate,No,No,72.4
STU03775,20,Male,12.6,93.9,66.1,63.2,6.5,Low,High,Yes,Yes,No,Medium,Moderate,No,No,70.0
STU03776,17,Male,10.3,91.7,36.3,87.8,5.6,Low,Medium,Yes,No,Yes,Medium,Moderate,No,No,52.4
STU03777,18,Male,16.0,97.3,58.4,60.2,5.8,Low,Medium,No,No,Yes,Low,Near,No,No,55.9
STU03778,18,Female,5.4,79.5,47.5,69.2,6.9,High,Medium,No,Yes,No,High,Moderate,No,No,65.0
STU03779,20,Female,22.5,96.2,68.8,75.9,5.9,Medium,High,Yes,No,No,Low,Near,No,No,68.2
STU03780,16,Female,13.8,83.2,65.7,63.2,6.6,High,Medium,Yes,No,Yes,Medium,Near,No,No,64.8
STU03781,19,Female,7.8,90.8,40.5,65.8,7.0,High,Low,Yes,No,No,Medium,Near,No,No,59.5
STU03782,18,Other,20.3,97.9,76.3,80.0,9.3,Medium,Low,Yes,Yes,Yes,Medium,Moderate,No,No,83.3
STU03783,16,Male,18.8,100.0,54.6,65.4,5.4,Medium,Medium,Yes,Yes,No,Medium,Near,No,No,67.8
STU03784,20,Male,21.5,95.7,67.9,91.7,5.9,Medium,High,No,No,No,Low,Moderate,No,No,72.6
STU03785,15,Male,4.7,87.0,69.7,45.3,6.9,Medium,High,Yes,No,Yes,Medium,Far,No,No,62.2
STU03786,19,Female,20.9,90.6,44.1,78.3,5.5,Low,Medium,Yes,No,No,Medium,Near,No,Yes,60.6
STU03787,17,Male,29.3,97.5,43.7,76.8,4.0,Low,Medium,No,No,Yes,Medium,Moderate,No,No,52.5
STU03788,18,Female,14.7,92.1,87.9,59.4,6.1,High,Medium,No,No,Yes,Low,Near,No,No,64.7
STU03789,16,Female,14.1,81.0,44.6,77.3,6.6,High,High,Yes,No,No,Low,Near,No,No,56.7
STU03790,15,Female,3.9,91.1,60.1,52.8,7.3,Medium,Medium,Yes,No,No,Low,Near,Yes,Yes,55.1
STU03791,17,Female,15.7,98.0,50.6,75.8,5.5,Medium,Medium,Yes,No,Yes,Medium,Far,No,No,54.5
STU03792,21,Male,6.8,100.0,50.4,50.9,9.5,Medium,Medium,Yes,No,No,Low,Moderate,No,No,52.1
STU03793,16,Male,24.3,85.6,61.4,62.2,8.2,High,Medium,Yes,No,Yes,High,Moderate,No,No,79.9
STU03794,16,Female,34.4,73.8,76.5,96.7,5.3,Medium,High,Yes,No,No,Medium,Near,Yes,No,75.7
STU03795,17,Male,34.6,67.2,73.9,96.3,6.1,High,High,Yes,Yes,No,Medium,Far,No,No,92.2
STU03796,15,Male,8.2,93.0,42.3,55.1,6.0,High,Medium,No,No,No,High,Far,No,No,54.2
STU03797,21,Female,9.1,69.7,59.7,65.2,5.4,Medium,Low,Yes,No,Yes,Low,Moderate,No,No,54.4
STU03798,20,Male,19.8,88.2,45.2,70.0,8.7,High,Medium,Yes,No,No,High,Far,No,No,68.4
STU03799,15,Female,13.2,95.8,40.9,80.9,5.4,Low,Medium,Yes,Yes,Yes,Medium,Near,Yes,No,47.8
STU03800,19,Female,15.1,83.4,47.7,79.7,7.2,Medium,Medium,Yes,Yes,No,High,Moderate,No,No,63.9
STU03801,18,Male,34.6,70.0,66.8,86.5,6.2,Medium,Medium,Yes,Yes,Yes,High,Moderate,No,No,77.2
STU03802,17,Female,6.3,72.4,75.8,56.9,6.7,Medium,Medium,No,Yes,Yes,Low,Moderate,Yes,No,57.9
STU03803,20,Male,17.1,75.8,64.9,88.1,8.5,Medium,Medium,Yes,No,No,Medium,Far,No,No,70.3
STU03804,21,Female,18.0,83.8,57.0,76.1,7.5,High,High,Yes,Yes,No,Medium,Near,No,No,72.0
STU03805,17,Male,23.4,97.0,55.3,80.8,7.5,Medium,,Yes,No,Yes,Medium,Near,No,No,67.9
STU03806,17,Female,8.1,85.1,67.8,65.9,7.5,Low,Low,Yes,No,Yes,Low,Near,No,No,57.4
STU03807,15,Male,26.9,100.0,51.5,97.0,7.7,High,,No,No,No,Low,Far,No,No,77.2
STU03808,18,Male,17.1,95.4,46.0,64.6,5.4,High,Low,Yes,No,No,Medium,Far,Yes,No,55.6
STU03809,19,Male,8.4,88.0,50.5,69.8,6.0,Medium,High,Yes,No,Yes,Medium,Moderate,Yes,No,48.1
STU03810,16,Male,13.6,84.3,56.5,66.5,7.6,Medium,Medium,Yes,No,No,High,Moderate,Yes,No,59.2
STU03811,16,Male,23.0,80.0,56.9,87.4,5.9,Medium,Low,Yes,No,No,Medium,Moderate,Yes,No,62.1
STU03812,17,Female,31.7,86.5,47.7,82.9,6.5,Low,Low,No,No,No,Medium,Moderate,No,No,59.7
STU03813,18,Female,12.2,90.4,55.8,74.8,7.4,Medium,Low,Yes,No,No,Low,Near,No,No,62.6
STU03814,21,Male,31.9,88.2,52.7,78.1,8.7,Medium,Low,Yes,No,No,Low,Moderate,No,No,59.8
STU03815,21,Male,24.9,80.0,70.8,64.1,8.3,Medium,High,Yes,No,Yes,Medium,Moderate,No,No,72.9
STU03816,20,Female,10.9,74.7,61.2,68.4,9.4,High,Low,Yes,No,No,High,Moderate,No,No,69.8
STU03817,15,Female,19.8,100.0,54.7,83.1,7.2,High,Medium,Yes,No,Yes,Medium,Near,Yes,Yes,72.5
STU03818,18,Male,22.0,91.3,68.0,78.3,7.2,High,High,Yes,Yes,Yes,Medium,Moderate,No,Yes,89.4
STU03819,18,Female,13.1,88.6,55.6,84.7,6.0,High,Medium,Yes,No,Yes,High,Far,No,Yes,69.3
STU03820,15,Male,9.8,90.1,67.7,58.8,7.8,Low,Medium,Yes,No,No,High,Moderate,No,No,62.7
STU03821,21,Female,13.9,96.0,48.0,79.7,8.9,Medium,Low,Yes,No,No,Low,Moderate,No,Yes,56.3
STU03822,21,Male,11.9,80.3,68.8,54.9,6.2,Medium,Low,Yes,No,No,Low,Moderate,No,No,59.6
STU03823,21,Male,17.2,83.7,65.7,72.6,7.7,Low,Medium,Yes,No,No,Medium,Moderate,No,No,62.9
STU03824,17,Female,32.5,77.5,54.9,99.6,8.7,Medium,Medium,Yes,Yes,No,Medium,Near,No,No,73.9
STU03825,18,Male,18.7,84.9,60.8,86.4,5.7,Medium,Low,Yes,No,Yes,High,Moderate,No,No,73.0
STU03826,16,Female,29.5,78.2,72.8,79.1,7.8,Medium,Medium,Yes,No,No,Low,Moderate,Yes,Yes,75.2
STU03827,15,Male,19.5,74.9,48.2,60.0,7.9,High,Low,Yes,Yes,No,Low,Moderate,No,Yes,64.5
STU03828,21,Female,38.1,68.8,71.1,96.5,4.0,Medium,Medium,Yes,No,Yes,High,Moderate,No,No,76.8
STU03829,20,Female,8.5,100.0,37.7,68.4,6.2,Medium,Low,Yes,Yes,Yes,Medium,Moderate,Yes,Yes,58.9
STU03830,21,Male,0.0,81.7,74.1,36.3,5.3,High,Low,Yes,No,No,High,Moderate,No,No,62.1
STU03831,21,Female,17.2,89.9,65.1,78.7,6.2,Medium,Medium,Yes,No,Yes,Medium,Moderate,No,Yes,77.2
STU03832,19,Female,18.2,86.0,56.9,95.5,6.4,High,Medium,Yes,Yes,Yes,Medium,Far,No,No,73.9
STU03833,17,Female,27.6,90.0,49.1,66.8,6.9,High,High,Yes,No,No,Low,Moderate,No,No,70.1
STU03834,15,Female,30.2,65.0,73.3,60.2,8.4,Medium,Low,Yes,No,No,Low,Far,No,No,77.6
STU03835,19,Female,2.5,80.3,85.7,36.1,8.8,Medium,Medium,Yes,No,Yes,Medium,Moderate,No,No,63.4
STU03836,19,Male,,96.6,56.6,81.4,7.3,High,Medium,Yes,No,No,Medium,Near,No,Yes,73.4
STU03837,20,Male,16.1,100.0,63.5,64.0,8.9,High,Medium,Yes,No,No,Low,Far,No,No,65.8
STU03838,18,Female,,81.4,71.5,49.6,8.2,High,Medium,Yes,Yes,Yes,High,Moderate,No,Yes,74.7
STU03839,20,Female,13.9,82.5,67.4,60.2,6.9,Medium,Medium,No,Yes,Yes,Low,Far,No,No,61.6
STU03840,18,Male,23.7,95.7,61.6,83.4,9.2,High,Medium,No,No,Yes,Medium,Moderate,No,No,73.0
STU03841,18,Female,24.3,89.4,58.0,90.7,7.1,Low,Medium,No,No,No,Low,Near,No,Yes,70.6
STU03842,15,Female,18.0,85.3,67.3,83.2,7.4,High,Medium,Yes,No,No,High,Near,No,No,85.3
STU03843,21,Male,,84.4,44.5,94.2,5.5,Medium,Low,Yes,Yes,Yes,Low,Moderate,No,Yes,70.5
STU03844,15,Male,17.8,79.3,73.4,69.5,7.5,High,Low,No,No,Yes,Medium,Far,No,No,71.9
STU03845,17,Female,25.2,78.9,36.0,79.6,7.6,Low,Low,Yes,No,Yes,Low,Moderate,No,No,47.3
STU03846,18,Male,8.3,86.3,52.0,49.5,8.3,Low,Low,Yes,No,No,Medium,Near,No,Yes,50.8
STU03847,19,Female,,88.2,55.8,74.8,6.7,Low,High,Yes,Yes,No,Medium,Moderate,No,Yes,60.1
STU03848,21,Female,31.6,88.7,52.8,93.5,5.9,Medium,High,Yes,No,Yes,Low,Moderate,No,No,74.4
STU03849,16,Male,11.1,78.1,42.7,64.4,7.6,Low,Medium,Yes,Yes,No,Low,Near,No,Yes,40.2
STU03850,17,Male,23.1,98.3,76.6,66.3,8.1,Medium,Low,Yes,No,No,High,Near,Yes,No,70.0
STU03851,15,Male,10.8,68.8,78.6,40.2,6.5,Medium,Medium,Yes,Yes,Yes,High,Near,No,No,64.7
STU03852,20,Female,18.1,90.3,70.6,59.5,5.7,Medium,High,Yes,Yes,No,Low,Near,Yes,Yes,67.9
STU03853,17,Female,13.9,79.6,58.0,71.9,6.4,Low,High,Yes,No,No,Low,Near,Yes,No,48.6
STU03854,17,Male,,76.3,89.0,68.1,9.4,High,Medium,No,No,No,Low,Near,No,No,72.6
STU03855,21,Female,20.7,81.8,52.4,89.9,5.5,Medium,Medium,Yes,No,No,Low,Far,No,Yes,64.1
STU03856,17,Male,9.7,69.1,49.0,49.2,5.5,Medium,Medium,No,No,No,High,Near,No,No,54.4
STU03857,17,Male,21.0,88.5,57.3,75.1,9.8,Medium,Low,No,Yes,No,Medium,Near,No,No,67.5
STU03858,16,Male,,100.0,80.1,60.0,6.8,High,Low,Yes,No,No,Medium,Near,No,Yes,76.5
STU03859,20,Male,28.8,78.6,66.8,63.5,5.2,Medium,Medium,Yes,No,No,High,Moderate,No,No,72.0
STU03860,20,Male,17.9,100.0,79.5,81.2,4.9,Medium,High,Yes,No,No,Medium,Moderate,No,No,75.2
STU03861,20,Male,0.0,76.4,60.4,46.9,7.9,High,Medium,Yes,No,Yes,Medium,Near,Yes,No,49.0
STU03862,18,Female,4.5,80.8,46.5,25.6,7.5,Low,High,Yes,Yes,Yes,Medium,Moderate,No,No,44.3
STU03863,19,Female,20.5,98.6,52.2,71.0,7.9,Medium,High,Yes,No,No,Medium,Moderate,No,No,72.2
STU03864,20,Male,22.7,73.0,67.9,87.9,5.7,Medium,Medium,No,No,Yes,Medium,Near,No,No,72.7
STU03865,17,Male,11.9,82.7,51.9,54.5,5.2,High,Low,No,No,No,Low,Moderate,No,No,57.4
STU03866,17,Male,16.3,100.0,59.4,53.7,7.8,Medium,Medium,Yes,No,No,Low,Moderate,No,Yes,63.8
STU03867,20,Male,20.8,73.2,74.5,59.0,5.4,Medium,Medium,Yes,No,Yes,Low,Near,No,No,67.6
STU03868,21,Female,,90.9,80.9,76.5,6.8,High,Medium,Yes,No,No,Low,Moderate,No,No,81.7
STU03869,20,Male,22.3,90.1,64.5,84.6,5.7,Medium,Low,Yes,No,Yes,Medium,Far,No,No,76.7
STU03870,17,Male,10.5,65.8,60.2,66.0,9.5,High,High,Yes,No,Yes,Medium,Moderate,No,Yes,65.3
STU03871,18,Male,25.9,78.8,61.1,60.8,8.4,High,,Yes,Yes,No,Medium,Near,No,No,75.6
STU03872,15,Male,0.0,100.0,43.1,43.3,10.0,Low,Low,Yes,No,No,Low,Far,No,No,34.9
STU03873,15,Male,12.8,87.2,67.0,71.9,8.0,Low,Medium,Yes,No,Yes,Medium,Moderate,No,No,60.1
STU03874,20,Female,20.0,88.8,69.0,62.8,7.5,Medium,High,No,Yes,No,Low,Near,No,Yes,64.2
STU03875,16,Male,5.4,87.4,63.6,51.9,8.0,Low,Low,Yes,Yes,No,Medium,Moderate,No,Yes,55.3
STU03876,20,Male,15.4,100.0,45.5,52.7,,Medium,Medium,Yes,No,Yes,Medium,Moderate,No,No,49.3
STU03877,21,Female,19.4,75.3,58.1,72.1,4.3,High,Medium,Yes,No,No,Low,Far,No,No,59.7
STU03878,20,Female,8.8,78.2,70.4,62.8,8.1,Medium,,No,No,Yes,Medium,Near,No,Yes,61.6
STU03879,15,Female,16.5,83.9,58.2,87.1,6.1,Medium,Low,No,No,Yes,Medium,Near,No,No,61.2
STU03880,17,Female,5.2,90.6,47.2,57.0,7.0,High,Medium,Yes,No,Yes,Low,Moderate,No,No,51.4
STU03881,20,Male,23.0,86.5,54.2,80.5,4.6,Low,Medium,No,Yes,Yes,Low,Far,No,No,59.3
STU03882,17,Female,,86.8,59.0,74.8,6.2,Medium,Medium,Yes,No,No,High,Near,No,No,70.0
STU03883,17,Female,20.9,79.5,64.6,70.3,6.5,Low,Low,Yes,Yes,No,Low,Far,No,No,57.9
STU03884,16,Male,14.4,91.1,52.8,68.3,,Medium,Medium,Yes,No,No,High,Moderate,No,No,66.7
STU03885,17,Female,1.7,66.1,58.7,69.4,7.2,High,Medium,Yes,No,Yes,Medium,Moderate,No,No,60.8
STU03886,15,Female,13.9,79.5,52.1,62.9,4.9,Medium,Medium,Yes,No,No,Low,Moderate,No,No,47.1
STU03887,18,Male,28.8,76.8,50.3,72.7,6.2,High,High,Yes,Yes,No,Low,Near,No,No,80.2
STU03888,18,Male,23.1,74.0,80.8,82.9,8.7,Medium,Medium,Yes,No,No,Medium,Moderate,No,Yes,83.9
STU03889,19,Male,29.0,67.2,57.2,72.6,6.3,High,Medium,Yes,No,No,Medium,Far,Yes,No,71.2
STU03890,21,Male,15.4,87.3,64.5,77.4,8.4,Medium,Medium,Yes,No,Yes,Medium,Near,No,No,64.6
STU03891,20,Male,9.5,89.3,45.0,48.3,6.2,Medium,High,Yes,No,No,High,Moderate,No,Yes,47.3
STU03892,21,Female,19.7,89.4,67.8,90.9,7.5,Medium,Medium,Yes,No,No,High,Near,No,No,74.7
STU03893,15,Female,13.5,94.4,62.0,68.8,7.1,Medium,Medium,Yes,No,Yes,Low,Near,Yes,No,62.4
STU03894,17,Male,10.5,96.2,62.1,57.5,6.8,High,Medium,Yes,No,No,High,Moderate,No,No,70.9
STU03895,18,Female,1.1,64.6,60.7,56.8,5.0,High,Medium,Yes,No,No,High,Near,No,No,60.0
STU03896,21,Male,17.7,91.3,78.6,76.1,4.6,High,Medium,Yes,No,No,High,Moderate,No,No,82.7
STU03897,15,Male,22.5,86.8,61.1,81.4,7.4,Low,Medium,Yes,No,No,Medium,Moderate,No,No,76.5
STU03898,18,Female,5.7,86.7,71.4,56.7,7.1,High,Low,Yes,No,No,Medium,Far,No,Yes,74.7
STU03899,17,Female,26.9,83.8,65.6,79.5,6.2,High,Medium,No,No,No,Medium,Near,No,No,75.5
STU03900,21,Female,17.0,79.5,44.3,84.2,5.7,High,Low,Yes,No,Yes,Medium,Near,No,No,66.5
STU03901,18,Female,15.9,90.3,78.6,66.5,9.0,Medium,High,Yes,Yes,Yes,High,Near,No,No,73.7
STU03902,20,Female,5.2,75.2,64.7,52.0,8.5,High,Low,Yes,No,Yes,Low,Far,No,No,54.0
STU03903,20,Female,19.2,96.0,72.0,77.3,8.1,Medium,Medium,Yes,No,No,Low,Moderate,No,Yes,80.1
STU03904,19,Male,5.8,80.0,48.6,60.0,9.4,High,Medium,Yes,Yes,No,High,Near,No,No,60.0
STU03905,19,Female,7.4,64.6,56.9,47.9,5.4,High,Low,No,Yes,Yes,Low,Far,No,Yes,56.4
STU03906,18,Other,1.6,86.1,74.5,67.8,7.4,High,Low,Yes,No,No,High,Far,No,No,67.2
STU03907,15,Female,36.6,73.2,60.3,80.6,4.9,High,Medium,Yes,No,Yes,Medium,Far,No,No,72.8
STU03908,20,Male,14.6,73.0,61.1,53.9,6.4,Low,Medium,Yes,No,No,Low,Near,No,No,60.1
STU03909,15,Female,10.1,91.8,30.0,80.0,6.5,High,Low,Yes,No,No,Medium,Near,No,No,58.1
STU03910,15,Female,14.7,94.3,46.3,66.9,6.0,Medium,Low,Yes,No,Yes,Medium,Moderate,No,No,58.3
STU03911,18,Male,11.0,83.9,51.2,65.4,6.9,Medium,Low,Yes,No,No,Medium,Moderate,No,Yes,64.6
STU03912,15,Other,13.6,64.9,39.5,60.6,10.0,Medium,High,Yes,No,No,High,Near,No,No,49.5
STU03913,20,Male,18.0,90.3,46.0,68.6,7.4,High,Medium,Yes,No,No,High,Near,No,Yes,69.6
STU03914,17,Male,11.7,81.8,77.0,75.1,8.5,High,High,Yes,No,No,Medium,Far,No,No,75.4
STU03915,19,Female,16.0,98.8,84.0,75.2,7.2,High,High,Yes,No,Yes,Low,Near,No,No,82.2
STU03916,17,Male,33.7,100.0,51.5,95.7,4.5,Low,High,Yes,No,No,High,Moderate,No,No,73.1
STU03917,15,Male,0.3,70.0,52.6,38.5,6.1,Medium,High,No,Yes,No,Medium,Moderate,No,No,51.5
STU03918,17,Female,5.9,100.0,52.6,55.1,6.2,Medium,Low,Yes,Yes,Yes,Low,Moderate,No,No,64.6
STU03919,20,Female,18.9,69.4,73.6,79.6,6.9,Medium,Low,Yes,No,Yes,High,Moderate,No,No,71.9
STU03920,20,Male,25.9,79.6,63.3,61.7,7.9,Medium,Medium,Yes,No,No,High,Moderate,Yes,No,62.4
STU03921,15,Other,38.9,95.3,54.1,87.9,8.3,High,Medium,Yes,Yes,No,Medium,Near,No,No,80.0
STU03922,18,Female,18.3,77.8,57.6,79.7,7.5,High,Medium,Yes,No,No,Medium,Moderate,No,No,69.5
STU03923,17,Female,,76.9,77.3,45.2,8.6,Medium,Low,Yes,Yes,Yes,Medium,Near,No,Yes,60.0
STU03924,18,Female,27.0,67.9,71.6,76.2,6.0,High,High,Yes,No,No,Medium,Moderate,No,Yes,81.9
STU03925,18,Female,16.0,71.6,46.2,79.6,7.8,Medium,High,Yes,Yes,No,High,Moderate,No,No,67.8
STU03926,16,Male,15.7,76.9,55.3,73.7,7.8,Medium,Medium,No,No,Yes,High,Moderate,No,No,66.0
STU03927,15,Male,0.0,92.7,64.5,57.5,8.4,Low,Medium,Yes,Yes,Yes,Medium,Near,No,No,56.9
STU03928,19,Female,24.3,100.0,61.9,83.9,5.9,High,Medium,Yes,Yes,No,Medium,Near,No,No,81.0
STU03929,20,Female,7.6,77.4,72.3,64.0,9.8,Low,Medium,Yes,No,No,High,Moderate,Yes,Yes,52.3
STU03930,20,Male,19.5,81.0,63.4,74.2,5.8,Medium,Medium,No,No,Yes,Low,Near,No,No,57.5
STU03931,15,Female,15.5,75.1,82.9,55.9,6.3,High,Medium,Yes,No,Yes,Low,Far,No,No,70.0
STU03932,21,Female,16.6,69.7,68.9,66.1,8.1,Medium,Medium,Yes,No,Yes,High,Far,No,No,68.2
STU03933,21,Male,15.4,69.7,45.6,66.1,4.6,High,High,Yes,No,No,Low,Near,No,No,58.8
STU03934,21,Male,9.0,72.2,58.5,45.3,5.6,High,Medium,Yes,Yes,No,Low,Near,No,No,55.5
STU03935,19,Male,8.3,84.5,52.9,54.4,7.1,Medium,Medium,Yes,No,Yes,Low,Moderate,No,No,52.3
STU03936,20,Female,22.6,78.7,58.6,73.4,4.3,Medium,Medium,Yes,No,Yes,Medium,Far,No,No,67.3
STU03937,15,Male,14.9,81.2,59.7,82.1,5.8,Low,Low,Yes,No,No,Low,Moderate,No,No,56.5
STU03938,20,Male,9.8,89.0,50.7,43.5,7.1,High,Medium,No,No,No,Medium,Near,No,No,57.9
STU03939,18,Female,10.9,84.1,84.6,64.0,5.8,Medium,High,Yes,No,Yes,High,Moderate,Yes,No,72.3
STU03940,17,Female,20.5,73.4,51.4,78.2,9.7,Medium,Low,No,Yes,Yes,Medium,Near,No,No,64.6
STU03941,17,Male,9.6,94.6,61.5,68.7,8.1,High,Low,Yes,No,Yes,Medium,Near,Yes,No,61.5
STU03942,20,Male,27.8,64.8,59.5,94.1,7.7,Low,High,No,No,Yes,Low,Near,No,No,64.0
STU03943,16,Female,13.8,77.3,57.9,54.5,7.2,Medium,Medium,Yes,No,No,Medium,Moderate,No,Yes,61.8
STU03944,19,Female,12.2,100.0,53.8,60.2,8.2,Low,Medium,Yes,Yes,No,Medium,Near,No,No,61.0
STU03945,21,Female,19.9,88.4,51.7,80.4,7.1,Medium,Medium,Yes,No,No,Medium,Moderate,No,No,70.8
STU03946,19,Female,12.7,67.0,69.2,61.5,5.5,Medium,Medium,Yes,Yes,No,Low,Far,No,Yes,66.6
STU03947,19,Male,18.1,69.2,74.7,73.2,7.5,High,High,Yes,No,No,Medium,Moderate,No,Yes,75.7
STU03948,18,Male,14.6,81.6,33.7,79.0,5.9,High,High,Yes,No,No,High,Moderate,No,Yes,67.4
STU03949,19,Male,1.1,80.1,73.5,60.8,7.6,Medium,High,Yes,Yes,Yes,Medium,Near,No,No,60.6
STU03950,17,Male,6.5,92.1,81.0,63.0,7.4,Medium,High,Yes,Yes,No,Medium,Moderate,No,No,73.5
STU03951,18,Female,17.3,96.3,51.2,83.0,6.1,High,Low,No,No,No,Medium,Near,No,Yes,63.6
STU03952,15,Male,11.4,79.8,54.4,55.9,10.0,Low,Medium,Yes,No,No,Medium,Moderate,No,Yes,47.5
STU03953,19,Male,31.5,83.9,60.5,85.5,8.9,Medium,Medium,Yes,No,No,Medium,Near,No,No,80.9
STU03954,19,Other,,74.7,45.9,61.1,6.9,Medium,Medium,Yes,No,Yes,Low,Near,No,No,45.7
STU03955,15,Male,4.5,83.4,65.1,46.4,7.8,Low,Medium,Yes,No,No,Medium,Near,No,No,48.8
STU03956,19,Male,15.3,74.7,50.7,81.2,7.5,High,High,Yes,Yes,No,High,Near,No,No,81.0
STU03957,15,Male,,85.2,62.6,76.3,,Medium,High,Yes,No,Yes,Medium,Moderate,No,No,64.8
STU03958,18,Female,22.1,78.7,52.3,80.9,7.9,Medium,High,No,No,Yes,Low,Moderate,No,No,67.8
STU03959,17,Female,0.0,91.3,60.7,36.2,6.7,Medium,Medium,Yes,No,Yes,Low,Near,No,No,48.4
STU03960,15,Male,27.1,95.5,51.7,71.1,4.9,Medium,Low,Yes,No,No,Medium,Moderate,No,Yes,69.1
STU03961,16,Female,4.5,97.9,60.0,44.6,6.2,High,Medium,Yes,Yes,Yes,High,Moderate,No,No,64.4
STU03962,15,Female,23.7,85.4,57.9,54.0,6.2,High,Medium,No,No,Yes,Medium,Moderate,No,No,66.9
STU03963,19,Female,30.7,91.1,57.7,88.0,4.1,Medium,Medium,Yes,No,No,Medium,Far,No,No,62.6
STU03964,21,Female,21.0,80.0,61.4,51.3,9.0,Medium,Low,Yes,Yes,No,Low,Near,No,No,64.1
STU03965,21,Female,5.8,76.6,68.9,54.6,6.2,High,High,Yes,Yes,Yes,Medium,Near,No,No,63.4
STU03966,18,Female,13.5,71.3,69.6,80.2,6.4,High,Low,No,Yes,Yes,Medium,Moderate,No,No,67.8
STU03967,20,Male,21.0,88.6,48.9,77.2,10.0,Low,High,Yes,No,No,High,Far,No,Yes,59.8
STU03968,18,Male,15.3,64.5,39.3,61.5,5.5,High,High,Yes,Yes,Yes,Medium,Moderate,No,No,49.6
STU03969,20,Male,6.6,93.7,55.5,56.2,6.9,Medium,High,No,No,No,Medium,Far,No,No,54.3
STU03970,21,Female,15.8,81.4,50.8,78.2,4.6,High,High,Yes,No,No,Medium,Moderate,No,No,68.7
STU03971,21,Female,10.9,82.1,55.1,65.6,6.0,Medium,Low,No,No,No,Medium,Moderate,No,No,50.9
STU03972,15,Female,19.8,91.7,61.8,64.4,6.2,High,Medium,Yes,Yes,No,High,Moderate,No,Yes,77.2
STU03973,17,Male,6.5,66.7,49.4,58.4,8.7,Medium,High,Yes,No,Yes,Low,Moderate,No,No,45.9
STU03974,16,Female,0.0,82.8,60.1,49.4,5.7,Low,Low,Yes,No,Yes,Medium,Moderate,No,No,50.1
STU03975,18,Female,6.9,100.0,61.6,45.5,8.3,Low,Medium,Yes,No,Yes,Medium,Moderate,No,No,54.9
STU03976,19,Female,1.4,82.2,62.0,61.9,10.0,Medium,Medium,No,No,No,Medium,Moderate,No,No,48.7
STU03977,20,Female,10.0,71.8,72.3,36.4,9.6,Medium,Medium,Yes,No,No,Low,Moderate,No,No,51.3
STU03978,19,Female,20.4,81.5,53.0,74.9,4.0,Medium,High,Yes,Yes,No,Medium,Near,No,No,65.2
STU03979,17,Female,11.8,98.1,51.1,62.1,7.7,High,Medium,Yes,No,No,Medium,Moderate,No,Yes,68.3
STU03980,20,Female,14.8,77.3,56.5,60.6,9.4,High,Low,Yes,No,No,High,Moderate,No,No,67.8
STU03981,18,Female,7.0,69.6,44.6,49.4,5.8,High,Medium,Yes,No,Yes,Low,Far,No,Yes,52.4
STU03982,15,Male,15.2,80.3,55.7,91.7,6.9,High,Medium,Yes,No,Yes,High,Moderate,No,Yes,78.1
STU03983,19,Male,7.4,71.0,54.8,52.2,6.5,Medium,Medium,No,No,No,Low,Near,No,Yes,44.3
STU03984,17,Female,5.5,62.4,52.4,52.1,8.4,High,High,Yes,No,No,Low,Near,No,Yes,58.5
STU03985,18,Male,13.2,92.5,55.3,68.2,6.3,High,Medium,Yes,Yes,No,Low,Moderate,No,No,75.0
STU03986,21,Other,9.6,95.5,59.6,56.7,9.9,Medium,Medium,Yes,Yes,Yes,High,Near,No,No,71.5
STU03987,21,Male,0.0,89.2,74.4,42.2,8.8,Medium,Medium,Yes,No,Yes,Low,Far,No,No,64.3
STU03988,18,Female,14.4,93.9,43.0,59.6,4.6,Medium,High,No,No,Yes,Medium,Near,No,No,54.1
STU03989,18,Male,7.2,80.9,64.4,55.1,4.7,High,Medium,No,No,No,Medium,Far,No,No,63.9
STU03990,18,Male,6.7,98.5,62.6,68.4,7.3,Medium,Low,Yes,Yes,Yes,High,Moderate,No,No,67.8
STU03991,20,Female,26.2,78.7,78.3,81.9,6.7,Medium,High,Yes,No,Yes,High,Far,No,No,83.4
STU03992,18,Male,21.8,85.0,78.9,91.9,6.9,Medium,Medium,Yes,No,No,Medium,Near,Yes,No,72.3
STU03993,19,Male,18.0,76.6,56.9,83.3,6.1,Medium,Low,Yes,No,No,High,Moderate,No,No,67.7
STU03994,17,Male,15.5,71.0,41.9,79.7,5.4,High,Low,Yes,Yes,No,Medium,Near,No,No,68.2
STU03995,20,Female,19.8,78.6,58.6,76.7,7.0,High,Low,No,No,Yes,High,Near,No,No,61.6
STU03996,18,Male,11.9,100.0,42.0,66.2,7.7,Medium,High,Yes,No,No,Low,Near,No,No,56.3
STU03997,16,Female,15.6,100.0,62.8,75.6,8.6,Medium,Low,Yes,No,Yes,Low,Moderate,No,Yes,64.5
STU03998,16,Female,11.8,92.8,59.2,73.6,8.8,Low,High,Yes,Yes,Yes,Medium,Near,No,No,64.6
STU03999,17,Female,15.9,80.7,54.2,56.6,7.1,Medium,Medium,Yes,No,Yes,Medium,Far,No,Yes,52.3
STU04000,21,Female,17.3,80.5,56.6,76.0,7.5,Low,Low,No,No,No,Medium,Near,No,No,53.2
STU04001,15,Female,16.8,100.0,43.5,66.3,4.5,High,Medium,Yes,No,Yes,Medium,Near,No,No,63.1
STU04002,15,Male,12.1,85.2,56.9,62.5,8.1,Low,Low,Yes,No,No,Medium,Near,No,No,49.5
STU04003,21,Female,20.5,92.9,50.8,77.6,9.0,Low,High,No,Yes,No,Medium,Moderate,No,No,66.6
STU04004,20,Male,13.4,79.5,62.1,49.5,8.0,Low,Medium,Yes,No,Yes,Low,Near,No,No,49.9
STU04005,20,Female,13.2,82.0,64.2,81.7,6.9,Medium,Medium,Yes,No,No,High,Far,No,No,68.9
STU04006,20,Male,0.4,92.8,68.0,46.9,5.6,Medium,High,No,No,No,High,Moderate,No,Yes,64.4
STU04007,15,Female,8.2,77.6,65.7,54.0,5.6,High,Medium,Yes,No,No,High,Far,No,No,58.0
STU04008,16,Male,21.9,88.5,52.9,81.8,6.7,Medium,Medium,No,Yes,No,Medium,Near,No,No,76.5
STU04009,15,Male,21.3,78.0,71.3,79.6,7.7,High,High,No,No,No,Medium,Moderate,No,No,77.5
STU04010,19,Female,14.8,90.1,59.4,56.1,4.0,High,Medium,Yes,No,No,High,Moderate,Yes,Yes,65.7
STU04011,18,Female,10.5,77.7,57.5,78.3,5.0,High,Medium,Yes,No,No,High,Far,Yes,No,59.0
STU04012,20,Male,16.2,100.0,42.4,58.0,8.4,Low,Medium,Yes,No,Yes,Medium,Moderate,No,Yes,58.8
STU04013,16,Female,0.0,84.4,44.9,48.1,9.6,Medium,Medium,Yes,Yes,Yes,Medium,Far,No,No,48.0
STU04014,17,Female,16.1,92.7,59.1,52.6,6.7,Low,Low,Yes,No,Yes,Medium,Near,No,No,61.7
STU04015,17,Other,5.0,84.8,63.0,77.7,8.0,Medium,Medium,Yes,No,Yes,Medium,Moderate,No,No,63.7
STU04016,18,Female,14.3,80.0,55.4,72.7,6.8,Medium,Low,Yes,Yes,Yes,Low,Near,No,No,55.6
STU04017,16,Male,16.7,90.7,77.7,65.9,7.2,Medium,Low,Yes,Yes,No,Medium,Near,No,No,81.1
STU04018,15,Male,12.2,96.5,86.2,63.8,5.4,Medium,Medium,Yes,Yes,Yes,High,Near,No,No,85.6
STU04019,15,Female,21.0,70.5,67.5,64.0,7.8,High,Medium,No,No,Yes,Medium,Far,Yes,No,59.6
STU04020,19,Female,9.9,86.3,62.4,70.9,5.9,Medium,Medium,No,No,Yes,Medium,Far,No,No,59.9
STU04021,19,Male,9.2,83.9,58.3,45.4,7.4,Medium,High,Yes,No,Yes,Medium,Near,No,No,60.3
STU04022,15,Male,20.0,87.1,76.9,80.6,8.1,Low,,Yes,No,Yes,High,Far,No,No,78.4
STU04023,17,Female,12.1,98.5,63.6,54.8,7.9,Medium,Medium,Yes,Yes,No,Medium,Moderate,No,No,62.1
STU04024,20,Male,25.8,93.2,43.8,94.8,5.8,Medium,Medium,Yes,No,No,Medium,Moderate,No,Yes,72.1
STU04025,17,Male,15.1,96.6,61.9,61.3,7.4,Low,High,Yes,No,No,Medium,Near,No,No,59.1
STU04026,19,Male,19.4,87.6,70.4,74.2,6.1,Medium,Medium,Yes,No,No,Medium,Moderate,No,No,69.5
STU04027,18,Male,22.5,80.7,47.7,93.3,8.1,High,High,Yes,No,Yes,Medium,Near,No,No,77.5
STU04028,15,Male,14.4,60.8,51.3,71.6,8.3,High,High,Yes,Yes,No,Medium,Near,No,No,72.6
STU04029,19,Female,2.8,99.2,56.5,59.1,8.2,High,Medium,No,No,No,Medium,Moderate,No,No,60.3
STU04030,19,Male,20.0,60.0,57.8,73.6,9.2,High,Medium,Yes,Yes,Yes,Medium,Far,No,Yes,71.6
STU04031,20,Male,24.5,100.0,44.1,75.3,7.8,High,High,No,No,Yes,Low,Moderate,No,No,71.3
STU04032,15,Male,12.9,92.4,67.4,68.5,9.3,Medium,Medium,Yes,No,No,Low,Far,Yes,No,57.4
STU04033,20,Male,22.9,100.0,48.6,78.5,8.1,Medium,Medium,Yes,No,No,Low,Far,No,No,72.7
STU04034,15,Male,5.7,87.7,61.0,62.7,6.0,Medium,Medium,Yes,Yes,Yes,High,Near,No,No,68.2
STU04035,20,Female,16.2,90.0,54.0,83.7,7.4,High,Medium,Yes,Yes,Yes,Low,Near,No,Yes,69.9
STU04036,17,Female,12.7,83.1,49.9,62.8,8.7,High,Low,Yes,Yes,No,Low,Moderate,No,No,65.4
STU04037,18,Male,2.4,85.8,35.5,47.7,8.8,Low,High,Yes,No,No,Low,Far,Yes,No,31.4
STU04038,18,Male,18.2,77.8,55.4,63.4,6.4,High,High,Yes,No,Yes,Medium,Far,No,No,62.2
STU04039,15,Male,7.9,83.8,71.6,62.0,6.4,Medium,High,No,No,No,Low,Moderate,No,No,63.3
STU04040,16,Female,18.0,76.5,55.1,80.5,8.0,Medium,Medium,Yes,No,No,Medium,Moderate,Yes,Yes,56.4
STU04041,21,Female,7.0,85.5,73.0,54.9,5.9,Medium,Medium,No,Yes,No,Low,Moderate,No,No,63.6
STU04042,19,Male,1.6,84.7,41.0,56.0,6.8,Low,Medium,Yes,No,No,High,Near,No,No,54.5
STU04043,19,Female,9.3,84.8,59.2,56.1,7.3,Medium,Low,Yes,No,No,High,Near,No,Yes,59.3
STU04044,15,Male,23.3,84.1,65.1,82.7,6.9,Medium,Medium,Yes,No,No,High,Moderate,No,No,78.2
STU04045,20,Female,13.7,78.8,78.0,59.8,8.3,Medium,High,Yes,No,No,Medium,Far,No,No,69.0
STU04046,16,Female,15.3,90.6,32.6,73.1,8.2,Medium,High,No,No,Yes,Medium,Far,No,No,53.9
STU04047,17,Female,16.1,88.1,69.1,66.1,7.3,High,Medium,Yes,No,Yes,Medium,Near,No,No,85.2
STU04048,20,Female,15.8,87.8,50.0,47.8,5.4,Medium,Low,Yes,No,Yes,Medium,Moderate,No,No,52.2
STU04049,20,Male,30.0,75.6,75.4,88.0,9.2,Low,High,Yes,No,No,Medium,Far,No,No,67.5
STU04050,15,Female,14.7,91.7,57.8,71.3,6.0,High,Medium,Yes,Yes,Yes,Low,Moderate,No,No,74.3
STU04051,15,Female,0.0,77.4,65.3,45.7,6.3,Medium,High,Yes,Yes,Yes,Medium,Near,No,No,52.4
STU04052,19,Female,12.0,79.8,55.0,47.1,5.8,Low,Medium,Yes,Yes,No,Low,Moderate,No,No,48.6
STU04053,15,Male,15.5,85.9,48.5,73.8,4.8,Medium,High,Yes,No,No,Medium,Moderate,No,No,53.3
STU04054,15,Male,4.9,96.5,48.1,54.1,8.6,Medium,Medium,Yes,No,No,Medium,Moderate,No,No,54.1
STU04055,15,Female,13.1,72.9,71.0,64.3,9.8,High,Medium,No,No,No,Medium,Moderate,No,Yes,73.2
STU04056,19,Female,13.2,75.1,55.3,67.1,5.2,Medium,Low,Yes,Yes,No,High,Far,No,No,65.7
STU04057,17,Female,29.2,65.4,44.9,94.5,4.3,Medium,Medium,Yes,Yes,Yes,Medium,Near,No,No,65.5
STU04058,17,Female,9.6,90.1,40.3,51.3,7.3,Low,High,Yes,No,No,Medium,Near,Yes,No,39.2
STU04059,21,Female,22.6,81.6,39.4,67.2,7.5,High,Low,No,No,No,Medium,Moderate,Yes,No,54.7
STU04060,21,Female,13.8,89.2,60.6,74.3,4.0,Medium,Low,Yes,No,Yes,Low,Near,No,No,57.7
STU04061,15,Female,21.9,88.4,56.3,90.6,5.5,High,Low,Yes,No,No,Medium,Far,No,No,77.4
STU04062,21,Female,26.2,92.9,58.4,91.6,9.0,Medium,Low,Yes,No,No,High,Near,No,No,78.6
STU04063,19,Male,18.0,85.0,59.2,69.8,7.9,Medium,Medium,Yes,Yes,No,High,Moderate,No,No,71.5
STU04064,17,Male,14.5,77.9,55.8,60.8,9.0,High,High,Yes,No,No,Medium,Far,No,No,61.8
STU04065,20,Female,24.2,87.3,64.8,91.4,5.4,Medium,Low,Yes,No,Yes,Low,Near,No,No,69.4
STU04066,17,Male,3.3,89.1,64.4,67.0,7.0,Medium,High,Yes,No,No,Low,Far,No,Yes,56.0
STU04067,17,Female,16.4,81.5,55.8,65.6,6.9,Medium,Low,Yes,Yes,Yes,Medium,Moderate,Yes,No,54.4
STU04068,19,Male,5.0,85.9,55.4,65.2,,High,High,Yes,Yes,Yes,High,Near,No,No,66.6
STU04069,21,Male,21.4,71.5,65.0,86.8,6.1,Medium,Medium,Yes,Yes,No,Medium,Far,No,No,67.9
STU04070,20,Female,15.8,72.3,52.6,56.9,6.2,Medium,High,Yes,No,No,High,Near,No,No,55.3
STU04071,19,Female,14.4,68.4,57.7,55.6,7.8,Medium,Low,Yes,No,No,Medium,Moderate,No,No,62.4
STU04072,15,Male,12.0,87.9,69.4,64.1,8.2,High,High,Yes,Yes,No,Low,Near,No,Yes,73.7
STU04073,18,Female,20.4,92.4,53.6,58.8,6.3,Medium,Low,Yes,Yes,Yes,Low,Near,No,No,66.4
STU04074,17,Female,0.7,70.7,61.2,45.4,7.4,Medium,Low,Yes,No,Yes,Low,Far,No,No,45.5
STU04075,18,Female,30.2,86.6,47.0,86.4,8.4,Low,Medium,Yes,No,No,Medium,Moderate,No,No,65.1
STU04076,19,Male,13.9,89.5,61.5,64.1,,High,Low,No,No,No,Low,Near,No,Yes,65.1
STU04077,19,Female,4.6,81.0,52.2,37.6,6.3,High,High,Yes,No,No,Medium,Moderate,No,No,55.5
STU04078,19,Female,0.0,100.0,57.4,55.9,7.5,Medium,Medium,Yes,No,No,Medium,Moderate,No,Yes,57.8
STU04079,18,Male,13.7,70.4,72.4,61.8,8.0,Medium,Medium,Yes,No,No,Medium,Far,No,No,64.4
STU04080,19,Female,16.8,81.2,62.1,52.3,7.1,High,Medium,Yes,No,No,Low,Moderate,No,No,62.0
STU04081,15,Female,17.4,55.9,45.0,74.5,7.8,High,Low,Yes,No,No,Low,Far,Yes,No,49.4
STU04082,19,Female,3.4,88.5,57.7,55.0,8.4,High,Medium,Yes,No,No,Medium,Moderate,No,Yes,57.3
STU04083,16,Female,5.2,77.7,69.5,63.7,7.6,Medium,High,Yes,No,No,Medium,Moderate,No,No,57.2
STU04084,21,Male,25.8,65.2,63.0,80.6,8.3,Medium,High,Yes,No,No,Medium,Far,No,Yes,70.7
STU04085,18,Male,2.6,90.9,50.0,53.8,,Medium,Medium,Yes,Yes,No,High,Near,No,No,59.3
STU04086,16,Female,15.9,83.4,60.5,72.2,6.3,Medium,Low,Yes,No,No,Medium,Near,Yes,Yes,61.2
STU04087,19,Female,11.9,81.9,52.9,57.5,9.1,High,High,Yes,Yes,Yes,Medium,Near,No,No,65.2
STU04088,15,Female,10.7,96.3,60.9,63.8,4.0,Medium,High,Yes,Yes,No,Medium,Near,No,No,59.6
STU04089,17,Female,12.8,77.2,61.6,73.5,7.6,High,Medium,No,No,Yes,High,Near,Yes,Yes,63.1
STU04090,20,Male,10.7,91.4,55.9,74.7,6.5,Medium,Medium,No,No,Yes,Medium,Moderate,No,No,55.6
STU04091,21,Male,10.4,92.9,53.1,80.8,,Medium,Low,Yes,No,Yes,Medium,Moderate,Yes,No,59.9
STU04092,20,Male,23.0,79.4,71.0,84.2,5.2,Medium,High,No,Yes,Yes,Medium,Near,No,No,76.8
STU04093,19,Male,11.8,85.1,69.6,53.4,7.6,Medium,Low,Yes,No,Yes,Medium,Near,No,No,63.2
STU04094,21,Female,5.3,100.0,65.5,63.3,7.9,High,Medium,Yes,No,Yes,Medium,Near,No,No,73.8
STU04095,21,Male,14.3,74.9,57.3,65.4,7.6,Medium,Medium,Yes,No,Yes,Medium,Moderate,No,No,62.1
STU04096,15,Female,6.5,90.5,67.6,72.6,5.7,High,Low,Yes,Yes,Yes,High,Moderate,No,No,73.5
STU04097,21,Male,6.3,85.6,58.7,47.6,6.1,Medium,Low,Yes,No,No,High,Near,No,Yes,58.2
STU04098,18,Female,26.6,97.7,59.8,95.1,8.1,Low,High,Yes,No,No,Low,Far,No,No,75.1
STU04099,16,Female,13.5,84.7,69.5,82.2,6.8,Medium,Medium,Yes,No,No,Low,Moderate,No,No,70.7
STU04100,16,Male,4.8,91.9,45.1,61.0,4.0,High,Medium,Yes,No,Yes,Low,Far,No,No,48.8
STU04101,16,Male,14.2,69.0,58.5,82.8,6.3,High,Medium,Yes,No,No,Medium,Near,No,No,66.5
STU04102,18,Male,15.5,63.6,26.4,81.8,,High,Medium,Yes,No,No,Medium,Moderate,No,No,52.0
STU04103,20,Female,13.3,74.5,64.0,66.3,6.8,Medium,Low,Yes,No,Yes,Low,Moderate,No,No,53.9
STU04104,15,Male,11.1,80.6,75.9,49.7,5.0,Medium,Low,Yes,No,No,Low,Far,No,No,55.1
STU04105,21,Female,3.9,81.5,70.2,46.6,6.5,Medium,Medium,Yes,No,Yes,Medium,Moderate,No,Yes,60.0
STU04106,18,Other,11.7,95.9,72.5,50.0,7.0,High,Low,Yes,No,No,Low,Far,No,No,69.4
STU04107,16,Female,8.6,81.1,68.2,68.5,5.9,Medium,Medium,Yes,No,Yes,Low,Moderate,No,No,59.4
STU04108,19,Male,14.0,85.2,59.1,60.0,9.0,High,Medium,No,Yes,No,Medium,Moderate,No,No,67.3
STU04109,17,Female,18.4,86.4,44.0,67.9,6.6,Low,Medium,Yes,No,No,Low,Far,No,No,53.0
STU04110,21,Male,29.0,78.7,59.2,89.8,6.7,Medium,Medium,Yes,No,No,Low,Moderate,No,No,74.1
STU04111,18,Male,21.2,84.8,59.9,79.8,6.8,High,Medium,Yes,No,No,High,Moderate,No,No,81.2
STU04112,18,Female,0.0,95.5,51.7,45.1,4.3,Medium,High,Yes,No,Yes,High,Near,No,Yes,47.7
STU04113,15,Female,16.8,88.0,63.0,75.1,7.6,Medium,High,Yes,No,Yes,Medium,Far,No,No,70.7
STU04114,15,Male,27.1,90.9,61.6,99.6,6.1,High,Low,Yes,Yes,No,Low,Moderate,No,No,81.9
STU04115,18,Male,13.9,88.3,50.7,77.2,4.0,Low,Medium,Yes,No,Yes,Medium,Moderate,No,No,47.3
STU04116,16,Male,27.4,100.0,60.5,81.8,4.8,Medium,Medium,Yes,No,Yes,Medium,Near,No,No,75.9
STU04117,17,Female,6.2,74.5,52.3,66.2,6.9,High,Medium,No,Yes,Yes,Low,Moderate,No,No,56.0
STU04118,21,Male,8.0,100.0,54.8,46.3,8.8,High,Low,Yes,No,Yes,Low,Moderate,No,No,57.9
STU04119,15,Other,13.6,95.0,50.5,64.1,8.1,High,Low,Yes,No,Yes,Low,Moderate,No,No,61.3
STU04120,21,Female,13.8,96.8,66.4,64.8,7.8,Low,Medium,Yes,Yes,Yes,Medium,Moderate,No,No,66.8
STU04121,16,Female,21.7,98.1,49.9,80.8,7.2,High,Low,Yes,No,No,High,Near,No,No,72.7
STU04122,21,Male,15.0,95.4,53.1,51.7,7.6,Medium,High,Yes,No,Yes,Medium,Near,No,Yes,64.2
STU04123,19,Female,14.1,72.1,68.3,73.6,7.1,High,High,Yes,No,No,Medium,Moderate,No,No,74.0
STU04124,15,Female,34.8,73.7,57.6,72.7,5.9,Medium,Low,Yes,No,Yes,Medium,Near,No,No,71.9
STU04125,16,Female,8.8,92.0,79.4,89.1,6.0,Medium,,Yes,No,Yes,Medium,Moderate,No,No,74.7
STU04126,16,Male,25.3,90.8,64.0,64.7,7.0,High,Medium,Yes,No,Yes,Medium,Moderate,No,No,77.4
STU04127,17,Male,18.3,93.9,73.0,69.0,5.9,High,,Yes,No,Yes,Low,Far,No,No,71.1
STU04128,17,Male,12.1,85.5,64.1,84.9,4.5,Medium,High,Yes,No,No,Medium,Near,No,No,62.6
STU04129,19,Female,17.1,71.8,63.2,79.6,7.9,Low,Low,No,No,No,High,Near,No,No,65.9
STU04130,16,Female,8.5,83.9,56.5,76.7,7.7,High,Medium,Yes,No,No,Medium,Moderate,No,No,59.9
STU04131,20,Female,15.7,92.4,55.4,70.9,4.4,Medium,High,No,Yes,Yes,High,Moderate,No,No,64.6
STU04132,16,Male,15.0,82.5,42.2,84.1,5.2,Low,High,Yes,Yes,No,Medium,Near,No,No,57.1
STU04133,17,Male,18.8,85.0,70.3,83.1,7.5,Medium,Medium,No,No,No,Medium,Far,No,No,68.5
STU04134,20,Male,14.1,85.3,52.5,75.9,5.3,Medium,Low,Yes,No,No,Low,Moderate,No,No,59.1
STU04135,15,Male,28.3,79.8,64.6,79.1,7.0,Low,Medium,Yes,No,Yes,Medium,Near,No,No,66.2
STU04136,15,Male,7.9,76.9,55.1,62.3,8.3,High,Medium,Yes,Yes,Yes,High,Near,No,No,65.7
STU04137,21,Female,9.5,100.0,54.6,58.5,6.3,Medium,Medium,Yes,No,No,Medium,Far,No,No,62.4
STU04138,18,Female,16.9,100.0,68.1,73.7,8.0,Medium,Medium,Yes,No,No,Low,Near,No,No,70.5
STU04139,17,Female,8.6,95.7,69.9,43.2,6.2,Medium,Low,Yes,No,No,Low,Near,No,No,58.6
STU04140,18,Male,20.4,89.2,66.8,82.4,6.5,Medium,Medium,Yes,No,Yes,Medium,Near,Yes,No,70.0
STU04141,20,Male,25.5,75.0,53.2,90.1,7.6,Medium,,Yes,No,Yes,Medium,Moderate,No,No,69.0
STU04142,17,Male,10.8,93.9,41.7,64.9,8.0,High,Medium,Yes,No,No,Medium,Far,Yes,No,59.5
STU04143,19,Female,15.7,96.2,68.1,71.0,5.1,Low,Medium,Yes,No,No,High,Near,No,Yes,69.7
STU04144,16,Male,20.2,81.6,58.5,77.2,5.0,High,,Yes,Yes,No,Medium,Near,No,No,72.6
STU04145,19,Female,22.1,74.3,62.0,76.8,4.7,Medium,Low,Yes,Yes,Yes,Medium,Near,No,No,67.1
STU04146,20,Male,40.0,89.3,72.4,100.0,9.5,Medium,Medium,Yes,No,No,Low,Moderate,No,No,86.8
STU04147,17,Female,4.1,95.7,48.4,54.0,6.3,Low,Medium,Yes,No,Yes,Low,Near,No,No,50.0
STU04148,20,Female,,78.6,64.3,93.3,6.0,Medium,High,Yes,No,No,Medium,Far,No,No,73.1
STU04149,16,Male,9.9,90.3,76.0,63.7,7.4,Low,Medium,Yes,No,No,High,Near,No,No,73.8
STU04150,15,Female,10.2,75.9,55.5,60.9,4.5,Medium,Low,No,No,No,Medium,Near,No,No,51.9
STU04151,15,Male,16.1,73.6,63.1,92.3,6.4,Medium,Low,Yes,Yes,No,Medium,Near,No,No,71.5
STU04152,20,Female,15.5,87.0,56.3,59.4,7.0,Medium,Low,No,No,No,Low,Far,Yes,No,46.0
STU04153,18,Male,25.0,76.9,56.8,73.0,5.5,High,,No,No,Yes,High,Moderate,No,No,66.6
STU04154,17,Male,3.2,89.3,63.9,56.0,5.3,Medium,Low,Yes,Yes,Yes,High,Far,No,No,63.0
STU04155,17,Female,0.0,68.8,61.3,36.8,6.4,Low,Low,Yes,No,No,Medium,Near,No,No,46.7
STU04156,15,Female,30.5,76.4,66.4,72.9,6.3,Low,Low,Yes,No,No,Low,Near,No,No,62.3
STU04157,21,Male,3.5,95.3,63.9,63.8,6.2,High,Medium,Yes,Yes,No,Medium,Moderate,No,No,70.9
STU04158,19,Female,23.0,91.9,62.7,89.4,4.8,Medium,High,Yes,Yes,Yes,High,Moderate,No,No,74.3
STU04159,21,Male,26.2,89.2,48.7,74.8,4.7,Medium,High,Yes,No,No,Medium,Moderate,No,Yes,69.5
STU04160,16,Male,24.1,80.5,72.2,67.1,8.9,Medium,Medium,No,No,Yes,Medium,Near,No,No,62.2
STU04161,19,Female,19.1,85.1,50.5,74.8,5.0,Medium,Medium,Yes,No,No,Low,Near,No,No,54.5
STU04162,19,Male,21.0,82.8,62.2,73.4,6.7,Medium,Medium,Yes,Yes,Yes,Low,Near,No,No,72.1
STU04163,20,Male,10.8,100.0,68.1,50.5,6.8,Medium,Medium,Yes,Yes,Yes,Low,Moderate,Yes,Yes,64.8
STU04164,15,Female,0.0,88.2,44.8,58.6,6.3,Medium,Medium,Yes,No,No,High,Moderate,No,No,54.3
STU04165,21,Male,12.2,77.3,69.9,61.7,6.8,Medium,Medium,Yes,No,Yes,Medium,Far,No,No,59.8
STU04166,21,Female,10.7,84.2,48.2,68.0,6.5,High,High,Yes,No,Yes,Medium,Near,No,Yes,60.3
STU04167,15,Male,7.4,68.2,67.1,56.5,6.4,High,High,No,No,No,Low,Far,No,No,60.4
STU04168,21,Male,15.4,66.0,76.8,67.9,8.6,Medium,High,Yes,No,No,High,Moderate,No,Yes,70.1
STU04169,15,Male,0.0,99.6,54.7,33.9,,Low,High,Yes,No,Yes,High,Near,No,No,42.5
STU04170,20,Female,25.0,87.7,56.0,99.5,6.0,Medium,Medium,Yes,No,No,Low,Far,No,No,71.3
STU04171,18,Female,14.4,80.5,52.9,69.9,8.4,High,Medium,Yes,No,No,High,Moderate,No,No,68.9
STU04172,19,Male,11.0,84.7,64.2,64.1,6.1,Medium,High,Yes,No,No,Low,Moderate,No,No,59.7
STU04173,20,Male,12.5,84.0,41.8,68.1,6.3,Medium,Medium,Yes,No,Yes,Low,Moderate,No,Yes,59.8
STU04174,17,Female,13.7,85.7,62.7,48.4,,Low,Medium,Yes,No,No,Low,Near,No,No,54.2
STU04175,16,Male,6.7,96.5,62.7,59.5,8.6,Low,Medium,Yes,No,No,High,Moderate,No,No,63.3
STU04176,18,Female,6.7,90.4,49.2,43.7,8.3,Medium,Medium,No,Yes,No,High,Far,No,Yes,60.7
STU04177,17,Male,4.5,80.9,64.7,50.9,5.2,Low,Medium,Yes,No,No,Medium,Near,No,Yes,45.2
STU04178,19,Female,3.6,67.5,76.0,49.9,9.1,Medium,Medium,Yes,No,Yes,Medium,Moderate,No,Yes,54.0
STU04179,21,Male,8.2,75.0,47.9,64.6,4.0,Medium,Medium,Yes,Yes,No,Medium,Moderate,No,No,55.8
STU04180,15,Female,13.8,92.6,62.2,64.8,4.5,High,Low,Yes,No,No,High,Near,No,Yes,70.6
STU04181,19,Female,23.8,100.0,67.5,66.7,4.6,Low,Low,Yes,No,No,Low,Near,No,No,67.0
STU04182,20,Male,2.4,76.2,64.4,67.6,5.3,Medium,Low,Yes,No,Yes,Medium,Near,No,Yes,53.0
STU04183,16,Male,22.3,74.7,59.5,65.1,6.4,Medium,High,Yes,Yes,No,Medium,Moderate,No,No,67.5
STU04184,20,Female,2.1,80.7,76.7,57.9,5.4,Medium,Medium,Yes,No,No,Low,Far,No,No,56.1
STU04185,18,Female,15.8,100.0,66.0,75.6,,Low,Medium,Yes,Yes,Yes,Medium,Moderate,No,No,67.3
STU04186,18,Male,2.9,86.5,59.1,55.6,7.7,Medium,Medium,Yes,No,Yes,Medium,Near,No,Yes,54.0
STU04187,16,Male,4.9,77.4,75.7,57.2,6.5,High,Medium,Yes,No,No,Low,Moderate,No,No,63.9
STU04188,17,Female,17.5,81.4,68.2,77.7,8.1,Medium,High,Yes,Yes,No,High,Far,No,No,84.7
STU04189,17,Male,17.4,79.7,58.2,68.2,8.3,High,Low,Yes,Yes,Yes,Low,Near,No,No,79.9
STU04190,18,Female,21.0,92.0,58.2,84.5,7.1,Medium,Medium,No,No,No,High,Far,No,Yes,76.4
STU04191,18,Male,7.5,100.0,85.7,55.8,7.9,High,Medium,Yes,No,No,Low,Moderate,Yes,No,65.8
STU04192,21,Female,23.0,86.3,39.4,85.3,6.6,Low,Low,Yes,No,Yes,Low,Near,No,No,51.7
STU04193,15,Female,27.5,95.9,36.6,87.8,5.0,High,Low,Yes,No,No,Low,Near,No,No,76.5
STU04194,21,Other,16.9,71.5,62.9,72.6,4.8,Medium,Medium,Yes,No,No,Medium,Moderate,No,No,55.8
STU04195,21,Male,0.7,100.0,50.3,34.1,4.0,High,Medium,Yes,Yes,Yes,Medium,Moderate,No,Yes,53.5
STU04196,17,Female,0.0,71.6,40.6,54.8,8.0,Medium,Medium,Yes,No,No,Low,Far,No,No,46.5
STU04197,16,Male,16.2,97.1,61.3,62.8,7.1,Medium,Medium,Yes,No,No,Low,Moderate,Yes,No,57.3
STU04198,17,Female,10.4,88.4,66.4,65.9,4.0,High,High,Yes,No,No,Medium,Near,No,No,66.6
STU04199,15,Female,7.0,72.4,53.2,66.0,7.9,Medium,Low,Yes,No,Yes,Medium,Near,No,Yes,53.3
STU04200,20,Male,,93.3,56.0,63.5,7.0,Medium,,Yes,Yes,No,Medium,Moderate,No,No,64.1
STU04201,18,Female,12.1,84.7,64.1,49.2,5.5,High,Medium,Yes,Yes,Yes,Low,Near,No,No,69.6
STU04202,18,Male,13.7,75.9,54.6,71.0,5.5,Low,High,Yes,Yes,No,Medium,Moderate,No,No,51.2
STU04203,15,Female,8.0,85.1,73.6,54.6,6.5,Medium,Medium,Yes,No,No,Medium,Near,No,Yes,60.9
STU04204,21,Female,30.8,68.5,65.8,100.0,8.7,High,Medium,Yes,No,No,High,Near,No,No,83.2
STU04205,16,Female,6.3,80.2,53.8,43.3,6.9,High,Medium,Yes,Yes,Yes,Medium,Near,No,No,65.2
STU04206,18,Male,12.8,75.4,68.5,69.4,5.8,Low,Low,Yes,Yes,No,Low,Near,No,No,58.6
STU04207,19,Male,0.0,83.2,68.1,48.5,10.0,High,Low,Yes,Yes,Yes,Low,Moderate,No,No,57.0
STU04208,21,Female,5.7,67.7,57.2,55.8,8.4,Low,Medium,Yes,No,Yes,Medium,Near,No,Yes,47.9
STU04209,18,Male,4.6,67.1,54.4,64.8,8.3,High,Medium,Yes,No,No,Medium,Far,No,No,53.1
STU04210,19,Male,10.7,76.5,61.5,65.6,8.5,Medium,Medium,Yes,No,No,High,Moderate,Yes,No,62.7
STU04211,15,Male,13.0,84.6,64.0,66.1,8.8,Medium,Low,No,No,Yes,Medium,Moderate,No,No,58.5
STU04212,15,Male,11.6,75.3,49.3,60.0,7.6,Low,Medium,Yes,Yes,No,Medium,Moderate,No,No,54.4
STU04213,21,Female,10.6,89.6,58.8,62.9,7.0,High,Low,Yes,No,No,Medium,Moderate,No,No,67.8
STU04214,18,Male,,92.0,55.7,52.4,7.2,Medium,Medium,Yes,No,No,Medium,Near,No,No,62.5
STU04215,17,Female,17.3,76.6,62.4,68.1,4.9,High,Medium,Yes,No,Yes,Low,Far,No,No,62.9
STU04216,19,Male,0.0,98.9,50.9,45.2,4.0,Medium,High,Yes,No,No,Low,Moderate,Yes,No,33.4
STU04217,16,Male,23.5,82.0,63.3,78.3,8.1,High,Medium,Yes,No,No,Medium,Near,No,Yes,77.9
STU04218,18,Male,17.1,100.0,55.1,71.3,9.7,Medium,High,Yes,No,No,Low,Moderate,No,Yes,61.8
STU04219,16,Male,0.0,82.4,45.2,49.3,6.4,High,Low,Yes,No,No,Low,Moderate,No,No,48.4
STU04220,18,Male,22.2,73.8,53.1,78.8,9.1,High,Low,Yes,No,No,Low,Near,No,No,66.8
STU04221,17,Female,23.2,97.3,78.9,74.2,9.3,Medium,Low,No,Yes,Yes,Low,Far,No,Yes,81.0
STU04222,17,Male,0.0,74.6,44.6,28.8,6.2,Medium,Medium,Yes,No,Yes,Low,Near,No,No,25.5
STU04223,21,Male,12.5,96.4,56.7,42.3,8.8,High,High,Yes,Yes,No,Medium,Moderate,No,No,63.4
STU04224,21,Male,17.1,86.2,51.8,68.2,7.9,High,High,No,No,No,Medium,Far,No,Yes,67.3
STU04225,17,Male,23.6,79.4,55.5,60.9,6.5,Medium,Medium,Yes,No,No,Medium,Near,No,No,65.8
STU04226,20,Female,18.9,77.3,75.8,100.0,7.8,Medium,Low,Yes,No,No,Medium,Near,No,Yes,76.1
STU04227,17,Female,10.5,84.1,56.5,61.2,7.4,Medium,Low,Yes,No,No,High,Near,No,No,61.7
STU04228,15,Male,6.3,91.8,65.8,77.8,4.1,High,Medium,Yes,Yes,No,Low,Near,No,No,62.3
STU04229,15,Male,3.2,84.6,54.1,39.8,10.0,Low,Medium,Yes,No,No,Medium,Near,No,No,43.3
STU04230,20,Other,7.6,99.8,56.0,67.2,5.4,Low,Medium,No,No,Yes,Low,Far,No,No,57.1
STU04231,19,Male,19.3,73.2,51.3,70.6,7.3,High,Medium,Yes,No,Yes,Medium,Far,No,No,66.7
STU04232,16,Female,22.4,84.0,66.8,61.1,9.8,Medium,High,Yes,No,Yes,High,Moderate,No,Yes,73.0
STU04233,18,Male,12.0,96.0,44.7,64.3,6.6,Medium,Low,Yes,No,No,Medium,Near,No,No,59.7
STU04234,18,Female,23.8,73.0,53.6,69.5,5.9,High,High,Yes,No,No,Medium,Far,No,No,65.6
STU04235,20,Female,,95.4,64.2,81.6,7.2,High,Medium,Yes,Yes,No,Medium,Moderate,No,No,79.1
STU04236,15,Female,35.2,85.2,66.6,87.2,6.5,High,Medium,Yes,Yes,No,Medium,Near,No,No,91.7
STU04237,21,Male,0.3,86.1,49.1,39.7,8.8,Medium,High,Yes,Yes,No,Low,Moderate,No,No,45.1
STU04238,18,Male,13.3,81.6,55.6,74.5,5.7,Low,Low,Yes,No,Yes,Medium,Near,No,No,59.9
STU04239,15,Male,16.7,72.9,61.6,88.2,6.1,Medium,Medium,Yes,No,Yes,Medium,Far,No,Yes,68.0
STU04240,19,Male,29.8,84.2,68.3,83.9,6.9,High,Medium,Yes,No,No,Medium,Moderate,No,No,83.1
STU04241,16,Male,3.4,79.4,81.7,53.9,5.1,Medium,High,Yes,No,Yes,Low,Moderate,No,No,56.2
STU04242,19,Male,7.3,100.0,65.9,55.1,6.2,Medium,Low,No,No,No,High,Moderate,Yes,No,56.5
STU04243,20,Female,15.4,90.1,46.4,58.8,6.2,High,High,Yes,No,No,Low,Moderate,No,No,61.1
STU04244,17,Female,5.2,85.3,56.9,56.1,5.1,Low,High,Yes,No,Yes,Low,Near,Yes,No,36.6
STU04245,17,Male,13.0,98.2,42.2,67.6,6.1,High,Low,Yes,No,Yes,Medium,Moderate,No,No,63.1
STU04246,17,Male,1.9,84.4,67.4,36.0,8.1,Medium,Medium,Yes,No,Yes,Low,Far,No,No,56.9
STU04247,19,Other,24.6,92.0,60.4,63.6,4.0,Medium,,Yes,No,Yes,Medium,Near,No,No,64.2
STU04248,18,Female,28.4,96.6,63.7,73.9,8.5,Medium,Medium,Yes,Yes,No,Medium,Far,Yes,Yes,76.3
STU04249,16,Female,28.7,82.3,63.1,74.2,6.2,Medium,High,Yes,No,No,Medium,Moderate,Yes,No,62.8
STU04250,17,Male,16.2,89.3,81.5,61.8,7.5,Medium,Low,Yes,No,No,Medium,Near,No,No,76.8
STU04251,20,Male,16.4,80.6,29.9,88.9,8.5,High,Medium,Yes,No,No,Medium,Moderate,No,No,57.0
STU04252,20,Male,14.9,96.5,31.3,71.7,5.6,Medium,High,Yes,No,Yes,High,Far,Yes,No,43.1
STU04253,17,Male,21.9,84.7,50.1,74.2,7.7,High,Medium,Yes,No,Yes,Medium,Moderate,No,No,69.1
STU04254,17,Female,25.1,98.7,58.8,81.0,5.0,High,Medium,Yes,No,Yes,Medium,Moderate,No,No,74.1
STU04255,16,Female,20.7,87.0,59.3,74.4,4.9,Medium,Medium,Yes,No,No,High,Moderate,No,No,72.0
STU04256,17,Male,16.9,100.0,59.5,67.0,6.6,Medium,Medium,Yes,Yes,No,Low,Moderate,No,No,72.2
STU04257,16,Other,20.6,77.9,52.2,73.9,6.8,High,Medium,Yes,Yes,No,Medium,Near,No,No,70.2
STU04258,20,Male,14.9,93.6,38.1,61.5,8.4,Low,High,Yes,No,No,Low,Near,No,No,44.3
STU04259,17,Other,4.3,84.6,45.5,50.5,4.8,Medium,Medium,No,No,Yes,Low,Near,No,Yes,36.0
STU04260,19,Other,10.3,82.7,61.0,60.6,7.9,Medium,Medium,Yes,No,Yes,Low,Near,No,No,58.5
STU04261,21,Male,16.7,66.0,51.5,71.0,6.4,High,Low,Yes,No,Yes,Medium,Near,No,Yes,61.0
STU04262,19,Male,8.0,85.7,51.7,58.2,6.8,Low,Medium,Yes,No,Yes,Medium,Moderate,No,No,53.5
STU04263,20,Female,7.5,75.3,61.6,49.4,4.0,Medium,Medium,Yes,Yes,No,Low,Moderate,No,No,54.8
STU04264,16,Female,19.9,81.9,43.2,83.9,6.7,Low,Medium,Yes,Yes,Yes,High,Near,No,No,63.0
STU04265,19,Female,20.4,75.7,56.6,71.1,8.1,Low,Medium,Yes,Yes,No,Medium,Near,No,No,63.9
STU04266,16,Other,17.4,77.0,67.3,61.9,6.5,Medium,High,Yes,No,No,High,Near,No,No,76.1
STU04267,19,Female,11.0,74.3,69.4,88.9,6.4,Medium,Low,Yes,No,No,High,Near,No,Yes,67.5
STU04268,19,Male,12.3,74.4,56.3,41.1,9.7,High,Medium,Yes,Yes,Yes,Medium,Near,No,Yes,57.7
STU04269,16,Male,20.6,69.1,45.9,75.4,6.9,Medium,Medium,Yes,No,Yes,High,Moderate,No,No,57.3
STU04270,18,Female,7.8,88.8,52.4,56.1,4.3,Medium,Medium,Yes,No,No,Medium,Near,No,No,50.5
STU04271,19,Male,3.4,85.2,55.2,68.5,4.6,High,Medium,Yes,No,Yes,High,Moderate,No,No,61.6
STU04272,17,Female,19.1,92.1,61.4,86.0,9.2,Medium,Medium,No,No,Yes,Low,Moderate,No,No,66.8
STU04273,21,Male,14.0,81.1,55.2,71.3,6.2,Medium,High,Yes,No,Yes,Medium,Near,No,No,58.3
STU04274,20,Male,25.5,78.4,65.0,81.8,8.2,Medium,Medium,Yes,No,Yes,Medium,Near,No,No,73.7
STU04275,18,Male,6.5,84.1,61.2,47.7,6.4,High,Low,Yes,No,Yes,Medium,Near,No,No,51.0
STU04276,16,Female,23.6,92.0,49.6,89.8,7.6,Low,High,Yes,Yes,Yes,High,Near,Yes,No,61.5
STU04277,18,Male,10.3,88.0,74.8,59.5,6.3,High,Low,Yes,No,Yes,High,Near,No,No,75.6
STU04278,15,Female,21.3,85.1,46.2,88.6,6.8,High,Medium,Yes,No,Yes,Low,Moderate,No,No,71.0
STU04279,15,Female,4.7,91.6,51.5,57.4,7.7,Medium,Medium,Yes,No,No,High,Near,No,Yes,64.9
STU04280,19,Female,2.2,85.1,51.8,47.4,5.1,Medium,Medium,Yes,Yes,No,Low,Far,No,No,47.3
STU04281,19,Female,17.8,79.1,76.3,77.9,7.4,High,High,No,No,No,Medium,Near,Yes,No,68.9
STU04282,17,Male,12.8,94.1,67.4,63.6,7.3,Medium,Medium,No,Yes,Yes,Medium,Moderate,No,No,67.2
STU04283,21,Female,16.3,72.5,64.4,65.9,4.7,Medium,Medium,Yes,No,No,Low,Moderate,No,No,60.5
STU04284,20,Male,7.2,70.8,48.4,57.4,10.0,High,Medium,Yes,No,Yes,Medium,Near,No,No,49.7
STU04285,18,Male,17.6,84.8,38.4,77.5,6.4,Medium,Low,Yes,No,No,Medium,Near,No,No,59.1
STU04286,15,Male,25.2,85.9,76.1,84.5,5.4,Medium,High,No,No,No,Low,Moderate,No,Yes,75.6
STU04287,19,Female,23.8,87.3,64.9,69.0,9.2,Low,Low,Yes,Yes,No,Medium,Far,No,No,72.4
STU04288,20,Female,9.6,81.7,59.6,74.4,5.1,Low,Low,No,No,No,Medium,Near,No,Yes,58.2
STU04289,18,Female,4.9,98.5,64.0,44.9,6.1,Medium,Low,No,No,Yes,Medium,Near,No,No,49.2
STU04290,19,Female,15.0,70.0,50.2,67.2,7.2,Low,Low,Yes,Yes,No,Low,Near,No,No,56.3
STU04291,19,Female,21.8,86.3,46.7,70.8,6.1,Medium,High,Yes,Yes,No,High,Near,No,No,65.3
STU04292,15,Male,1.5,92.6,62.4,58.2,7.8,Medium,High,Yes,Yes,Yes,High,Far,No,Yes,58.8
STU04293,15,Female,19.9,98.8,52.9,69.0,7.8,Low,Medium,No,Yes,Yes,Low,Moderate,Yes,No,48.4
STU04294,19,Male,31.1,98.3,48.6,98.5,5.8,Low,High,Yes,No,No,Low,Near,No,Yes,70.5
STU04295,16,Other,20.1,74.0,59.8,83.4,9.2,Low,Medium,Yes,Yes,No,High,Near,No,No,65.6
STU04296,19,Female,2.6,88.6,40.1,46.4,6.5,Medium,Medium,Yes,No,No,Medium,Near,No,No,42.5
STU04297,20,Female,5.9,82.9,53.2,66.3,7.3,Low,High,No,No,No,Low,Far,No,No,50.8
STU04298,19,Female,9.5,84.8,50.4,75.4,6.4,Medium,Low,Yes,No,Yes,Medium,Far,No,Yes,56.8
STU04299,17,Male,13.8,96.3,63.8,70.6,6.3,Medium,Low,Yes,No,No,Medium,Near,No,No,67.8
STU04300,21,Female,17.8,100.0,70.3,74.6,6.9,Low,Low,Yes,No,No,Medium,Moderate,Yes,No,56.4
STU04301,17,Male,20.8,87.6,69.8,76.3,,Low,Medium,Yes,No,No,Low,Far,Yes,No,58.8
STU04302,17,Female,12.6,65.1,42.5,70.3,7.6,High,High,Yes,No,No,Medium,Near,No,No,58.8
STU04303,16,Female,,68.3,51.9,67.9,5.4,Low,High,Yes,Yes,No,Low,Near,Yes,No,50.0
STU04304,16,Female,6.3,84.5,65.5,50.6,7.1,High,High,Yes,No,Yes,High,Near,Yes,No,58.9
STU04305,19,Female,9.4,95.0,72.6,69.7,6.2,Medium,Medium,Yes,No,No,Medium,Near,No,No,69.3
STU04306,17,Male,22.1,77.1,62.5,83.6,8.5,Medium,High,Yes,Yes,No,Medium,Near,No,No,70.2
STU04307,16,Male,18.6,83.1,63.5,70.4,6.8,Low,Low,No,Yes,Yes,Medium,Far,No,No,64.0
STU04308,15,Female,19.6,100.0,61.2,73.5,4.9,Medium,Medium,Yes,No,No,Medium,Moderate,No,No,74.9
STU04309,19,Male,6.7,81.0,71.0,59.7,7.6,Medium,Medium,Yes,No,Yes,High,Near,Yes,No,55.8
STU04310,20,Male,14.7,100.0,77.1,83.2,5.8,High,Low,Yes,No,Yes,Low,Near,No,No,76.5
STU04311,21,Female,15.7,80.7,55.5,57.4,7.6,High,High,Yes,No,Yes,High,Moderate,No,No,69.6
STU04312,18,Female,17.6,94.0,52.6,74.0,8.4,Medium,Medium,Yes,No,No,Low,Near,No,No,61.4
STU04313,19,Female,23.1,85.8,68.1,80.1,6.6,High,Medium,Yes,Yes,Yes,Medium,Near,No,No,83.1
STU04314,18,Male,15.4,92.8,44.9,77.8,6.8,Low,Low,Yes,Yes,Yes,Medium,Near,No,No,58.0
STU04315,17,Female,27.7,100.0,43.4,79.2,7.3,Medium,Medium,Yes,No,No,Medium,Moderate,No,No,69.5
STU04316,21,Male,0.0,89.2,53.6,47.5,6.0,High,Medium,Yes,No,No,High,Near,No,Yes,55.7
STU04317,18,Female,12.5,97.6,83.2,73.9,,Medium,Medium,Yes,Yes,Yes,Medium,Near,No,Yes,81.8
STU04318,17,Male,23.3,76.1,85.3,70.2,7.3,Medium,Low,Yes,No,No,Medium,Moderate,No,No,74.1
STU04319,15,Female,9.0,75.7,77.3,70.6,5.7,Medium,Medium,Yes,No,No,High,Near,No,No,65.0
STU04320,18,Female,21.7,68.7,69.2,69.9,8.8,Low,Medium,Yes,No,No,Low,Far,No,No,55.3
STU04321,21,Male,15.8,74.4,46.7,62.9,4.4,Low,Medium,Yes,No,No,High,Moderate,No,No,52.7
STU04322,19,Female,,100.0,68.6,89.9,8.2,Low,Medium,Yes,No,No,Medium,Near,No,No,83.1
STU04323,17,Female,13.8,88.3,79.0,64.9,9.1,Low,Low,Yes,No,No,Medium,Near,Yes,No,62.6
STU04324,19,Male,13.9,82.3,65.3,69.2,8.2,Low,High,No,No,Yes,Low,Moderate,Yes,No,53.6
STU04325,21,Female,29.4,87.0,76.2,92.1,5.4,Low,Medium,Yes,No,Yes,Medium,Near,No,No,76.8
STU04326,16,Male,12.1,91.8,42.7,76.7,8.3,Medium,Low,Yes,No,No,Low,Moderate,No,No,57.9
STU04327,17,Female,23.5,92.8,71.7,69.5,10.0,Low,Low,Yes,No,No,Low,Moderate,No,No,64.1
STU04328,18,Female,17.5,87.2,43.5,70.3,6.7,Medium,Low,Yes,Yes,Yes,Low,Moderate,No,Yes,62.0
STU04329,17,Male,23.7,98.8,54.2,79.2,7.0,Low,Low,No,Yes,No,Medium,Far,No,No,67.8
STU04330,19,Female,12.2,75.3,76.6,74.4,8.2,Medium,Medium,Yes,Yes,No,Medium,Near,Yes,No,62.7
STU04331,15,Male,14.1,81.5,63.2,66.4,5.7,High,Medium,Yes,No,No,High,Moderate,No,No,70.7
STU04332,17,Male,12.1,96.7,66.8,54.4,4.7,Low,Low,Yes,No,Yes,Low,Moderate,No,No,46.5
STU04333,18,Other,0.0,94.6,52.2,47.4,7.6,High,High,Yes,No,No,Medium,Far,No,Yes,53.5
STU04334,16,Female,12.9,88.7,45.5,57.3,7.1,High,High,No,Yes,No,Medium,Moderate,No,No,66.9
STU04335,20,Male,40.0,79.6,42.4,94.6,5.4,High,Medium,Yes,Yes,Yes,Medium,Moderate,No,No,79.9
STU04336,15,Male,9.1,92.9,71.2,55.4,7.6,High,Medium,No,No,Yes,High,Near,No,Yes,74.9
STU04337,16,Male,16.2,75.9,63.6,63.6,6.5,High,High,Yes,No,No,Medium,Moderate,No,No,68.5
STU04338,17,Other,24.5,96.8,77.0,86.2,7.6,Low,Medium,Yes,Yes,Yes,High,Near,No,Yes,76.3
STU04339,19,Male,19.2,100.0,61.0,60.4,7.3,High,,Yes,Yes,Yes,Medium,Moderate,No,Yes,82.4
STU04340,21,Male,14.4,79.2,46.7,73.7,7.2,Medium,Medium,Yes,No,Yes,Medium,Near,No,No,59.2
STU04341,19,Female,7.8,100.0,59.6,73.6,7.0,Medium,Low,Yes,No,No,Medium,Near,No,No,65.0
STU04342,18,Male,26.5,75.0,71.8,88.6,4.4,Low,Low,Yes,No,No,High,Far,Yes,No,59.5
STU04343,19,Male,23.9,83.1,44.5,76.4,4.7,Low,Medium,Yes,No,Yes,High,Near,No,No,60.7
STU04344,15,Male,26.3,82.9,63.0,88.9,9.7,Medium,High,Yes,No,Yes,Medium,Near,No,Yes,76.5
STU04345,19,Male,25.5,84.0,46.8,68.9,9.1,High,High,Yes,No,Yes,High,Near,No,No,75.3
STU04346,18,Male,3.6,99.2,61.0,51.7,,Medium,High,No,Yes,No,Low,Near,No,No,57.8
STU04347,20,Female,12.2,89.4,66.0,58.1,7.6,Low,Medium,Yes,No,Yes,High,Moderate,No,No,70.0
STU04348,17,Male,17.5,76.7,56.7,72.8,4.5,Low,Medium,Yes,No,No,Low,Near,No,No,51.0
STU04349,21,Female,7.4,86.1,70.8,54.3,4.8,Low,Low,Yes,No,No,Low,Near,No,No,46.4
STU04350,17,Female,10.0,91.6,57.3,51.8,4.0,Low,Medium,Yes,Yes,No,Low,Near,No,No,56.1
STU04351,19,Female,20.1,90.2,64.3,66.8,5.4,Medium,Medium,Yes,No,No,High,Near,No,No,71.4
STU04352,16,Female,19.8,97.2,60.9,63.2,6.0,Medium,Medium,Yes,Yes,No,High,Near,No,Yes,62.6
STU04353,17,Male,29.1,85.9,52.0,73.1,8.1,Medium,Medium,Yes,No,No,High,Moderate,No,No,78.7
STU04354,20,Male,9.2,93.0,64.7,61.5,6.7,Low,Medium,Yes,No,Yes,High,Near,No,No,59.2
STU04355,19,Male,7.6,83.6,33.8,66.9,7.4,High,Medium,Yes,No,No,Medium,Near,No,No,61.0
STU04356,21,Male,31.8,78.5,65.1,93.6,6.4,Medium,High,Yes,No,No,High,Far,No,No,80.6
STU04357,18,Female,13.0,73.6,30.1,54.3,6.8,Medium,High,Yes,No,No,High,Far,No,Yes,46.8
STU04358,20,Female,0.0,100.0,68.0,42.1,6.5,Medium,Medium,Yes,Yes,No,Medium,Near,No,No,60.8
STU04359,19,Female,18.2,69.9,83.3,61.9,7.4,Medium,Medium,Yes,Yes,Yes,Low,Near,No,No,75.3
STU04360,20,Male,6.4,87.5,57.3,43.1,4.0,Low,Low,Yes,No,Yes,Medium,Moderate,No,No,47.6
STU04361,17,Female,11.9,89.1,63.2,42.4,7.0,Medium,Low,Yes,No,No,High,Moderate,No,No,60.8
STU04362,21,Male,3.7,75.2,72.6,38.0,6.8,Medium,Low,Yes,Yes,No,High,Far,No,No,58.3
STU04363,18,Female,23.9,94.0,54.8,81.4,9.5,Medium,Low,Yes,No,Yes,High,Near,No,No,71.8
STU04364,19,Male,18.3,71.5,45.4,69.4,7.3,Medium,Medium,Yes,No,Yes,High,Moderate,No,No,58.3
STU04365,15,Female,4.7,79.2,53.2,57.2,9.4,Medium,High,Yes,No,Yes,High,Far,No,No,48.8
STU04366,18,Male,16.6,94.6,54.5,71.0,5.8,High,Medium,Yes,Yes,Yes,Medium,Moderate,No,Yes,72.0
STU04367,15,Female,20.4,72.0,60.3,94.8,5.9,Low,Medium,No,No,No,Medium,Near,No,No,57.9
STU04368,20,Female,13.3,93.2,65.8,69.0,9.5,High,Medium,Yes,No,Yes,Low,Near,Yes,Yes,63.5
STU04369,16,Female,28.2,96.2,60.4,89.3,6.6,Low,Medium,Yes,No,Yes,Medium,Near,No,No,68.1
STU04370,18,Male,23.3,95.7,52.7,92.7,5.8,Medium,Low,Yes,Yes,No,Medium,Near,No,No,79.7
STU04371,20,Female,11.1,88.7,45.1,66.5,7.0,Medium,Medium,Yes,No,No,High,Moderate,Yes,No,48.0
STU04372,15,Female,13.2,76.6,63.5,84.4,7.3,Medium,High,Yes,Yes,No,Medium,Near,No,No,72.7
STU04373,17,Male,5.1,75.1,53.4,58.4,8.9,Medium,Medium,Yes,No,No,Low,Near,No,No,51.3
STU04374,17,Male,1.4,80.0,63.7,51.2,5.8,High,Low,Yes,No,Yes,Low,Far,No,No,59.0
STU04375,16,Male,8.0,54.3,70.6,72.1,8.1,High,Medium,Yes,Yes,No,Medium,Moderate,No,No,70.3
STU04376,18,Male,9.4,85.2,86.0,60.4,9.6,High,Medium,Yes,No,No,Medium,Near,No,Yes,70.1
STU04377,18,Female,25.6,83.8,47.3,65.3,8.7,Medium,High,No,No,No,Medium,Near,Yes,No,56.6
STU04378,18,Other,4.0,85.8,67.2,61.4,9.7,Medium,Low,Yes,No,No,Low,Near,No,Yes,49.6
STU04379,20,Male,15.8,82.6,64.1,56.3,7.0,Medium,Medium,No,No,Yes,Medium,Near,No,No,65.6
STU04380,21,Female,16.7,86.8,67.3,60.0,7.9,Medium,High,Yes,No,Yes,Low,Far,No,Yes,68.0
STU04381,21,Other,9.3,85.8,43.4,68.8,5.8,Medium,High,Yes,Yes,No,Medium,Near,No,No,48.1
STU04382,16,Male,23.2,70.4,49.8,90.6,,High,Medium,Yes,Yes,No,Medium,Moderate,No,No,72.6
STU04383,18,Female,12.5,87.8,52.0,56.4,8.3,Medium,Medium,Yes,No,Yes,Medium,Near,No,No,57.0
STU04384,20,Female,10.3,84.8,34.4,66.1,7.3,Medium,High,Yes,No,No,Medium,Far,No,No,53.5
STU04385,17,Female,28.1,67.7,55.8,83.5,6.9,Medium,Medium,No,No,No,Low,Moderate,No,No,59.7
STU04386,15,Male,8.3,93.9,46.7,43.4,4.0,Low,High,Yes,Yes,Yes,High,Far,No,No,45.5
STU04387,20,Female,21.2,82.0,59.1,73.4,,Low,Medium,Yes,No,Yes,Medium,Near,No,No,59.9
STU04388,21,Male,10.5,91.4,40.7,73.0,5.4,Medium,High,Yes,No,No,Low,Far,No,Yes,56.6
STU04389,21,Female,5.3,84.6,55.4,53.4,6.2,Low,High,No,No,No,Low,Far,No,No,41.4
STU04390,17,Male,12.4,67.2,49.2,54.3,8.0,High,Medium,Yes,No,Yes,Medium,Moderate,No,Yes,55.4
STU04391,17,Female,,87.5,58.5,100.0,8.2,Low,Low,Yes,No,No,Low,Near,No,No,72.0
STU04392,15,Male,3.4,90.0,74.6,38.9,7.0,Medium,Low,Yes,No,Yes,Low,Near,No,No,53.8
STU04393,17,Male,9.4,96.7,51.4,49.1,7.5,Medium,High,No,Yes,Yes,Medium,Near,No,No,49.7
STU04394,16,Female,24.8,94.2,57.4,82.6,6.7,High,Medium,Yes,No,No,Medium,Near,No,No,76.2
STU04395,15,Male,7.5,97.0,44.0,63.2,8.6,High,High,Yes,No,No,Medium,Moderate,No,No,65.9
STU04396,17,Female,10.2,92.4,76.8,55.5,5.9,Medium,Low,Yes,Yes,No,Medium,Moderate,No,No,63.9
STU04397,19,Other,16.1,80.1,61.2,55.2,6.5,High,High,Yes,No,No,Low,Moderate,No,Yes,55.5
STU04398,20,Female,13.2,80.3,62.7,74.5,7.3,Low,High,Yes,No,No,High,Near,No,No,70.0
STU04399,17,Male,19.1,94.9,70.1,63.5,5.8,High,High,Yes,No,Yes,Low,Near,No,No,78.6
STU04400,16,Female,12.9,81.1,64.3,53.0,4.8,High,Low,Yes,Yes,Yes,Medium,Near,Yes,No,60.8
STU04401,18,Female,15.0,90.3,61.8,58.2,7.5,High,,No,No,No,Low,Moderate,Yes,No,61.3
STU04402,17,Female,14.0,100.0,36.7,66.3,10.0,Medium,Medium,No,Yes,No,High,Moderate,No,No,58.2
STU04403,21,Male,8.5,78.8,59.7,57.9,7.2,Low,Low,Yes,No,Yes,Medium,Near,No,No,45.2
STU04404,21,Female,0.2,92.3,54.0,43.7,8.1,Medium,High,Yes,No,No,Low,Moderate,No,No,51.3
STU04405,21,Female,30.4,77.0,32.5,84.7,6.5,Medium,Low,Yes,Yes,Yes,Medium,Moderate,No,No,69.3
STU04406,18,Male,8.4,90.9,45.0,67.5,7.6,Medium,Low,Yes,No,No,Low,Far,No,No,55.9
STU04407,21,Male,8.9,100.0,79.3,66.1,4.9,Medium,Medium,No,No,Yes,Medium,Near,No,No,58.8
STU04408,19,Male,16.6,98.4,75.2,84.4,5.4,Low,Medium,Yes,Yes,Yes,Medium,Moderate,No,No,61.1
STU04409,17,Female,6.7,81.1,57.0,54.8,7.9,High,High,Yes,No,No,Low,Near,No,No,54.4
STU04410,21,Female,22.3,100.0,62.9,84.4,6.6,High,Medium,Yes,No,No,Medium,Near,No,Yes,73.4
STU04411,15,Female,17.0,82.8,66.0,75.5,4.5,High,Low,No,No,Yes,Low,Moderate,No,No,59.9
STU04412,18,Male,12.8,100.0,73.6,60.3,6.4,Medium,High,Yes,No,No,Medium,Moderate,No,No,68.5
STU04413,19,Male,11.0,85.3,63.6,77.6,8.4,Medium,Medium,No,No,Yes,Medium,Near,No,No,72.3
STU04414,15,Other,5.4,91.6,61.9,78.9,6.1,Low,Low,No,Yes,No,Medium,Near,No,No,57.0
STU04415,15,Other,17.5,91.3,64.2,69.8,4.0,Medium,High,Yes,No,No,High,Moderate,No,Yes,63.6
STU04416,15,Female,,74.1,47.8,67.9,9.6,High,Medium,No,Yes,No,Low,Near,No,No,60.0
STU04417,15,Female,9.8,98.8,76.9,68.3,7.2,Medium,Low,Yes,No,Yes,High,Moderate,No,No,74.5
STU04418,17,Male,19.2,87.2,46.4,65.4,9.4,Medium,High,Yes,No,No,Medium,Far,No,No,63.7
STU04419,21,Female,27.6,79.4,71.0,90.4,7.5,High,High,Yes,No,No,Low,Moderate,No,No,74.5
STU04420,20,Male,15.1,77.5,56.9,85.1,6.0,Low,High,Yes,Yes,No,Medium,Moderate,No,No,57.8
STU04421,17,Male,13.0,79.0,55.6,72.8,7.5,Medium,Low,Yes,No,Yes,Medium,Moderate,No,No,65.8
STU04422,17,Female,7.3,84.2,49.1,53.5,7.5,Medium,Low,No,No,Yes,Medium,Far,No,No,56.4
STU04423,19,Male,13.7,74.3,61.6,70.8,9.8,Medium,Medium,Yes,No,No,Low,Moderate,No,No,60.5
STU04424,19,Male,11.6,76.8,46.8,66.3,8.9,High,Medium,Yes,Yes,Yes,Low,Near,No,Yes,60.6
STU04425,21,Male,6.6,67.7,53.9,45.0,8.0,High,Medium,Yes,No,Yes,Medium,Near,No,No,63.4
STU04426,20,Male,18.6,76.9,67.3,80.7,7.6,Medium,High,No,Yes,No,Medium,Far,No,Yes,76.3
STU04427,19,Female,17.2,98.6,66.7,65.8,7.1,Medium,Low,Yes,No,No,Medium,Near,No,No,73.1
STU04428,21,Male,15.6,97.0,56.3,84.1,6.1,Medium,Medium,No,Yes,No,Low,Moderate,No,Yes,71.8
STU04429,21,Male,12.1,87.7,65.4,78.4,8.6,High,High,No,Yes,Yes,High,Far,No,No,73.9
STU04430,16,Male,22.4,100.0,67.1,91.1,6.4,Low,Medium,No,No,Yes,High,Moderate,No,No,74.8
STU04431,20,Male,1.0,97.1,46.4,54.7,6.6,High,Medium,Yes,Yes,No,Low,Near,No,No,53.7
STU04432,19,Male,1.4,89.3,51.9,59.3,7.1,Low,Medium,Yes,No,No,Low,Near,No,No,51.4
STU04433,20,Female,16.8,90.4,78.9,79.7,6.1,High,Medium,Yes,Yes,No,High,Near,No,No,87.8
STU04434,17,Male,25.1,85.9,71.8,97.0,6.3,High,Medium,Yes,No,Yes,High,Near,No,No,87.1
STU04435,17,Female,16.0,72.4,70.2,66.2,7.0,High,Low,No,No,No,Medium,Far,No,No,73.9
STU04436,20,Other,16.0,82.3,69.4,63.2,6.9,High,Low,Yes,No,No,High,Moderate,No,No,74.5
STU04437,16,Female,6.6,59.1,43.0,41.7,9.2,Medium,High,Yes,No,Yes,Medium,Moderate,No,No,42.7
STU04438,16,Male,0.0,74.1,67.3,47.4,4.7,High,Low,Yes,No,No,Low,Moderate,No,No,51.6
STU04439,20,Male,7.2,98.9,45.0,59.1,7.8,Medium,Medium,Yes,No,No,Medium,Near,No,Yes,54.6
STU04440,19,Female,20.2,85.8,64.3,61.5,6.3,High,,Yes,No,Yes,Medium,Near,No,No,68.0
STU04441,18,Female,2.4,74.3,68.2,57.1,6.5,Medium,Low,Yes,No,Yes,High,Near,Yes,No,57.4
STU04442,16,Female,8.2,90.3,68.0,70.4,4.0,Medium,Medium,Yes,No,Yes,Low,Moderate,No,No,62.6
STU04443,15,Female,2.5,91.0,40.0,45.0,5.9,High,Medium,Yes,Yes,No,Medium,Moderate,No,No,57.3
STU04444,17,Female,7.8,100.0,62.5,63.6,7.8,Medium,Medium,No,Yes,No,Medium,Moderate,No,No,58.7
STU04445,20,Female,24.1,100.0,69.3,76.7,6.0,High,Medium,Yes,No,Yes,Medium,Moderate,No,No,79.6
STU04446,15,Female,10.2,92.8,45.8,63.9,6.3,Medium,Low,Yes,No,No,Medium,Far,No,No,51.8
STU04447,20,Male,22.3,69.9,53.7,83.2,6.5,Low,Low,Yes,No,No,High,Near,No,No,59.1
STU04448,21,Other,10.4,100.0,49.1,58.7,7.3,Medium,Medium,No,No,No,Medium,Moderate,No,No,56.1
STU04449,17,Female,26.5,98.5,54.1,77.5,9.5,High,Medium,No,Yes,No,Medium,Near,No,No,79.6
STU04450,17,Male,17.8,93.5,45.5,61.1,6.9,Medium,High,Yes,No,No,High,Moderate,No,No,62.6
STU04451,16,Female,11.3,84.8,64.3,56.1,10.0,High,Medium,Yes,No,Yes,Low,Near,No,No,55.2
STU04452,16,Female,13.7,69.5,65.7,71.1,10.0,Low,Low,Yes,No,Yes,High,Moderate,No,No,61.7
STU04453,15,Female,3.5,79.4,74.0,55.7,9.5,Medium,High,Yes,No,No,Medium,Near,No,No,58.6
STU04454,21,Female,10.9,84.5,51.6,51.2,8.5,Medium,Medium,Yes,Yes,Yes,Medium,Near,Yes,No,47.2
STU04455,20,Male,26.4,81.0,49.6,73.6,7.5,Low,Medium,Yes,No,No,Medium,Far,No,No,60.7
STU04456,21,Other,17.9,95.9,48.4,73.2,9.3,Low,Medium,Yes,No,Yes,High,Near,No,No,60.0
STU04457,17,Female,0.0,84.2,48.4,65.4,10.0,Low,High,Yes,Yes,No,Low,Near,No,No,48.1
STU04458,15,Female,13.6,77.2,61.2,60.1,7.2,Medium,Medium,Yes,No,No,Medium,Moderate,No,No,63.8
STU04459,18,Male,16.3,90.0,74.4,57.5,7.4,High,Medium,Yes,Yes,No,Medium,Moderate,No,No,83.4
STU04460,15,Male,21.0,76.7,59.8,67.8,8.2,High,High,Yes,Yes,No,Low,Moderate,No,No,69.2
STU04461,19,Female,12.0,68.7,52.0,63.5,6.8,Medium,Medium,Yes,Yes,No,Medium,Moderate,No,Yes,59.6
STU04462,15,Male,14.0,90.1,74.9,56.8,9.2,Medium,Low,No,No,No,High,Near,No,No,67.2
STU04463,21,Male,23.3,84.3,69.3,79.5,5.2,Low,High,Yes,No,No,High,Near,No,No,76.9
STU04464,19,Female,13.1,86.6,54.0,71.6,7.5,Low,Medium,Yes,No,Yes,Medium,Moderate,No,No,56.1
STU04465,19,Female,9.2,98.8,62.1,60.2,5.2,Medium,Medium,No,Yes,No,Medium,Near,No,No,62.5
STU04466,19,Male,21.7,87.5,60.9,74.5,6.9,Medium,Medium,Yes,No,Yes,Medium,Far,No,No,72.3
STU04467,18,Male,21.8,90.7,100.0,84.8,5.9,Medium,Low,Yes,Yes,No,Low,Near,No,No,86.4
STU04468,15,Male,0.0,85.2,74.4,58.1,6.9,High,High,Yes,No,No,High,Moderate,No,No,67.6
STU04469,21,Female,17.1,93.1,61.7,64.3,4.5,Medium,Medium,Yes,No,No,High,Far,Yes,Yes,64.0
STU04470,15,Male,6.9,63.7,66.3,56.5,7.9,Medium,Medium,Yes,No,Yes,High,Moderate,No,No,55.4
STU04471,18,Male,18.2,77.3,60.2,89.0,6.4,Medium,Medium,Yes,No,No,Medium,Moderate,No,No,63.0
STU04472,17,Female,22.6,81.1,62.0,79.9,8.6,Medium,Medium,Yes,Yes,Yes,Medium,Moderate,No,Yes,75.2
STU04473,16,Other,20.0,80.2,70.6,84.9,6.9,Medium,Medium,Yes,No,No,Low,Moderate,No,No,70.7
STU04474,21,Female,20.7,77.1,49.0,68.5,8.3,Low,Low,Yes,No,Yes,Medium,Moderate,No,Yes,55.5
STU04475,21,Male,9.7,84.2,53.9,52.0,6.3,Low,High,Yes,No,Yes,Medium,Near,No,No,52.9
STU04476,15,Male,11.3,83.6,87.7,58.6,8.2,Medium,Medium,Yes,Yes,Yes,High,Moderate,No,No,71.1
STU04477,16,Female,19.7,84.2,70.9,70.0,10.0,Medium,Medium,Yes,Yes,No,High,Near,No,Yes,77.7
STU04478,20,Male,15.6,87.0,53.7,71.7,5.9,Low,Medium,Yes,No,No,High,Near,No,No,60.6
STU04479,20,Female,2.7,90.0,64.5,59.2,8.2,High,Low,Yes,Yes,Yes,High,Moderate,No,No,65.2
STU04480,18,Male,22.1,77.2,48.7,72.2,5.1,Low,High,Yes,No,No,Low,Near,No,No,54.9
STU04481,20,Male,3.3,79.8,72.3,41.9,6.8,High,High,Yes,Yes,Yes,Medium,Moderate,No,No,68.0
STU04482,21,Female,17.6,94.2,54.9,71.9,4.2,Low,High,Yes,No,No,Low,Far,No,No,56.3
STU04483,20,Female,16.7,75.6,62.5,83.3,8.0,Medium,High,Yes,No,Yes,Low,Far,No,No,68.0
STU04484,17,Female,24.5,76.9,46.7,97.2,6.1,Medium,Medium,Yes,Yes,Yes,Medium,Moderate,No,Yes,67.9
STU04485,17,Male,13.1,77.3,74.3,45.8,8.1,Medium,Medium,Yes,No,Yes,Medium,Moderate,No,Yes,60.6
STU04486,17,Male,0.0,83.0,63.5,56.4,7.5,High,Medium,No,No,Yes,Medium,Near,No,No,62.0
STU04487,20,Female,16.1,95.0,59.1,83.8,,Medium,High,Yes,Yes,No,Low,Moderate,No,No,60.5
STU04488,18,Female,,90.2,62.2,66.0,8.2,Medium,High,No,No,No,Low,Near,No,No,62.0
STU04489,19,Male,23.6,76.3,69.0,79.7,8.6,High,Medium,Yes,No,No,Low,Near,No,No,75.3
STU04490,19,Male,10.8,100.0,81.4,70.4,6.4,Medium,Medium,Yes,Yes,Yes,Low,Moderate,No,No,68.7
STU04491,16,Male,20.6,78.0,61.1,82.9,8.7,Low,High,Yes,No,No,Low,Near,No,No,59.5
STU04492,19,Other,22.2,68.8,80.0,71.5,6.7,High,Medium,Yes,No,No,Medium,Near,No,Yes,77.7
STU04493,19,Female,9.1,100.0,58.8,74.7,4.0,Medium,High,Yes,Yes,Yes,High,Moderate,No,Yes,65.5
STU04494,17,Female,17.5,76.6,66.2,70.7,7.3,High,Medium,Yes,Yes,Yes,Medium,Near,No,No,77.8
STU04495,17,Male,3.2,83.9,63.3,47.6,6.0,Medium,Medium,Yes,No,No,Medium,Near,No,No,54.8
STU04496,20,Other,19.5,83.7,67.4,63.2,6.4,Medium,Medium,No,No,Yes,Low,Near,No,No,62.3
STU04497,16,Male,16.8,90.8,42.1,78.2,,High,Low,Yes,No,No,High,Moderate,No,No,61.0
STU04498,15,Female,,66.6,57.4,46.7,7.4,High,Low,Yes,No,No,Medium,Moderate,Yes,No,41.0
STU04499,21,Female,11.8,82.0,73.9,76.4,6.0,High,Low,Yes,Yes,No,High,Moderate,No,Yes,84.9
STU04500,16,Male,23.7,81.3,42.1,87.9,6.2,Medium,Low,Yes,No,No,High,Near,No,No,57.5
STU04501,16,Male,16.6,99.1,70.2,54.3,8.6,Low,Medium,Yes,Yes,No,High,Moderate,Yes,No,57.9
STU04502,18,Male,9.5,79.6,85.0,66.5,4.0,High,Medium,Yes,Yes,No,Low,Moderate,No,No,67.9
STU04503,20,Male,8.9,81.8,64.3,44.5,7.6,Low,,Yes,No,Yes,Medium,Near,No,No,54.1
STU04504,18,Female,23.0,92.6,85.7,67.9,7.6,High,Low,Yes,No,Yes,Low,Moderate,No,No,82.6
STU04505,16,Female,11.1,90.1,65.1,81.0,7.4,High,Medium,Yes,Yes,Yes,Low,Moderate,No,No,77.7
STU04506,16,Female,16.8,77.8,58.0,70.0,8.7,High,Medium,Yes,Yes,No,Low,Moderate,No,No,75.9
STU04507,16,Female,11.7,89.3,61.8,57.7,8.3,Medium,Low,Yes,Yes,Yes,High,Moderate,Yes,Yes,67.3
STU04508,19,Female,0.0,77.6,54.5,38.8,7.2,Low,Medium,Yes,Yes,No,High,Near,Yes,Yes,42.5
STU04509,21,Male,9.8,93.0,54.2,74.6,5.9,High,Low,Yes,No,No,Low,Moderate,No,No,66.5
STU04510,21,Male,24.1,83.4,59.6,90.7,6.3,High,Medium,Yes,Yes,No,Medium,Moderate,No,No,84.8
STU04511,18,Other,32.2,72.4,59.1,90.6,7.0,High,,Yes,No,No,High,Moderate,No,No,79.9
STU04512,16,Male,8.8,63.6,82.6,63.9,4.0,High,Low,Yes,No,No,Medium,Moderate,No,No,66.6
STU04513,21,Female,17.7,81.2,72.6,74.5,6.2,Medium,Low,Yes,No,Yes,Medium,Far,No,No,67.9
STU04514,17,Male,33.6,77.2,61.5,93.9,8.8,Low,Medium,Yes,No,Yes,Medium,Far,No,Yes,72.5
STU04515,21,Female,24.6,82.6,56.0,87.7,6.4,High,Medium,Yes,No,No,Medium,Moderate,Yes,No,66.8
STU04516,20,Female,5.3,84.5,62.4,50.4,8.2,Medium,Medium,Yes,No,No,Medium,Moderate,No,No,56.9
STU04517,20,Male,12.9,65.9,72.8,50.0,8.3,Medium,,Yes,No,Yes,Medium,Near,No,No,59.1
STU04518,21,Male,17.1,77.7,48.5,83.7,8.8,High,High,No,No,No,Medium,Moderate,No,No,70.6
STU04519,17,Female,25.2,83.7,81.3,69.0,6.5,High,Medium,No,Yes,No,Low,Moderate,No,Yes,73.5
STU04520,20,Male,5.4,86.0,54.8,63.3,,Low,Medium,Yes,Yes,No,Medium,Near,No,No,53.5
STU04521,19,Male,21.2,93.0,56.2,79.6,7.5,Medium,Medium,Yes,Yes,No,Low,Near,No,No,79.6
STU04522,21,Female,20.6,94.7,59.0,72.2,5.8,High,Low,Yes,Yes,Yes,Medium,Near,No,No,82.7
STU04523,19,Male,12.6,82.6,57.5,58.6,5.9,High,Medium,Yes,No,Yes,Low,Near,No,No,61.0
STU04524,21,Female,32.2,83.5,54.7,91.2,8.5,Medium,Medium,No,No,No,High,Near,No,Yes,69.2
STU04525,15,Female,,80.2,72.8,72.4,6.0,High,Medium,Yes,Yes,No,Medium,Near,No,No,74.2
STU04526,15,Male,,91.6,58.7,58.4,7.8,Medium,High,Yes,No,No,Medium,Moderate,No,No,63.6
STU04527,15,Female,16.6,81.2,52.8,69.7,7.6,Medium,Medium,Yes,No,Yes,High,Near,No,No,67.2
STU04528,20,Female,18.0,75.3,43.4,89.9,7.0,High,,Yes,Yes,No,High,Near,No,Yes,75.1
STU04529,19,Male,24.2,68.4,53.2,87.1,7.4,Medium,Medium,Yes,Yes,No,High,Far,No,No,74.9
STU04530,19,Male,4.3,75.5,42.4,43.3,8.0,Medium,High,Yes,Yes,No,Medium,Near,Yes,No,41.7
STU04531,19,Male,16.3,82.3,59.1,61.4,9.2,Medium,Medium,Yes,No,Yes,Low,Far,No,No,57.6
STU04532,17,Male,30.8,94.8,45.3,96.7,5.6,Medium,,No,No,No,High,Moderate,No,Yes,75.2
STU04533,19,Male,21.4,85.5,71.6,62.9,,Medium,Medium,Yes,No,No,High,Near,No,No,67.4
STU04534,17,Male,9.7,86.1,46.9,58.7,6.9,Medium,Medium,No,No,No,High,Near,No,No,57.6
STU04535,15,Male,8.6,85.0,68.1,53.7,7.5,High,Medium,No,No,Yes,Medium,Near,No,No,64.3
STU04536,15,Female,19.1,97.8,65.4,72.0,7.4,Medium,High,No,Yes,No,Medium,Near,No,No,70.3
STU04537,20,Female,11.1,90.1,40.5,72.3,9.6,High,High,Yes,Yes,Yes,Low,Near,No,Yes,66.1
STU04538,21,Female,13.9,84.9,67.8,65.4,5.6,Medium,Medium,No,No,No,Medium,Near,No,No,54.4
STU04539,15,Female,9.1,79.0,45.6,56.3,4.5,Low,High,Yes,No,Yes,Low,Near,No,No,40.1
STU04540,21,Female,31.6,72.4,47.4,89.8,7.8,High,High,Yes,No,No,Low,Moderate,Yes,No,70.9
STU04541,21,Female,,100.0,66.6,71.5,7.3,Medium,High,Yes,Yes,No,Medium,Near,No,No,75.9
STU04542,20,Female,15.4,93.0,58.9,59.9,6.8,Medium,Low,Yes,No,No,Medium,Moderate,No,No,65.0
STU04543,16,Male,1.9,83.1,63.1,48.3,8.2,High,Low,No,No,No,Low,Near,No,No,56.9
STU04544,16,Female,8.4,100.0,40.1,43.6,4.5,High,Medium,Yes,Yes,No,High,Moderate,No,No,64.5
STU04545,18,Male,14.5,84.9,65.6,61.9,4.4,Medium,Medium,Yes,No,Yes,High,Near,No,No,52.7
STU04546,20,Male,14.5,76.8,56.8,81.2,4.0,Medium,Medium,No,No,No,Medium,Moderate,No,No,59.8
STU04547,18,Female,28.3,97.2,50.1,90.2,5.9,High,Medium,Yes,No,No,Medium,Near,No,No,78.3
STU04548,18,Male,16.0,72.2,46.9,66.0,8.8,Low,Medium,Yes,No,No,High,Moderate,No,No,56.1
STU04549,16,Male,23.3,81.0,72.1,86.8,4.8,Low,Medium,Yes,Yes,Yes,Low,Near,No,No,73.1
STU04550,20,Female,16.4,73.0,64.1,83.7,7.1,Medium,Medium,Yes,No,No,Medium,Moderate,No,No,59.3
STU04551,16,Female,21.9,77.0,49.1,76.3,7.5,Medium,Low,Yes,No,Yes,Low,Near,No,No,66.3
STU04552,18,Female,1.7,87.0,46.4,44.1,9.3,High,,Yes,No,No,Medium,Moderate,No,No,51.4
STU04553,20,Female,4.9,88.4,65.9,52.4,5.7,Medium,Medium,Yes,Yes,Yes,Medium,Near,No,No,61.0
STU04554,18,Male,22.4,74.0,70.0,82.0,5.6,Medium,Low,No,No,No,Medium,Moderate,No,No,65.4
STU04555,19,Male,27.0,100.0,64.1,92.5,8.6,Low,,Yes,No,No,Low,Near,No,No,67.2
STU04556,21,Female,1.3,64.1,58.3,52.2,5.4,Low,Medium,Yes,Yes,No,Low,Near,No,No,44.2
STU04557,20,Male,15.1,86.3,47.2,65.9,8.8,Medium,Medium,Yes,No,Yes,Medium,Moderate,No,No,58.6
STU04558,20,Female,3.0,86.6,72.4,63.3,7.5,High,Medium,Yes,Yes,Yes,Medium,Far,Yes,No,66.3
STU04559,21,Male,9.7,87.6,51.8,51.9,4.4,High,Medium,Yes,Yes,Yes,Medium,Moderate,No,Yes,66.1
STU04560,18,Male,0.0,93.8,54.0,50.2,8.0,High,Medium,Yes,No,Yes,Medium,Moderate,No,No,58.7
STU04561,19,Female,14.1,54.5,74.4,78.1,7.7,Medium,Medium,No,No,No,Medium,Moderate,No,No,61.8
STU04562,17,Female,13.5,77.3,53.5,67.3,6.6,Medium,Low,No,No,Yes,Low,Moderate,No,Yes,56.3
STU04563,21,Female,13.4,86.5,45.5,64.5,6.1,Low,High,Yes,No,No,Low,Near,Yes,No,41.1
STU04564,16,Female,12.7,100.0,62.0,52.4,9.4,High,Medium,Yes,Yes,No,Medium,Near,No,No,61.9
STU04565,18,Male,20.1,79.2,42.8,69.7,4.0,Medium,High,Yes,Yes,No,Medium,Far,No,No,62.2
STU04566,21,Male,28.7,83.1,65.0,85.9,4.7,High,Medium,Yes,Yes,No,Low,Moderate,No,Yes,73.3
STU04567,21,Male,5.3,92.3,54.3,65.8,6.2,High,Medium,Yes,No,Yes,Low,Moderate,No,No,66.2
STU04568,20,Male,8.3,72.9,52.0,46.6,7.7,High,High,Yes,Yes,Yes,Medium,Moderate,No,No,57.9
STU04569,16,Male,16.0,85.2,60.2,62.6,7.0,Medium,Medium,Yes,No,No,Low,Near,No,Yes,56.6
STU04570,16,Female,12.9,83.9,73.8,62.1,5.9,Medium,Medium,No,Yes,No,Medium,Near,No,No,66.4
STU04571,16,Male,12.5,78.9,77.1,68.0,7.8,High,Low,Yes,Yes,No,Medium,Moderate,No,No,78.5
STU04572,21,Female,4.5,90.0,53.5,47.4,4.4,Medium,Low,Yes,No,No,Low,Near,No,Yes,53.6
STU04573,17,Female,11.4,100.0,47.5,58.4,7.5,High,Medium,No,No,Yes,Low,Near,No,Yes,62.5
STU04574,15,Male,11.4,86.7,48.0,78.7,6.5,High,Medium,Yes,No,No,High,Moderate,Yes,No,63.7
STU04575,18,Male,16.8,62.7,65.5,71.8,8.0,Low,Medium,No,No,Yes,Medium,Far,No,No,53.5
STU04576,15,Male,7.7,76.3,57.2,55.6,7.7,Medium,High,Yes,No,Yes,Medium,Near,No,No,61.7
STU04577,21,Female,22.1,99.8,73.8,82.1,8.1,High,,Yes,Yes,No,Medium,Moderate,No,No,96.2
STU04578,15,Male,4.9,82.6,60.0,41.3,6.1,High,Low,Yes,No,No,Medium,Near,Yes,No,48.7
STU04579,21,Male,27.4,73.3,54.6,78.9,5.9,Medium,Medium,Yes,No,Yes,High,Near,No,No,66.8
STU04580,15,Female,8.5,92.5,58.0,53.0,7.3,High,Medium,Yes,Yes,No,Medium,Far,No,No,73.7
STU04581,16,Male,26.5,78.6,66.0,75.3,4.8,Medium,Low,Yes,No,No,Low,Moderate,No,No,68.2
STU04582,19,Female,9.0,85.4,63.2,52.6,10.0,Medium,Medium,Yes,No,No,Medium,Near,No,No,59.8
STU04583,16,Female,21.6,73.7,65.7,74.3,9.4,Medium,High,Yes,No,Yes,Medium,Moderate,No,No,74.0
STU04584,16,Female,12.1,80.8,54.8,62.5,4.7,Medium,Low,Yes,No,No,Medium,Near,No,No,63.0
STU04585,20,Male,15.6,84.7,68.6,63.8,7.3,High,Medium,Yes,Yes,No,Medium,Moderate,No,Yes,79.8
STU04586,20,Female,19.8,84.0,63.0,56.7,8.8,High,Medium,Yes,No,No,High,Near,No,No,76.2
STU04587,15,Female,12.3,88.7,43.8,57.0,6.4,Medium,Medium,Yes,No,No,Medium,Moderate,No,No,55.8
STU04588,21,Male,0.0,87.0,53.7,44.0,5.9,High,High,Yes,Yes,Yes,Low,Moderate,No,No,62.6
STU04589,16,Male,9.9,74.8,83.1,48.1,8.8,Low,Medium,Yes,No,No,Low,Near,No,No,59.6
STU04590,15,Male,11.0,100.0,75.8,76.9,9.0,Medium,Medium,Yes,No,Yes,Medium,Far,No,No,72.7
STU04591,20,Female,28.8,83.4,48.3,69.0,4.6,High,Low,Yes,No,No,Low,Far,No,No,70.6
STU04592,19,Female,14.6,71.5,79.1,83.5,7.2,Medium,Medium,Yes,Yes,No,Medium,Near,No,No,69.7
STU04593,18,Female,16.4,62.8,48.9,51.7,6.8,Medium,Medium,Yes,Yes,No,Medium,Far,No,Yes,52.9
STU04594,15,Female,14.1,85.8,63.1,54.4,4.4,High,Medium,Yes,No,No,Medium,Moderate,No,No,62.5
STU04595,19,Male,16.7,75.7,61.1,66.7,4.6,Medium,Medium,Yes,No,Yes,High,Moderate,No,No,56.5
STU04596,18,Male,5.1,90.7,64.2,66.5,5.6,Medium,Medium,No,Yes,No,Medium,Far,No,No,56.2
STU04597,17,Female,9.5,85.5,74.1,53.7,7.0,Low,Medium,No,No,Yes,Low,Moderate,Yes,No,47.9
STU04598,15,Female,20.3,100.0,65.6,98.0,8.9,High,Medium,No,Yes,Yes,Low,Moderate,No,No,76.7
STU04599,15,Male,13.2,72.4,70.3,53.0,4.0,High,Medium,Yes,No,Yes,Medium,Far,No,No,61.7
STU04600,17,Female,14.2,95.6,77.7,70.9,7.2,Medium,Medium,Yes,No,Yes,Low,Moderate,No,No,71.4
STU04601,17,Female,14.8,74.1,58.1,70.1,5.6,High,High,No,No,No,Medium,Moderate,No,No,66.3
STU04602,15,Female,20.5,93.3,67.1,65.0,7.8,High,Medium,Yes,No,Yes,Low,Near,Yes,No,63.5
STU04603,17,Female,9.9,99.2,65.8,48.6,8.5,Low,Low,Yes,No,Yes,Medium,Moderate,No,No,57.4
STU04604,16,Female,15.8,81.6,57.5,69.6,8.6,Low,Medium,Yes,No,Yes,High,Moderate,No,No,60.2
STU04605,18,Male,0.0,77.7,62.4,51.3,6.9,Low,Medium,Yes,Yes,No,Low,Moderate,No,No,52.6
STU04606,18,Female,2.1,83.4,51.0,38.5,6.5,Low,High,Yes,No,No,Medium,Moderate,No,No,37.7
STU04607,18,Male,13.0,77.6,68.9,71.3,9.0,Medium,High,Yes,Yes,No,Medium,Near,No,No,69.1
STU04608,16,Female,6.2,100.0,53.3,62.8,6.5,Medium,Medium,No,No,No,Medium,Near,No,No,60.9
STU04609,21,Male,22.9,83.0,58.8,85.3,7.1,High,Medium,Yes,No,No,Medium,Moderate,No,No,78.0
STU04610,17,Female,6.5,89.4,63.2,47.9,6.3,Medium,Low,Yes,Yes,Yes,Medium,Moderate,Yes,Yes,60.4
STU04611,19,Female,14.0,89.7,56.8,90.2,7.5,High,Low,Yes,No,No,Medium,Moderate,No,No,67.4
STU04612,17,Male,21.4,93.9,73.9,71.7,4.9,Medium,Low,Yes,Yes,Yes,Medium,Moderate,No,No,80.2
STU04613,15,Male,18.9,80.5,75.5,70.9,6.6,Low,High,Yes,No,No,Medium,Far,No,No,67.7
STU04614,20,Other,10.6,92.7,54.6,52.3,7.1,High,Medium,Yes,No,No,Low,Near,No,No,57.1
STU04615,18,Other,11.9,98.0,68.9,64.3,8.6,Medium,Medium,No,No,No,Medium,Far,No,No,62.8
STU04616,17,Male,18.8,83.4,63.2,61.9,6.7,High,Medium,Yes,No,No,High,Near,No,No,75.4
STU04617,19,Other,21.5,71.7,56.9,77.1,4.0,High,High,Yes,No,No,High,Moderate,Yes,Yes,67.2
STU04618,15,Female,27.0,98.7,59.7,61.9,6.1,High,Low,Yes,No,Yes,High,Moderate,No,No,77.8
STU04619,16,Female,21.4,86.7,69.5,81.9,9.2,Low,Medium,No,No,No,Medium,Near,No,No,70.4
STU04620,21,Male,20.5,85.0,64.6,58.3,7.2,High,Medium,Yes,No,No,Medium,Near,No,No,67.8
STU04621,16,Female,17.7,91.8,52.9,75.6,5.9,Low,Medium,Yes,Yes,No,Medium,Near,No,Yes,61.2
STU04622,19,Female,16.0,99.3,67.5,62.7,5.5,High,Medium,Yes,No,Yes,Medium,Moderate,No,Yes,70.4
STU04623,15,Female,12.0,82.8,73.6,71.8,7.6,Medium,Medium,Yes,Yes,No,Medium,Near,No,No,76.0
STU04624,18,Female,19.0,97.6,42.7,73.5,6.0,Medium,High,Yes,No,Yes,Medium,Far,No,No,61.5
STU04625,17,Female,13.1,85.7,44.3,67.0,7.0,High,Medium,Yes,No,Yes,Medium,Near,No,No,59.5
STU04626,15,Female,20.6,91.2,47.2,88.3,5.9,Medium,Medium,Yes,Yes,No,Medium,Far,Yes,No,62.8
STU04627,21,Male,20.8,78.9,64.6,68.2,5.7,High,Medium,Yes,Yes,Yes,Medium,Near,No,No,76.1
STU04628,16,Male,18.8,82.5,71.8,60.9,6.4,Medium,High,Yes,Yes,Yes,Low,Near,No,No,70.8
STU04629,21,Male,10.0,95.8,65.1,69.4,6.8,Medium,High,Yes,No,No,Low,Near,No,No,61.4
STU04630,21,Male,14.3,65.4,49.4,64.9,6.9,Medium,Low,Yes,No,Yes,High,Far,No,No,49.6
STU04631,19,Female,23.7,92.0,72.3,87.1,6.6,Medium,Medium,Yes,Yes,No,Medium,Moderate,No,Yes,78.9
STU04632,19,Female,1.3,88.8,90.1,42.1,8.6,Medium,Medium,Yes,No,Yes,Medium,Near,Yes,Yes,63.7
STU04633,17,Female,16.5,100.0,55.3,57.8,6.4,Low,Medium,Yes,No,Yes,Medium,Near,No,No,62.6
STU04634,19,Male,21.1,95.1,78.2,78.5,9.2,Medium,High,No,No,No,Medium,Near,No,No,75.0
STU04635,19,Female,18.5,86.8,63.5,63.0,6.8,Medium,Low,Yes,No,No,Low,Moderate,No,No,62.1
STU04636,15,Male,31.6,72.3,66.0,78.0,6.0,Medium,Medium,Yes,Yes,No,Medium,Near,No,No,78.4
STU04637,18,Male,2.1,79.2,60.6,57.7,7.4,Medium,High,Yes,No,No,Medium,Moderate,No,No,59.8
STU04638,17,Male,5.5,82.7,78.4,50.8,8.1,High,Medium,Yes,No,No,Medium,Moderate,Yes,No,64.2
STU04639,15,Female,16.5,99.9,49.3,73.3,5.8,High,Low,Yes,No,No,Medium,Far,No,Yes,73.5
STU04640,18,Male,22.5,93.0,32.8,57.6,4.8,High,High,Yes,No,No,Low,Moderate,No,No,53.9
STU04641,21,Female,15.5,77.0,67.5,54.8,8.5,Medium,Medium,Yes,Yes,No,Medium,Near,No,No,62.7
STU04642,15,Male,25.5,89.0,68.1,82.2,9.0,Low,Medium,Yes,No,Yes,Low,Far,No,Yes,72.9
STU04643,20,Female,10.4,80.4,67.7,57.9,7.8,Medium,Medium,No,Yes,No,Medium,Near,No,Yes,66.5
STU04644,15,Female,12.8,78.5,45.3,61.0,5.9,High,Medium,Yes,No,Yes,Medium,Moderate,No,No,63.3
STU04645,19,Female,21.1,91.3,90.5,62.3,6.8,Medium,Medium,Yes,No,Yes,High,Far,No,No,83.8
STU04646,18,Female,12.2,83.6,64.5,65.7,5.2,Medium,Medium,Yes,Yes,Yes,Medium,Near,No,No,57.6
STU04647,17,Female,22.5,73.4,46.1,94.2,8.5,High,Medium,No,No,No,Medium,Near,No,No,64.1
STU04648,17,Female,20.6,93.3,59.1,76.1,7.3,High,Low,Yes,No,No,Medium,Near,No,Yes,75.3
STU04649,18,Female,11.7,86.5,67.7,62.5,7.7,High,,No,No,Yes,Medium,Near,No,No,64.2
STU04650,19,Male,17.4,81.3,77.9,75.8,7.2,Medium,Low,Yes,Yes,No,Low,Near,No,No,77.5
STU04651,16,Male,11.2,99.9,62.8,46.7,7.0,Medium,Low,Yes,No,No,Medium,Near,Yes,No,54.1
STU04652,15,Male,7.9,95.6,67.5,66.9,,Medium,Low,Yes,No,Yes,High,Near,No,No,63.7
STU04653,19,Female,11.9,86.2,63.9,84.5,7.0,Medium,Low,Yes,Yes,No,Low,Far,No,No,73.7
STU04654,20,Female,13.6,67.9,61.1,57.3,8.8,Medium,Medium,Yes,Yes,No,Medium,Moderate,No,No,63.5
STU04655,21,Female,15.9,96.1,66.1,74.6,4.9,Medium,Medium,No,No,No,High,Moderate,No,No,65.0
STU04656,18,Female,14.1,80.2,66.4,62.8,5.7,Medium,High,Yes,Yes,No,Medium,Moderate,No,No,64.6
STU04657,15,Male,1.0,83.4,57.9,60.0,6.5,High,Medium,Yes,No,Yes,Medium,Far,No,No,56.6
STU04658,17,Female,22.9,82.0,63.3,81.3,6.7,Medium,Low,Yes,No,No,Medium,Far,No,Yes,74.5
STU04659,21,Other,1.4,72.0,47.9,41.4,8.5,High,Medium,No,Yes,Yes,Medium,Far,No,Yes,53.0
STU04660,16,Male,16.5,89.5,53.6,83.0,5.0,High,Medium,Yes,No,No,Medium,Far,No,No,65.7
STU04661,20,Female,,76.6,51.7,64.4,,High,Medium,Yes,No,Yes,Medium,Near,No,No,59.6
STU04662,17,Male,16.2,89.0,55.5,62.4,6.8,Low,Medium,Yes,Yes,No,High,Moderate,No,No,69.6
STU04663,18,Female,13.2,75.6,56.2,55.7,8.3,Low,High,Yes,No,Yes,Low,Moderate,No,No,51.8
STU04664,15,Male,17.8,80.5,49.8,59.8,7.6,Medium,Low,No,No,No,Medium,Moderate,No,No,58.7
STU04665,18,Female,19.2,88.7,52.5,73.2,6.8,Medium,Medium,Yes,No,No,Low,Moderate,No,No,69.3
STU04666,21,Female,23.3,86.2,44.1,79.6,5.5,Medium,High,Yes,No,No,Low,Near,No,No,62.0
STU04667,15,Male,21.2,91.2,67.2,57.1,7.5,Low,High,No,No,No,Medium,Near,No,No,60.9
STU04668,19,Male,15.3,92.0,50.4,67.9,6.4,High,Low,Yes,No,Yes,Medium,Far,No,No,64.7
STU04669,16,Female,22.5,98.3,44.4,69.9,6.8,Medium,High,Yes,Yes,No,Low,Moderate,No,No,64.9
STU04670,19,Other,10.9,85.0,85.4,55.7,8.2,High,Low,Yes,Yes,No,Low,Near,No,No,80.6
STU04671,19,Female,28.4,97.1,35.4,81.2,9.2,High,High,Yes,No,Yes,Medium,Near,No,No,72.6
STU04672,18,Female,10.2,81.8,66.2,72.6,4.6,High,Low,Yes,No,Yes,High,Moderate,No,No,71.0
STU04673,21,Male,11.2,92.8,59.5,85.1,8.2,Medium,,Yes,Yes,No,Medium,Moderate,No,No,71.9
STU04674,16,Female,0.5,96.2,58.5,41.5,8.9,Low,Low,Yes,No,No,Low,Moderate,No,No,47.9
STU04675,15,Female,9.7,96.2,57.1,61.2,6.8,Medium,Medium,Yes,No,No,High,Near,No,No,59.2
STU04676,15,Female,12.9,70.4,68.8,58.6,5.3,Low,Medium,Yes,No,No,Medium,Near,No,No,54.4
STU04677,20,Male,12.8,53.6,76.3,70.9,7.5,Low,Medium,Yes,Yes,Yes,High,Near,No,Yes,65.9
STU04678,17,Female,28.5,90.6,45.8,78.9,,High,Medium,Yes,Yes,No,Medium,Moderate,No,No,71.9
STU04679,20,Female,19.7,85.0,56.3,79.9,10.0,High,Medium,Yes,No,No,Medium,Near,No,No,72.6
STU04680,20,Female,22.5,87.8,72.3,74.2,7.5,Medium,High,Yes,No,Yes,High,Near,No,No,79.0
STU04681,15,Female,15.0,85.9,52.8,59.7,6.3,High,Low,Yes,No,No,Low,Moderate,No,No,63.1
STU04682,18,Female,9.4,81.6,63.7,68.1,4.8,Medium,Low,Yes,Yes,No,High,Moderate,No,No,66.3
STU04683,19,Female,32.4,90.7,67.9,99.6,5.5,Medium,Medium,Yes,No,No,High,Near,No,No,80.9
STU04684,21,Male,14.2,88.4,68.1,70.8,8.3,High,Medium,Yes,No,No,High,Moderate,No,No,70.7
STU04685,19,Female,20.2,84.0,58.0,70.8,4.4,Medium,Low,Yes,Yes,No,Medium,Far,No,No,59.8
STU04686,19,Male,7.4,85.3,64.2,65.3,4.5,High,High,Yes,No,No,Low,Far,No,No,58.4
STU04687,16,Male,5.6,91.2,51.8,66.4,8.5,High,Low,Yes,No,Yes,Medium,Moderate,No,No,62.2
STU04688,15,Male,27.0,79.1,62.2,87.1,6.4,Low,Medium,Yes,Yes,Yes,High,Moderate,No,Yes,80.7
STU04689,21,Female,18.5,73.9,64.3,69.5,6.6,High,Low,Yes,No,No,Medium,Near,No,No,62.2
STU04690,18,Male,13.2,73.7,65.0,57.3,7.9,Medium,High,No,No,Yes,Medium,Moderate,No,Yes,50.0
STU04691,16,Male,13.5,79.9,80.6,62.7,6.6,Medium,Medium,Yes,No,Yes,Medium,Moderate,No,No,66.9
STU04692,17,Female,6.7,99.8,63.4,60.0,4.6,Low,Medium,Yes,No,Yes,Medium,Moderate,No,No,57.1
STU04693,18,Male,10.5,86.3,41.3,67.8,6.0,High,High,Yes,No,No,Low,Moderate,No,No,58.3
STU04694,20,Male,18.4,78.2,31.7,75.5,7.7,High,Low,Yes,No,No,Medium,Moderate,No,No,59.5
STU04695,18,Female,15.4,87.0,62.1,62.0,7.1,High,Low,Yes,No,Yes,High,Far,No,Yes,64.8
STU04696,18,Female,21.0,74.6,67.5,82.5,9.2,Low,Medium,Yes,No,No,Low,Near,No,No,55.9
STU04697,19,Male,0.0,83.1,77.3,54.9,7.6,Medium,Medium,Yes,No,Yes,High,Near,No,No,68.8
STU04698,18,Female,16.4,80.9,54.6,78.4,5.7,Medium,Medium,Yes,No,Yes,Medium,Moderate,No,Yes,63.4
STU04699,20,Female,21.2,71.8,50.2,83.9,9.1,Medium,Medium,Yes,No,No,Medium,Near,No,Yes,66.2
STU04700,20,Male,0.0,95.9,67.4,58.4,9.2,Medium,High,Yes,Yes,No,Medium,Moderate,No,Yes,65.4
STU04701,15,Female,6.7,81.2,55.1,67.2,5.9,Medium,Medium,Yes,Yes,No,Low,Near,No,No,66.1
STU04702,18,Other,3.4,84.6,53.7,53.0,7.8,Low,Low,Yes,Yes,No,Medium,Moderate,No,No,50.5
STU04703,19,Male,25.4,92.0,59.7,100.0,8.0,Low,High,Yes,Yes,Yes,Medium,Moderate,Yes,No,68.7
STU04704,18,Male,15.6,88.5,50.0,66.7,7.5,Medium,Medium,No,No,Yes,Medium,Near,No,No,60.3
STU04705,17,Female,16.1,85.8,62.6,78.9,4.9,Medium,Medium,No,No,No,Medium,Near,No,No,66.7
STU04706,17,Female,24.1,82.6,85.0,95.9,10.0,High,Low,Yes,Yes,No,Low,Near,No,No,81.4
STU04707,19,Male,14.1,92.3,71.5,69.2,6.4,High,High,Yes,Yes,Yes,Medium,Near,No,No,76.1
STU04708,15,Female,9.8,84.9,38.3,62.9,7.5,High,Medium,Yes,No,No,Medium,Moderate,Yes,No,51.1
STU04709,15,Female,16.4,86.4,52.2,79.4,8.4,High,Medium,Yes,No,No,Medium,Moderate,No,No,69.2
STU04710,20,Female,18.4,96.1,58.8,51.8,6.4,Low,Medium,Yes,No,No,Low,Near,No,No,59.4
STU04711,20,Female,6.0,96.7,66.1,56.7,8.9,Medium,High,No,No,No,High,Moderate,No,Yes,66.6
STU04712,16,Male,27.5,87.7,65.3,87.1,7.0,Medium,High,Yes,No,No,Medium,Near,No,No,80.5
STU04713,19,Female,0.0,86.0,71.9,60.3,6.0,Medium,Medium,Yes,No,No,Medium,Moderate,No,No,59.3
STU04714,18,Female,17.6,91.6,50.6,64.6,4.9,High,Medium,Yes,No,Yes,Medium,Near,No,No,64.9
STU04715,21,Male,28.4,82.5,60.0,92.2,6.4,High,Low,Yes,No,Yes,Medium,Far,No,No,80.0
STU04716,19,Female,16.0,82.5,64.2,68.9,7.5,Low,Medium,Yes,No,Yes,Low,Moderate,No,No,67.4
STU04717,16,Female,0.0,84.4,69.9,71.9,6.5,Low,Low,Yes,No,No,Medium,Moderate,No,No,59.0
STU04718,20,Male,26.9,74.8,68.7,91.4,8.0,Medium,Medium,Yes,No,Yes,Medium,Moderate,No,No,72.3
STU04719,19,Female,11.2,100.0,69.3,89.6,9.5,Low,Medium,Yes,No,No,Medium,Far,No,No,65.6
STU04720,19,Male,21.2,81.0,70.2,71.8,6.5,High,Medium,Yes,No,No,Medium,Far,No,No,72.8
STU04721,20,Male,18.4,89.7,55.1,62.6,8.7,High,Low,Yes,No,No,Medium,Moderate,No,No,72.3
STU04722,16,Male,14.9,84.8,63.2,61.4,7.3,Medium,High,Yes,Yes,No,Medium,Near,No,No,62.0
STU04723,20,Male,0.0,91.9,51.6,36.2,7.5,High,Medium,Yes,No,Yes,High,Far,Yes,No,48.9
STU04724,15,Female,18.3,81.2,55.4,66.4,7.0,Low,Medium,Yes,No,Yes,Low,Near,No,No,54.2
STU04725,18,Male,20.9,87.2,68.1,82.5,7.6,Medium,Medium,Yes,No,No,High,Far,No,No,75.7
STU04726,20,Female,2.2,76.5,33.4,45.9,5.8,High,Medium,Yes,No,Yes,Low,Moderate,No,No,39.0
STU04727,16,Male,28.4,97.1,61.1,85.1,5.9,High,High,No,No,No,Medium,Far,No,No,76.5
STU04728,17,Female,11.9,91.6,47.9,62.9,6.1,High,Low,Yes,No,Yes,Medium,Far,No,No,66.0
STU04729,15,Female,,70.8,53.6,73.6,4.4,Low,High,No,No,Yes,Medium,Near,No,No,56.6
STU04730,17,Female,20.3,85.1,64.2,98.0,5.2,Medium,Medium,No,Yes,Yes,Medium,Moderate,No,Yes,74.9
STU04731,21,Male,15.2,71.1,54.9,65.5,6.9,Low,High,Yes,No,Yes,Medium,Near,No,No,57.7
STU04732,20,Male,15.8,77.0,69.9,78.9,6.1,High,High,Yes,No,Yes,Low,Near,No,No,74.1
STU04733,15,Male,22.9,94.2,53.8,80.7,6.9,High,Medium,Yes,No,No,Medium,Moderate,Yes,No,62.1
STU04734,18,Female,27.2,60.1,59.9,65.4,7.9,High,High,Yes,Yes,No,Low,Near,No,Yes,72.1
STU04735,20,Female,7.2,95.5,76.5,48.4,7.4,Medium,Medium,No,No,No,Medium,Moderate,No,No,62.7
STU04736,18,Female,10.2,88.8,77.5,63.8,6.8,High,Low,Yes,No,No,Low,Far,No,Yes,66.3
STU04737,19,Female,28.3,84.2,46.4,78.4,4.2,High,High,Yes,Yes,No,Low,Moderate,Yes,Yes,74.3
STU04738,17,Male,7.9,93.8,66.2,72.1,7.1,Medium,Low,Yes,No,No,Low,Near,No,No,59.3
STU04739,15,Female,15.2,100.0,78.6,48.3,6.0,Medium,Medium,No,No,Yes,Medium,Far,No,No,64.5
STU04740,18,Female,9.5,71.7,66.8,71.7,8.0,Medium,Medium,Yes,Yes,No,High,Far,No,No,68.7
STU04741,16,Female,20.9,100.0,44.5,70.8,5.8,Medium,Medium,Yes,No,Yes,High,Moderate,No,No,69.4
STU04742,18,Female,0.0,94.7,66.0,30.6,5.3,High,High,Yes,No,No,Low,Moderate,Yes,No,47.0
STU04743,16,Male,20.9,78.0,52.2,69.7,9.1,Low,Medium,Yes,Yes,Yes,Medium,Far,No,No,57.1
STU04744,20,Male,24.3,90.2,69.8,83.9,4.3,Medium,Medium,No,No,No,Medium,Near,No,No,76.1
STU04745,15,Female,20.3,73.9,58.6,70.0,9.5,Medium,Medium,Yes,No,No,Medium,Far,No,No,63.6
STU04746,18,Female,8.3,80.1,61.9,64.0,7.2,Medium,High,Yes,No,Yes,Medium,Far,No,No,54.6
STU04747,21,Male,0.0,63.9,76.2,66.6,6.5,Medium,Low,Yes,No,Yes,Low,Far,No,No,56.6
STU04748,18,Female,9.6,71.5,66.4,83.7,6.4,Medium,Low,Yes,No,No,Medium,Near,No,No,66.4
STU04749,21,Male,20.2,88.8,83.4,67.3,8.3,High,Low,Yes,No,Yes,Medium,Far,No,No,82.8
STU04750,15,Female,14.8,89.7,60.7,79.0,7.3,Medium,High,Yes,Yes,No,Low,Moderate,No,Yes,72.7
STU04751,18,Other,22.0,89.6,56.3,74.7,7.3,High,Low,No,Yes,No,Medium,Moderate,No,No,76.5
STU04752,16,Female,13.2,91.4,52.8,51.2,6.9,Medium,Medium,Yes,Yes,No,Medium,Far,No,No,59.6
STU04753,18,Female,12.8,86.2,45.6,50.9,6.3,Medium,High,Yes,Yes,No,Low,Near,No,No,48.8
STU04754,17,Male,27.8,91.8,55.7,83.5,8.9,Medium,Low,Yes,Yes,No,Medium,Near,Yes,Yes,79.2
STU04755,20,Male,9.5,95.7,64.3,72.0,6.3,Medium,High,No,Yes,Yes,Medium,Far,No,No,65.7
STU04756,19,Female,20.2,87.5,63.0,67.5,5.1,Medium,Medium,Yes,No,No,High,Far,No,No,70.0
STU04757,16,Male,21.3,80.7,44.4,74.3,7.5,Medium,High,No,No,Yes,Medium,Far,No,No,58.6
STU04758,17,Male,34.0,83.5,72.4,92.9,4.9,Medium,High,Yes,No,Yes,Medium,Near,No,No,79.1
STU04759,21,Female,28.2,76.6,53.8,58.0,9.2,Medium,Medium,Yes,Yes,No,Medium,Moderate,No,Yes,70.9
STU04760,20,Male,19.4,93.5,51.2,78.7,7.6,Medium,Medium,Yes,No,Yes,Medium,Near,No,Yes,66.8
STU04761,15,Female,20.7,68.9,51.7,82.8,4.0,Medium,Medium,Yes,Yes,Yes,Low,Moderate,No,No,63.9
STU04762,16,Female,25.1,83.4,76.4,89.4,7.6,Medium,Medium,Yes,No,Yes,Medium,Near,No,No,74.4
STU04763,19,Female,9.9,90.7,81.1,66.0,6.4,High,Medium,Yes,No,No,Medium,Moderate,No,No,69.5
STU04764,20,Female,29.1,74.8,51.6,85.5,8.9,Medium,High,No,Yes,No,Medium,Moderate,No,No,66.2
STU04765,21,Female,,71.0,55.9,69.5,6.8,Medium,Low,Yes,Yes,Yes,High,Far,No,Yes,57.4
STU04766,19,Female,20.5,62.2,65.6,85.2,6.8,Medium,High,No,No,No,Medium,Moderate,Yes,Yes,63.5
STU04767,15,Female,17.9,82.2,69.9,72.6,6.4,High,,Yes,Yes,Yes,Low,Moderate,No,No,71.8
STU04768,15,Male,8.9,73.6,78.1,68.7,6.6,Medium,Medium,Yes,No,No,Low,Near,No,Yes,62.3
STU04769,21,Female,12.0,93.8,62.5,64.4,,Medium,Medium,No,Yes,No,Low,Moderate,No,No,57.6
STU04770,16,Female,8.6,69.5,62.1,72.9,6.1,High,High,Yes,No,No,Medium,Moderate,No,No,61.0
STU04771,21,Male,16.8,90.3,53.7,67.8,5.5,High,Medium,Yes,No,Yes,Medium,Near,No,Yes,60.7
STU04772,18,Male,2.7,72.0,56.9,66.9,6.4,Low,Medium,Yes,No,Yes,High,Moderate,No,No,53.1
STU04773,15,Female,7.1,69.9,56.7,45.2,8.6,Medium,Medium,No,Yes,No,Medium,Far,No,Yes,54.1
STU04774,20,Male,11.5,73.0,47.5,66.9,9.4,High,Medium,No,No,No,High,Near,No,No,60.0
STU04775,18,Female,,95.8,52.7,78.9,7.3,Low,Low,Yes,No,Yes,Medium,Near,Yes,Yes,57.4
STU04776,17,Other,26.6,73.0,63.9,86.9,6.1,Medium,Low,Yes,No,No,High,Moderate,No,No,74.1
STU04777,19,Male,23.0,96.4,45.1,82.3,4.9,High,Medium,Yes,No,No,Medium,Far,No,No,64.2
STU04778,18,Female,14.1,87.0,69.8,72.9,,High,High,Yes,No,Yes,Medium,Near,No,No,72.1
STU04779,19,Male,29.5,79.8,63.3,86.7,5.1,Medium,Medium,Yes,No,Yes,Medium,Far,No,No,71.5
STU04780,21,Female,17.7,74.5,54.0,68.5,6.7,Medium,Medium,Yes,No,No,Medium,Far,No,No,61.8
STU04781,18,Male,20.4,100.0,55.4,79.9,6.9,Medium,High,Yes,No,Yes,Medium,Near,No,No,67.0
STU04782,21,Female,0.0,79.1,69.9,56.5,7.3,Low,Medium,Yes,No,No,Low,Near,No,No,50.6
STU04783,17,Male,7.5,79.2,71.3,51.8,7.2,Medium,Medium,Yes,No,Yes,Low,Moderate,No,No,57.7
STU04784,15,Male,23.4,99.5,59.6,85.1,4.1,High,Medium,Yes,No,No,Medium,Far,No,No,77.9
STU04785,17,Male,20.2,100.0,61.3,73.7,5.6,Low,Low,Yes,No,Yes,Medium,Moderate,No,No,70.3
STU04786,15,Male,29.4,83.6,55.9,76.6,5.6,Medium,Medium,No,No,Yes,Low,Moderate,No,No,67.1
STU04787,21,Female,28.7,96.8,58.7,95.6,6.3,Medium,High,Yes,Yes,Yes,Low,Near,No,No,79.2
STU04788,15,Male,10.8,78.9,56.5,67.4,7.2,Low,High,No,No,Yes,Medium,Moderate,No,Yes,50.2
STU04789,19,Female,24.2,100.0,78.0,89.7,5.8,Medium,Medium,Yes,No,Yes,Medium,Moderate,Yes,No,77.2
STU04790,20,Female,7.1,71.9,46.9,53.7,10.0,Medium,Low,No,No,No,Low,Near,Yes,Yes,32.7
STU04791,17,Female,2.3,75.9,62.7,67.7,8.8,Medium,Medium,Yes,Yes,Yes,Low,Moderate,No,No,56.0
STU04792,18,Female,17.6,98.1,56.6,71.1,5.4,Medium,Low,No,No,Yes,Low,Near,No,No,61.6
STU04793,17,Female,21.1,82.1,50.4,82.6,9.0,High,Low,Yes,Yes,No,Low,Moderate,Yes,No,61.0
STU04794,19,Male,17.7,98.7,47.9,63.7,9.5,Medium,Medium,No,No,No,High,Near,No,Yes,60.2
STU04795,15,Male,22.6,80.3,54.3,83.8,5.1,High,Low,Yes,No,No,Low,Near,No,No,70.8
STU04796,19,Female,10.3,91.6,49.5,69.1,5.2,Low,Low,Yes,No,Yes,Medium,Far,No,No,54.3
STU04797,16,Female,23.2,78.1,56.8,76.0,7.2,Medium,Medium,No,No,No,Medium,Near,No,No,59.8
STU04798,16,Other,10.8,84.2,63.2,53.6,8.6,Medium,Medium,Yes,No,No,High,Moderate,No,No,57.8
STU04799,18,Male,34.1,72.2,50.0,97.7,7.5,Medium,Medium,Yes,No,Yes,Low,Near,No,No,69.9
STU04800,19,Male,21.8,84.5,49.6,87.3,4.4,Medium,Low,No,No,No,Low,Near,No,No,62.2
STU04801,21,Male,27.6,76.2,43.6,72.0,5.8,Medium,Medium,Yes,No,Yes,Low,Near,No,No,57.3
STU04802,18,Female,5.0,100.0,67.5,56.9,6.1,Medium,,No,No,No,Low,Near,No,No,56.9
STU04803,21,Female,11.6,81.8,73.6,69.9,8.3,Medium,Medium,Yes,No,Yes,Medium,Near,No,No,67.6
STU04804,18,Male,14.3,73.0,45.8,57.4,4.9,High,High,Yes,Yes,No,Low,Far,No,Yes,57.9
STU04805,16,Female,5.7,91.9,85.9,72.4,5.1,Low,High,Yes,No,No,Low,Near,No,No,63.2
STU04806,18,Female,27.9,72.9,48.9,93.8,7.1,High,Medium,Yes,No,No,High,Near,No,No,81.6
STU04807,16,Female,15.5,93.8,61.4,75.8,7.0,High,High,Yes,Yes,No,Medium,Far,Yes,No,71.0
STU04808,15,Male,2.9,79.4,67.3,57.7,8.4,Low,Low,Yes,Yes,No,Low,Near,No,No,51.7
STU04809,21,Female,11.0,84.6,62.3,57.4,,Medium,Low,Yes,No,No,Low,Moderate,No,Yes,58.7
STU04810,19,Female,6.0,83.1,58.3,54.6,8.6,Medium,Medium,Yes,No,No,Low,Near,No,No,44.1
STU04811,18,Female,21.0,82.5,73.0,60.5,8.4,High,Low,Yes,Yes,Yes,High,Near,No,No,81.0
STU04812,16,Female,19.9,85.6,63.3,67.7,6.8,Medium,Medium,No,No,Yes,High,Moderate,No,No,62.2
STU04813,17,Male,20.2,78.4,70.3,78.9,,Medium,Medium,Yes,No,No,High,Far,Yes,No,66.5
STU04814,21,Male,22.8,74.1,57.6,79.6,9.5,Medium,Low,Yes,No,No,High,Near,No,No,71.9
STU04815,18,Female,32.6,85.4,49.4,84.1,7.7,High,Low,No,No,Yes,Medium,Moderate,Yes,No,61.0
STU04816,20,Male,,81.0,49.7,87.4,6.6,Medium,Medium,Yes,Yes,No,Low,Near,No,Yes,68.1
STU04817,15,Female,11.4,72.2,47.4,70.1,5.5,Medium,Low,Yes,No,No,Medium,Near,No,No,53.5
STU04818,15,Female,32.0,91.1,56.6,80.0,9.0,High,Medium,Yes,Yes,No,Medium,Far,No,No,85.3
STU04819,17,Female,13.4,84.8,62.8,81.4,6.0,High,High,Yes,No,Yes,High,Near,No,No,77.8
STU04820,16,Male,15.8,74.1,57.8,68.6,6.2,High,Medium,No,No,Yes,Medium,Far,No,No,61.3
STU04821,18,Male,15.6,82.6,55.6,70.8,5.9,Medium,Medium,Yes,No,No,Medium,Near,No,No,57.6
STU04822,21,Female,20.3,83.6,46.0,72.4,6.4,High,Medium,Yes,Yes,Yes,High,Far,No,No,73.1
STU04823,16,Male,0.1,74.7,61.8,52.2,7.6,High,Medium,Yes,No,Yes,Low,Moderate,No,No,55.2
STU04824,15,Female,15.2,100.0,57.6,49.0,6.2,Low,Medium,Yes,No,Yes,High,Far,No,No,62.6
STU04825,16,Female,17.4,84.9,53.7,67.7,6.9,Medium,Medium,Yes,No,No,Low,Near,No,No,63.3
STU04826,15,Male,1.5,82.8,51.0,43.7,5.9,Medium,High,Yes,No,Yes,Medium,Moderate,No,Yes,47.5
STU04827,16,Female,1.4,100.0,61.2,54.7,7.7,Medium,High,Yes,No,No,Low,Moderate,No,No,53.2
STU04828,17,Male,8.4,89.6,57.9,59.2,6.8,High,Medium,No,No,No,Medium,Moderate,No,No,58.9
STU04829,19,Male,9.1,97.1,74.1,51.8,5.2,High,Medium,No,Yes,No,Medium,Far,No,No,69.7
STU04830,17,Other,15.3,85.9,50.1,61.7,6.8,High,Medium,Yes,No,No,Medium,Moderate,No,No,68.7
STU04831,17,Other,13.9,85.6,33.3,62.1,7.3,Low,Low,Yes,No,No,High,Far,No,No,47.9
STU04832,19,Female,24.4,76.4,44.2,82.9,6.4,High,High,Yes,No,No,Medium,Near,No,No,69.4
STU04833,19,Female,12.0,91.7,74.6,70.2,4.0,High,Low,Yes,No,No,Medium,Moderate,No,No,73.6
STU04834,18,Female,12.1,100.0,71.2,53.4,8.9,Medium,Low,Yes,No,No,Low,Far,No,No,71.1
STU04835,21,Male,23.0,100.0,67.3,88.7,5.5,High,Medium,No,Yes,No,High,Near,No,Yes,88.7
STU04836,21,Male,0.0,72.9,70.3,54.4,7.9,High,Medium,No,No,Yes,Low,Moderate,No,Yes,54.2
STU04837,18,Female,29.2,100.0,73.2,81.4,6.4,High,Medium,No,No,Yes,Low,Far,No,Yes,72.2
STU04838,17,Male,2.8,76.7,49.8,48.7,6.9,Low,Medium,Yes,Yes,Yes,Low,Moderate,No,No,41.4
STU04839,17,Female,23.2,75.6,66.2,81.4,6.7,Medium,High,Yes,No,Yes,Medium,Near,Yes,Yes,66.9
STU04840,15,Female,21.8,76.1,46.9,84.2,8.5,High,Medium,Yes,No,No,High,Near,No,Yes,68.2
STU04841,15,Female,27.5,81.1,63.2,99.4,7.3,Medium,Medium,No,Yes,No,Low,Far,No,No,74.3
STU04842,21,Female,9.3,65.7,81.2,63.3,7.2,Low,Medium,Yes,No,No,Medium,Far,No,No,54.3
STU04843,18,Male,15.3,85.5,54.6,82.2,5.2,Medium,Medium,Yes,No,No,High,Far,No,No,66.7
STU04844,20,Male,5.8,82.4,46.1,68.0,9.2,Medium,Medium,Yes,No,Yes,Medium,Moderate,No,No,51.8
STU04845,20,Female,14.5,85.4,52.7,77.3,4.7,Medium,Medium,Yes,Yes,No,Medium,Moderate,No,No,56.7
STU04846,18,Female,14.2,80.0,55.2,68.9,9.0,High,Low,No,No,Yes,Low,Near,No,No,69.4
STU04847,15,Female,27.4,69.1,64.1,85.2,4.3,Medium,Medium,Yes,No,Yes,Medium,Near,No,No,73.5
STU04848,21,Female,19.3,82.4,70.8,81.7,9.7,Medium,Medium,Yes,No,Yes,Low,Near,No,No,71.3
STU04849,21,Male,14.7,97.2,53.7,64.9,7.6,High,Medium,Yes,Yes,No,High,Near,No,No,75.7
STU04850,15,Female,14.6,74.9,77.7,84.7,6.2,High,Medium,Yes,No,Yes,Medium,Far,No,No,75.4
STU04851,20,Female,11.3,76.2,70.7,71.6,4.9,High,High,Yes,No,No,Medium,Far,No,Yes,69.1
STU04852,16,Male,13.1,89.5,56.4,52.1,7.0,Medium,,Yes,No,No,Low,Moderate,No,No,59.7
STU04853,16,Male,15.7,72.6,50.2,62.9,7.7,High,Low,Yes,No,Yes,Low,Far,Yes,No,50.0
STU04854,15,Female,30.5,87.3,63.9,94.4,7.1,Medium,Low,Yes,Yes,Yes,Low,Far,No,No,83.5
STU04855,16,Female,18.2,89.4,48.2,86.1,6.4,Medium,Low,No,No,No,Medium,Moderate,No,No,61.9
STU04856,19,Male,6.7,79.4,41.8,72.7,5.9,High,Medium,Yes,Yes,No,Low,Moderate,No,No,61.6
STU04857,18,Female,35.9,77.5,84.7,94.3,8.8,Medium,Medium,Yes,No,No,Medium,Near,Yes,No,86.9
STU04858,18,Male,23.3,70.9,40.8,80.0,6.5,Medium,Medium,Yes,No,No,Low,Moderate,No,No,52.2
STU04859,15,Male,22.8,77.1,70.1,80.3,7.6,High,High,Yes,No,Yes,Medium,Near,No,No,81.1
STU04860,17,Female,13.3,90.7,71.4,79.0,7.8,Medium,High,Yes,No,Yes,Low,Near,No,No,70.5
STU04861,20,Female,21.4,93.4,46.9,66.5,5.1,Medium,Medium,Yes,No,No,Low,Far,No,No,62.9
STU04862,15,Female,17.4,85.6,84.4,79.1,6.8,Low,Medium,Yes,Yes,Yes,Medium,Near,Yes,No,71.2
STU04863,16,Male,4.1,78.9,55.7,73.1,9.0,Medium,Medium,Yes,No,No,Medium,Near,No,No,54.7
STU04864,20,Male,18.6,85.7,64.3,81.2,7.4,Medium,Low,Yes,No,No,Medium,Moderate,Yes,No,65.0
STU04865,17,Male,5.0,76.8,50.5,52.6,7.7,Medium,High,Yes,No,Yes,Low,Moderate,No,Yes,43.8
STU04866,16,Male,17.4,86.8,35.1,74.2,6.4,Low,Medium,Yes,Yes,Yes,Medium,Near,No,No,54.1
STU04867,21,Male,18.1,92.5,56.3,82.5,8.6,Low,High,Yes,No,Yes,Medium,Near,No,Yes,65.4
STU04868,19,Male,7.7,80.3,78.5,52.9,9.9,Medium,Medium,No,Yes,No,Medium,Far,No,No,64.6
STU04869,16,Male,15.9,77.0,29.6,62.6,5.8,High,Low,Yes,No,Yes,Medium,Near,No,Yes,52.4
STU04870,19,Male,19.8,80.1,63.9,46.2,8.2,Medium,Medium,Yes,No,No,Medium,Far,No,Yes,68.6
STU04871,20,Female,10.9,95.9,69.8,77.5,4.9,Medium,Medium,Yes,No,Yes,Low,Moderate,No,No,64.7
STU04872,19,Male,18.7,100.0,57.5,80.0,7.9,Medium,Medium,Yes,No,No,High,Moderate,Yes,No,71.5
STU04873,20,Male,25.2,91.5,75.6,87.4,7.7,Medium,Medium,Yes,No,No,Medium,Near,No,No,76.0
STU04874,20,Female,21.7,84.3,65.5,71.9,5.3,High,Medium,Yes,Yes,No,Low,Moderate,Yes,No,70.9
STU04875,20,Male,12.5,75.3,58.8,51.6,8.4,High,Medium,Yes,Yes,No,Medium,Far,No,No,66.1
STU04876,20,Female,26.6,74.6,54.9,74.3,5.5,Medium,Medium,Yes,No,No,Low,Near,No,No,61.8
STU04877,20,Male,21.0,89.3,49.8,65.5,9.9,Medium,Medium,Yes,No,Yes,High,Near,No,No,66.1
STU04878,16,Male,13.6,77.2,51.0,80.2,,Medium,Medium,Yes,Yes,Yes,Medium,Near,No,No,66.1
STU04879,20,Male,10.1,95.2,55.1,41.3,6.8,Medium,High,Yes,Yes,No,Low,Moderate,No,No,60.1
STU04880,16,Male,19.9,79.0,58.9,74.7,6.0,Low,Medium,Yes,Yes,No,Low,Moderate,No,Yes,64.2
STU04881,20,Female,23.7,99.2,61.6,78.4,7.9,Medium,Medium,No,No,No,Low,Near,No,Yes,67.0
STU04882,19,Female,24.1,80.9,52.5,90.7,7.5,Medium,Medium,No,Yes,Yes,Medium,Near,No,No,78.3
STU04883,21,Male,19.9,96.3,49.4,62.0,7.2,Medium,High,Yes,No,No,Medium,Moderate,No,No,70.1
STU04884,20,Male,12.3,91.7,49.5,47.3,5.9,High,Medium,No,No,No,Low,Far,No,No,54.1
STU04885,17,Female,19.5,93.5,77.6,100.0,6.6,Medium,Low,Yes,Yes,Yes,Low,Moderate,No,No,85.1
STU04886,20,Male,8.1,84.3,65.5,63.9,5.9,Medium,Medium,No,No,Yes,Medium,Near,No,No,54.4
STU04887,20,Female,17.3,78.4,53.0,59.0,4.4,Medium,Medium,Yes,No,No,Low,Near,No,Yes,48.6
STU04888,19,Male,29.4,95.1,51.2,91.6,6.8,Medium,Low,Yes,No,No,Medium,Moderate,No,No,76.8
STU04889,18,Female,6.9,100.0,61.3,43.1,5.3,Medium,Medium,Yes,No,Yes,Medium,Near,No,No,62.2
STU04890,19,Male,10.6,75.0,62.4,63.9,10.0,Medium,High,Yes,No,Yes,Medium,Moderate,No,Yes,56.2
STU04891,17,Male,22.6,89.8,70.1,95.2,9.8,High,Medium,Yes,No,No,High,Moderate,No,No,85.0
STU04892,18,Female,8.0,89.7,58.0,47.5,7.5,High,High,Yes,Yes,No,High,Near,No,No,66.1
STU04893,15,Female,,86.7,64.1,87.1,4.3,Low,Medium,Yes,No,No,Medium,Moderate,No,Yes,61.0
STU04894,15,Female,22.8,99.3,67.3,74.3,7.7,Low,Medium,Yes,No,Yes,Medium,Moderate,No,Yes,68.8
STU04895,17,Female,23.1,77.2,69.6,67.4,6.7,Medium,Medium,No,No,Yes,High,Moderate,No,No,69.9
STU04896,19,Female,24.1,96.0,62.5,68.1,8.7,Medium,High,Yes,Yes,No,Low,Far,Yes,No,71.1
STU04897,16,Male,4.7,82.2,40.9,53.7,8.5,Medium,Low,No,No,No,Low,Moderate,Yes,Yes,35.4
STU04898,17,Female,6.3,61.6,74.9,64.8,5.9,Medium,Low,Yes,No,No,Low,Moderate,Yes,Yes,50.8
STU04899,21,Male,25.6,70.4,36.1,78.5,6.5,High,Low,Yes,No,Yes,Medium,Moderate,No,Yes,59.3
STU04900,18,Female,12.5,85.4,77.5,54.3,6.3,Medium,High,Yes,Yes,No,Medium,Near,No,No,75.8
STU04901,18,Other,14.4,97.2,67.1,66.7,6.4,Medium,Medium,Yes,No,No,Medium,Near,No,No,74.7
STU04902,20,Male,20.7,95.8,77.3,53.5,4.6,Medium,Low,Yes,No,No,Medium,Far,No,No,77.5
STU04903,15,Male,16.2,86.1,41.6,53.7,7.6,High,High,No,Yes,Yes,Medium,Far,No,No,66.9
STU04904,18,Male,23.6,73.5,67.7,88.8,7.1,Medium,Medium,Yes,No,No,Low,Moderate,No,No,73.0
STU04905,17,Male,19.6,72.9,65.6,63.4,6.5,Low,High,Yes,No,No,Medium,Moderate,No,No,59.8
STU04906,18,Female,13.4,89.2,57.4,76.9,7.4,Medium,Medium,No,No,Yes,Low,Near,No,No,63.6
STU04907,17,Male,14.2,84.6,56.4,90.7,,High,Medium,Yes,Yes,No,Low,Moderate,No,No,74.0
STU04908,16,Male,17.1,94.7,54.3,72.4,8.7,High,Low,Yes,No,No,High,Far,No,No,78.9
STU04909,20,Female,18.1,81.7,51.8,74.1,8.3,Medium,Low,Yes,No,No,High,Far,No,No,67.9
STU04910,15,Female,21.4,77.3,48.3,83.1,8.5,Low,Medium,Yes,Yes,Yes,High,Near,No,No,64.4
STU04911,18,Female,16.3,82.2,71.3,70.3,5.7,Medium,Medium,Yes,No,Yes,Medium,Near,No,No,65.0
STU04912,17,Female,14.3,84.9,46.1,78.4,5.3,High,Medium,Yes,No,Yes,Medium,Moderate,Yes,No,57.6
STU04913,19,Female,13.6,64.7,48.5,71.3,8.4,High,High,Yes,No,No,Medium,Moderate,No,No,59.5
STU04914,15,Other,11.5,89.7,68.2,66.1,9.6,Medium,High,Yes,Yes,Yes,Medium,Near,No,No,70.9
STU04915,16,Female,27.8,86.4,41.1,81.4,8.3,High,Medium,Yes,Yes,Yes,Medium,Moderate,No,No,75.9
STU04916,17,Female,8.0,94.5,49.0,79.8,7.5,High,Low,Yes,No,Yes,Medium,Near,No,Yes,66.9
STU04917,21,Male,4.9,92.8,43.3,41.4,7.0,Medium,Low,Yes,No,No,Medium,Moderate,No,No,58.3
STU04918,21,Male,22.1,95.8,76.1,95.9,10.0,Medium,Medium,No,No,Yes,Medium,Moderate,No,No,79.4
STU04919,20,Female,18.9,100.0,61.3,76.9,8.2,Medium,High,Yes,No,Yes,Low,Far,No,No,71.5
STU04920,20,Female,31.5,86.4,47.6,82.3,6.7,Medium,Medium,Yes,No,No,Medium,Far,No,No,67.8
STU04921,16,Female,14.3,62.9,53.3,58.7,10.0,Medium,Medium,Yes,Yes,No,Medium,Moderate,No,No,48.9
STU04922,16,Other,14.8,93.6,72.6,65.9,9.6,Medium,Low,Yes,No,No,Low,Moderate,No,Yes,78.0
STU04923,20,Female,8.4,97.0,66.2,70.2,4.9,Medium,Medium,Yes,Yes,Yes,High,Moderate,No,No,69.2
STU04924,18,Female,15.8,82.7,60.5,76.7,5.2,Low,Medium,Yes,No,No,Low,Far,No,No,51.4
STU04925,18,Female,1.1,64.8,55.6,50.3,6.7,High,Low,Yes,No,Yes,Medium,Near,No,Yes,52.1
STU04926,17,Female,0.0,95.4,52.4,40.5,8.9,Low,Medium,Yes,No,No,Low,Far,Yes,No,38.2
STU04927,19,Male,10.7,84.8,72.4,46.9,6.1,High,Low,Yes,No,Yes,High,Near,No,Yes,71.5
STU04928,17,Male,15.5,71.7,78.1,67.5,5.5,High,Low,Yes,No,Yes,Medium,Near,No,No,66.3
STU04929,19,Female,10.3,82.3,75.5,63.8,8.2,Medium,Low,Yes,No,Yes,Medium,Moderate,Yes,No,47.4
STU04930,16,Male,10.4,85.0,49.5,76.6,4.1,Medium,High,Yes,No,No,High,Moderate,No,No,63.5
STU04931,15,Female,2.9,82.3,60.4,34.5,6.5,Low,Medium,Yes,Yes,Yes,Medium,Near,Yes,No,49.8
STU04932,17,Male,20.1,79.9,79.1,83.8,5.4,Low,Medium,Yes,Yes,No,Low,Moderate,No,No,76.9
STU04933,17,Female,9.3,94.5,49.4,68.6,7.0,Medium,Low,No,Yes,Yes,Low,Far,No,No,57.8
STU04934,19,Female,28.3,98.5,38.0,77.7,5.6,Medium,Medium,Yes,Yes,Yes,Medium,Near,No,No,64.6
STU04935,16,Female,14.4,100.0,70.1,51.3,6.8,High,Low,Yes,No,No,Medium,Moderate,No,No,75.5
STU04936,16,Male,6.6,75.0,49.8,59.9,7.6,Medium,High,No,Yes,No,Low,Near,No,No,52.6
STU04937,21,Female,0.0,98.0,47.5,65.6,7.2,High,,Yes,No,Yes,Low,Moderate,No,No,59.4
STU04938,19,Female,5.2,86.9,53.8,35.5,6.2,Medium,High,Yes,No,Yes,Low,Moderate,No,No,48.0
STU04939,16,Male,14.5,88.8,77.6,87.0,6.5,Low,Medium,Yes,Yes,No,Medium,Near,No,No,70.5
STU04940,20,Female,0.0,97.1,62.0,68.7,10.0,Low,Medium,Yes,No,Yes,Low,Far,No,No,52.1
STU04941,18,Male,8.7,84.5,46.9,62.5,8.3,Medium,Medium,Yes,No,No,Low,Moderate,No,No,52.6
STU04942,21,Male,10.7,83.2,54.6,50.4,6.7,Low,Low,Yes,No,No,Medium,Far,No,No,47.7
STU04943,20,Male,9.1,78.1,82.6,69.2,7.3,Medium,High,Yes,Yes,Yes,Medium,Moderate,Yes,No,67.1
STU04944,15,Female,10.3,73.3,41.6,43.2,7.7,Medium,Medium,Yes,No,Yes,Medium,Far,No,No,49.3
STU04945,17,Female,11.3,78.7,54.2,52.0,5.9,Medium,Medium,Yes,No,No,Medium,Near,No,No,51.8
STU04946,21,Female,8.7,86.7,58.8,67.6,7.0,Medium,Medium,Yes,No,No,Medium,Near,No,Yes,67.2
STU04947,15,Male,26.8,84.5,62.3,84.7,5.4,High,Low,Yes,Yes,Yes,Medium,Moderate,No,Yes,75.8
STU04948,17,Male,10.1,81.2,50.0,52.6,5.5,Medium,Low,Yes,No,No,High,Far,Yes,No,40.7
STU04949,18,Female,0.0,81.5,74.9,57.7,8.3,High,Medium,Yes,No,No,Low,Near,No,Yes,64.2
STU04950,16,Female,1.9,95.5,59.7,56.4,8.5,Low,Low,Yes,Yes,No,Medium,Far,No,No,51.2
STU04951,20,Female,19.8,86.8,66.5,68.6,8.7,Medium,Medium,No,No,No,Medium,Near,No,No,67.6
STU04952,19,Male,18.6,75.1,73.4,68.8,6.9,Medium,Medium,Yes,Yes,No,Low,Near,No,No,74.9
STU04953,20,Male,10.8,85.6,65.8,60.9,6.3,Medium,Medium,No,No,Yes,Medium,Near,Yes,No,50.8
STU04954,18,Female,3.7,91.2,50.3,27.8,7.0,High,Medium,Yes,No,No,Low,Moderate,No,No,55.6
STU04955,15,Female,20.7,94.6,63.0,83.7,4.3,Low,Medium,Yes,No,No,Medium,Far,No,No,59.8
STU04956,19,Male,2.3,90.6,47.1,58.8,9.1,Low,High,Yes,No,Yes,Medium,Near,No,No,47.8
STU04957,16,Male,18.0,93.5,82.7,67.1,4.0,Low,High,Yes,No,Yes,Low,Moderate,No,No,54.7
STU04958,18,Female,11.6,90.1,49.7,64.4,8.5,Low,Low,Yes,No,No,Medium,Near,No,No,52.4
STU04959,19,Male,19.0,64.9,63.1,69.7,5.5,Low,High,Yes,Yes,No,Medium,Moderate,No,No,60.3
STU04960,18,Female,10.9,83.4,46.3,75.1,7.0,Medium,High,Yes,Yes,Yes,Medium,Near,No,No,63.0
STU04961,18,Male,26.7,84.1,56.5,75.0,5.7,Low,Medium,Yes,No,No,Medium,Moderate,No,No,64.0
STU04962,16,Male,0.2,100.0,54.1,56.9,5.7,Low,Medium,No,No,Yes,Low,Moderate,No,No,51.9
STU04963,21,Other,19.6,92.6,71.8,69.2,4.0,Medium,High,Yes,No,No,Medium,Moderate,No,No,74.7
STU04964,17,Male,12.2,82.1,74.3,70.9,5.1,Medium,Medium,Yes,No,Yes,High,Near,Yes,No,58.0
STU04965,19,Female,9.4,77.3,44.7,56.9,8.4,Low,Medium,Yes,No,No,Low,Near,No,Yes,45.8
STU04966,16,Female,25.0,81.6,51.1,77.4,5.2,High,,Yes,No,Yes,Medium,Moderate,No,Yes,66.6
STU04967,18,Male,6.9,76.9,63.7,46.9,5.1,Medium,Low,Yes,No,No,Medium,Far,No,Yes,58.8
STU04968,16,Male,16.9,100.0,69.3,74.3,6.8,Medium,Medium,Yes,Yes,No,Medium,Far,No,No,78.8
STU04969,21,Female,16.0,84.8,73.7,64.9,4.0,High,Low,No,No,No,Low,Far,No,No,64.6
STU04970,17,Female,5.2,93.2,63.1,63.3,6.5,High,Low,No,Yes,Yes,Medium,Far,No,No,73.1
STU04971,20,Male,21.6,90.2,84.7,89.5,7.4,Low,High,No,Yes,No,Medium,Moderate,No,No,83.8
STU04972,19,Male,31.2,91.6,68.9,89.0,7.6,Low,Medium,Yes,No,No,High,Near,No,No,79.2
STU04973,17,Female,28.0,76.2,38.9,70.1,5.4,High,Medium,Yes,No,Yes,Low,Near,No,No,61.1
STU04974,15,Female,18.2,98.4,40.7,64.8,8.8,Medium,Medium,Yes,Yes,Yes,High,Moderate,No,Yes,69.3
STU04975,19,Female,13.2,84.1,45.0,75.8,8.5,Medium,Low,Yes,No,Yes,Medium,Moderate,No,No,57.6
STU04976,17,Male,21.5,100.0,67.1,80.3,4.4,Medium,Medium,Yes,No,Yes,Low,Far,No,No,65.7
STU04977,18,Female,22.7,89.3,36.8,68.6,8.1,Medium,High,Yes,No,No,Medium,Near,Yes,No,52.2
STU04978,19,Female,15.7,100.0,59.8,83.4,7.2,High,,Yes,Yes,Yes,Medium,Moderate,No,Yes,81.5
STU04979,19,Female,0.0,91.0,56.1,60.1,7.8,Medium,High,Yes,No,No,Low,Moderate,No,No,54.6
STU04980,16,Female,2.5,83.1,42.5,62.9,6.1,High,High,No,No,Yes,Low,Moderate,No,No,42.1
STU04981,18,Female,18.7,99.1,75.3,69.3,5.1,Medium,High,Yes,No,No,High,Near,No,No,74.1
STU04982,15,Female,17.6,86.4,51.2,95.3,6.8,Medium,Medium,Yes,No,No,High,Moderate,No,No,67.3
STU04983,20,Female,11.3,90.4,70.3,63.1,7.6,Low,Low,Yes,No,No,Medium,Near,No,No,68.2
STU04984,21,Male,17.2,85.9,41.0,76.9,7.6,High,High,Yes,No,No,Low,Far,No,No,63.7
STU04985,17,Male,3.3,79.6,53.7,55.8,7.5,High,High,Yes,No,No,Medium,Far,No,No,60.2
STU04986,16,Male,13.6,83.4,50.1,45.5,5.4,High,Medium,No,No,No,Medium,Near,No,Yes,51.4
STU04987,17,Male,12.3,92.1,70.9,60.0,9.1,Low,Low,Yes,No,No,Low,Near,No,No,61.4
STU04988,15,Male,0.0,94.7,55.6,54.2,8.8,Medium,Low,Yes,No,No,High,Moderate,No,No,53.4
STU04989,15,Female,15.7,64.8,72.2,78.9,7.4,High,Medium,Yes,Yes,No,Low,Moderate,No,No,74.9
STU04990,19,Male,2.8,88.2,45.0,33.5,,High,Medium,Yes,No,Yes,Medium,Near,No,No,44.4
STU04991,21,Female,22.0,84.2,55.3,73.2,7.4,High,,Yes,Yes,Yes,Medium,Far,No,No,77.8
STU04992,15,Female,17.7,71.3,67.1,82.3,6.4,Medium,High,Yes,No,No,Medium,Moderate,No,No,57.2
STU04993,17,Male,9.7,93.6,49.9,51.2,6.5,High,Medium,Yes,No,No,Low,Near,No,No,69.2
STU04994,18,Female,6.9,100.0,65.0,59.6,8.0,Medium,Medium,No,Yes,No,Medium,Moderate,No,Yes,68.2
STU04995,18,Female,3.9,99.8,60.7,53.7,6.4,Medium,Medium,No,Yes,No,High,Near,No,Yes,61.1
STU04996,19,Male,11.2,61.7,57.3,62.1,9.1,High,Medium,Yes,No,Yes,Medium,Near,No,Yes,64.0
STU04997,20,Male,21.2,88.2,53.3,65.1,7.9,Low,High,Yes,No,No,Medium,Moderate,No,Yes,62.5
STU04998,17,Male,12.3,78.5,70.6,71.4,8.5,High,Low,Yes,Yes,Yes,Low,Near,No,No,70.2
STU04999,17,Female,13.6,80.5,53.0,61.3,5.7,Medium,Medium,Yes,No,No,High,Moderate,No,No,58.0
STU05000,15,Male,6.2,82.5,59.4,54.4,6.1,Medium,Medium,Yes,Yes,Yes,High,Far,No,No,56.4
